----------------------- Drop Existing Tables --------------------------------

DROP TABLE IF EXISTS "rating" CASCADE;
DROP TABLE IF EXISTS "star_category"  CASCADE;
DROP TABLE IF EXISTS "star_post" CASCADE;
DROP TABLE IF EXISTS "category_glory" CASCADE;
DROP TABLE IF EXISTS "post_category" CASCADE;
DROP TABLE IF EXISTS "category" CASCADE;
DROP TABLE IF EXISTS "user_notification" CASCADE;
DROP TABLE IF EXISTS "notification" CASCADE;
DROP TABLE IF EXISTS "contest" CASCADE;
DROP TABLE IF EXISTS "report" CASCADE;
DROP TABLE IF EXISTS "report_file" CASCADE;
DROP TABLE IF EXISTS "reply" CASCADE;
DROP TABLE IF EXISTS "thread" CASCADE;
DROP TABLE IF EXISTS "comment" CASCADE;
DROP TABLE IF EXISTS "post" CASCADE;
DROP TABLE IF EXISTS "content" CASCADE;
DROP TABLE IF EXISTS "user" CASCADE;


----------------------- Drop Existing Types --------------------------------

DROP TYPE IF EXISTS ROLES;
DROP TYPE IF EXISTS MOTIVES; 
DROP TYPE IF EXISTS RATINGS;
DROP TYPE IF EXISTS REASONS;


----------------------- Drop Existing Triggers --------------------------------

DROP TRIGGER IF EXISTS add_vote ON rating;
DROP TRIGGER IF EXISTS rem_vote ON rating;
DROP TRIGGER IF EXISTS update_vote ON rating;

DROP TRIGGER IF EXISTS add_category_post ON post_category;
DROP TRIGGER IF EXISTS rem_category_post ON post_category;
DROP TRIGGER IF EXISTS create_cat_glory ON post_category;

DROP TRIGGER IF EXISTS block_add_vote ON rating;
DROP TRIGGER IF EXISTS block_rem_vote ON rating;
DROP TRIGGER IF EXISTS block_update_vote ON rating;

----------------------- Drop Existing Functions --------------------------------

DROP FUNCTION IF EXISTS add_vote();
DROP FUNCTION IF EXISTS rem_vote();
DROP FUNCTION IF EXISTS update_vote();

DROP FUNCTION IF EXISTS add_category_post();
DROP FUNCTION IF EXISTS rem_category_post();
DROP FUNCTION IF EXISTS create_cat_glory();

DROP FUNCTION IF EXISTS block_add_vote();
DROP FUNCTION IF EXISTS block_rem_vote();

-------------------------------- Types --------------------------------

CREATE TYPE ROLES as ENUM ('Member', 'Blocked', 'Moderator', 'Administrator');
CREATE TYPE MOTIVES as ENUM ('Block', 'New Comment', 'Rating', 'Content Deleted', 'Community Post');
CREATE TYPE RATINGS as ENUM ('upvote', 'downvote');
CREATE TYPE REASONS as ENUM ('Offensive', 'Spam', 'Harassment', 'Sexually Explicit', 'Violent', 'Terrorism', 'Repulsive', 'Harmful', 'Wrong Category');

-------------------------------- Tables --------------------------------

CREATE TABLE "user" (
    id SERIAL PRIMARY KEY,
    username TEXT NOT NULL CONSTRAINT USERNAME_UK UNIQUE,
    email TEXT NOT NULL CONSTRAINT EMAIL_UK UNIQUE,
    password TEXT NOT NULL,
    bio TEXT,
    glory INTEGER NOT NULL DEFAULT 0,
    role ROLES NOT NULL DEFAULT 'Member',
    photo TEXT NOT NULL DEFAULT 'default_picture.png',
    release_date TIMESTAMP CONSTRAINT INVALID_RELEASE_DATE CHECK (release_date > CURRENT_TIMESTAMP OR release_date IS NULL)
);

CREATE TABLE "content" (
    id SERIAL PRIMARY KEY,
    author INTEGER REFERENCES "user" (id) ON UPDATE CASCADE ON DELETE SET NULL,
    body TEXT NOT NULL,
    visible BOOLEAN NOT NULL DEFAULT TRUE, 
    tracking BOOLEAN NOT NULL DEFAULT TRUE, 
    creation_time TIMESTAMP NOT NULL DEFAULT CURRENT_TIMESTAMP, 
    upvotes INTEGER NOT NULL DEFAULT 0 CONSTRAINT NEGATIVE_UPVOTE CHECK (upvotes >= 0),
    downvotes INTEGER NOT NULL DEFAULT 0 CONSTRAINT NEGATIVE_DOWNVOTE CHECK (downvotes >= 0)
);

CREATE TABLE "post" (
    id INTEGER PRIMARY KEY REFERENCES "content" (id) ON UPDATE CASCADE ON DELETE CASCADE,
    title TEXT NOT NULL,
    num_comments INTEGER NOT NULL DEFAULT 0 CONSTRAINT NEGATIVE_COMMENTS CHECK (num_comments >= 0)
);

CREATE TABLE "comment" (
    id INTEGER PRIMARY KEY REFERENCES "content" (id) ON UPDATE CASCADE ON DELETE CASCADE
);

CREATE TABLE "thread" (
    id SERIAL PRIMARY KEY,
    post INTEGER NOT NULL REFERENCES "post" (id) ON UPDATE CASCADE ON DELETE CASCADE, 
    main_comment INTEGER NOT NULL REFERENCES "comment" (id) ON UPDATE CASCADE ON DELETE CASCADE CONSTRAINT ONE_MAIN_COMMENT UNIQUE
);

CREATE TABLE "reply" (
    comment INTEGER PRIMARY KEY NOT NULL REFERENCES "comment" (id) ON UPDATE CASCADE ON DELETE CASCADE,
    thread INTEGER NOT NULL REFERENCES "thread" (id) ON UPDATE CASCADE ON DELETE CASCADE
);

CREATE TABLE "report_file" (
    id SERIAL PRIMARY KEY,
    content INTEGER NOT NULL REFERENCES "content" (id) ON UPDATE CASCADE ON DELETE CASCADE,
    reviewer INTEGER REFERENCES "user" (id) ON UPDATE CASCADE ON DELETE SET NULL,
    sorted BOOLEAN NOT NULL DEFAULT FALSE
);

CREATE TABLE "report" (
    id SERIAL PRIMARY KEY,
    "file" INTEGER NOT NULL REFERENCES "report_file" (id) ON UPDATE CASCADE ON DELETE CASCADE,
    author INTEGER REFERENCES "user" (id) ON UPDATE CASCADE ON DELETE SET NULL,
    reason REASONS NOT NULL, 
    time DATE NOT NULL DEFAULT CURRENT_DATE
);

CREATE TABLE "contest" (
    id SERIAL PRIMARY KEY,
    report INTEGER NOT NULL REFERENCES "report_file" (id) ON UPDATE CASCADE ON DELETE CASCADE UNIQUE,
    justification TEXT NOT NULL,
    time DATE NOT NULL DEFAULT CURRENT_DATE
);

CREATE TABLE "notification" (
    id SERIAL PRIMARY KEY,
    content INTEGER REFERENCES "content" (id) ON UPDATE CASCADE ON DELETE CASCADE,
    time TIMESTAMP NOT NULL DEFAULT CURRENT_TIMESTAMP,
    description TEXT NOT NULL,
    viewed BOOLEAN NOT NULL DEFAULT FALSE,
    count INTEGER NOT NULL DEFAULT 1 CONSTRAINT POSITIVE_COUNT CHECK (count >= 1),
    motive MOTIVES NOT NULL 
);

CREATE TABLE "user_notification" (
    user_id INTEGER REFERENCES "user" (id) ON UPDATE CASCADE ON DELETE CASCADE, 
    notification INTEGER REFERENCES "notification" (id) ON UPDATE CASCADE ON DELETE CASCADE,
    PRIMARY KEY (user_id, notification)
);

CREATE TABLE "category" (
    id SERIAL PRIMARY KEY,
    title TEXT NOT NULL CONSTRAINT CATEGORY_TITLE_UK UNIQUE, 
    num_posts INTEGER NOT NULL DEFAULT 0 CONSTRAINT NEGATIVE_POSTS CHECK (num_posts >= 0),
    last_activity TIMESTAMP NOT NULL DEFAULT CURRENT_TIMESTAMP
);

CREATE TABLE "post_category" (
    post INTEGER REFERENCES "post" (id) ON UPDATE CASCADE ON DELETE CASCADE,
    category INTEGER REFERENCES "category" (id) ON UPDATE CASCADE ON DELETE CASCADE,
    PRIMARY KEY (post, category)
);

CREATE TABLE "category_glory" (
    user_id INTEGER REFERENCES "user" (id) ON UPDATE CASCADE ON DELETE CASCADE,
    category INTEGER REFERENCES "category" (id) ON UPDATE CASCADE ON DELETE CASCADE,
	glory INTEGER NOT NULL DEFAULT 0,
    PRIMARY KEY (user_id, category)
);

CREATE TABLE "star_post" (
    user_id INTEGER REFERENCES "user" (id) ON UPDATE CASCADE ON DELETE CASCADE,
    post INTEGER REFERENCES "post" (id) ON UPDATE CASCADE ON DELETE CASCADE,
    PRIMARY KEY (user_id, post)
);

CREATE TABLE "star_category" (
    user_id INTEGER REFERENCES "user" (id) ON UPDATE CASCADE ON DELETE CASCADE,
    category INTEGER REFERENCES "category" (id) ON UPDATE CASCADE ON DELETE CASCADE,
    PRIMARY KEY (user_id, category)
);

CREATE TABLE "rating" (
    user_id INTEGER REFERENCES "user" (id) ON UPDATE CASCADE ON DELETE SET NULL,
    content INTEGER REFERENCES "content" (id) ON UPDATE CASCADE ON DELETE CASCADE,
    PRIMARY KEY (user_id, content),
    rating RATINGS NOT NULL,
    time TIMESTAMP NOT NULL DEFAULT CURRENT_TIMESTAMP
);


-------------------------------- Indixes --------------------------------

CREATE INDEX user_username ON "user" USING hash (username);

CREATE INDEX rating_time ON "rating" USING btree ("time");

CREATE INDEX report_time ON "report" USING btree ("time");

CREATE INDEX glory_category ON "category_glory" USING btree ("glory");

CREATE INDEX title_search ON post USING gist (setweight(to_tsvector('english', title), 'A'));

CREATE INDEX username_search ON "user" USING gist (setweight(to_tsvector('simple', "user".username), 'C'));

CREATE INDEX category_search ON category USING gist (setweight(to_tsvector('english', category.title), 'B'));

-------------------------------- Functions --------------------------------

CREATE FUNCTION add_vote() RETURNS TRIGGER AS
$BODY$
BEGIN
    IF NEW.rating::text = 'upvote' THEN
        UPDATE content SET upvotes = upvotes + 1 WHERE id = NEW.content;
        UPDATE "user" SET glory = glory + 1 WHERE id = (SELECT author FROM content WHERE id = NEW.content);
        IF( NEW.content IN (SELECT id FROM post) ) THEN -- only run for posts
            UPDATE category_glory SET glory = glory + 1 WHERE (
                user_id IN (SELECT author FROM content WHERE id = NEW.content) AND
                category IN (SELECT category FROM post_category WHERE post = NEW.content)
            );
        END IF;
    END IF;
    IF NEW.rating::text = 'downvote' THEN
        UPDATE content SET downvotes = downvotes + 1 WHERE id = NEW.content;
        UPDATE "user" SET glory = glory - 1 WHERE id = (SELECT author FROM content WHERE id = NEW.content);
        IF( NEW.content IN (SELECT id FROM post) ) THEN -- only run for posts
            UPDATE category_glory SET glory = glory - 1 WHERE (
                user_id IN (SELECT author FROM content WHERE id = NEW.content) AND
                category IN (SELECT category FROM post_category WHERE post = NEW.content)
            );
        END IF;
    END IF;
    RETURN NEW;
END
$BODY$
LANGUAGE plpgsql;

CREATE FUNCTION rem_vote() RETURNS TRIGGER AS
$BODY$
BEGIN
    IF OLD.rating::text = 'upvote' THEN
        UPDATE content SET upvotes = upvotes - 1 WHERE id = OLD.content;
        UPDATE "user" SET glory = glory - 1 WHERE id = (SELECT author FROM content WHERE id = OLD.content);
        IF( OLD.content IN (SELECT id FROM post) ) THEN -- only run for posts
            UPDATE category_glory SET glory = glory - 1 WHERE (
                user_id IN (SELECT author FROM content WHERE id = OLD.content) AND
                category IN (SELECT category FROM post_category WHERE post = OLD.content)
            );
        END IF;
    END IF;
    IF OLD.rating::text = 'downvote' THEN
        UPDATE content SET downvotes = downvotes - 1 WHERE id = OLD.content;
        UPDATE "user" SET glory = glory + 1 WHERE id = (SELECT author FROM content WHERE id = OLD.content);
        IF( OLD.content IN (SELECT id FROM post) ) THEN -- only run for posts
            UPDATE category_glory SET glory = glory + 1 WHERE (
                user_id IN (SELECT author FROM content WHERE id = OLD.content) AND
                category IN (SELECT category FROM post_category WHERE post = OLD.content)
            );
        END IF;
    END IF;
    RETURN OLD;
END
$BODY$
LANGUAGE plpgsql;

CREATE FUNCTION update_vote() RETURNS TRIGGER AS
$BODY$
BEGIN
    IF OLD.rating::text = 'upvote' THEN
        UPDATE content SET upvotes = upvotes - 1 WHERE id = OLD.content;
        UPDATE "user" SET glory = glory - 1 WHERE id = (SELECT author FROM content WHERE id = OLD.content);
        IF( OLD.content IN (SELECT id FROM post) ) THEN -- only run for posts
            UPDATE category_glory SET glory = glory - 1 WHERE (
                    user_id = (SELECT author FROM content WHERE id = OLD.content) AND
                    category IN (SELECT category FROM post_category WHERE post = OLD.content)
                );
        END IF;
    END IF;
    IF OLD.rating::text = 'downvote' THEN
        UPDATE content SET downvotes = downvotes - 1 WHERE id = OLD.content;
        UPDATE "user" SET glory = glory + 1 WHERE id = (SELECT author FROM content WHERE id = OLD.content);
        IF( OLD.content IN (SELECT id FROM post) ) THEN -- only run for posts
            UPDATE category_glory SET glory = glory + 1 WHERE (
                    user_id = (SELECT author FROM content WHERE id = OLD.content) AND
                    category IN (SELECT category FROM post_category WHERE post = OLD.content)
                );
        END IF;
    END IF;

    IF NEW.rating::text = 'upvote' THEN
        UPDATE content SET upvotes = upvotes + 1 WHERE id = NEW.content;
        UPDATE "user" SET glory = glory + 1 WHERE id = (SELECT author FROM content WHERE id = NEW.content);
        IF( NEW.content IN (SELECT id FROM post) ) THEN -- only run for posts
            UPDATE category_glory SET glory = glory + 1 WHERE (
                    user_id = (SELECT author FROM content WHERE id = NEW.content) AND
                    category IN (SELECT category FROM post_category WHERE post = NEW.content)
                );
        END IF;
    END IF;
    IF NEW.rating::text = 'downvote' THEN
        UPDATE content SET downvotes = downvotes + 1 WHERE id = NEW.content;
        UPDATE "user" SET glory = glory - 1 WHERE id = (SELECT author FROM content WHERE id = NEW.content);
        IF( NEW.content IN (SELECT id FROM post) ) THEN -- only run for posts
            UPDATE category_glory SET glory = glory - 1 WHERE (
                    user_id = (SELECT author FROM content WHERE id = NEW.content) AND
                    category IN (SELECT category FROM post_category WHERE post = NEW.content)
                );
        END IF;
    END IF;
    RETURN NEW;
END
$BODY$
LANGUAGE plpgsql;

CREATE FUNCTION add_category_post() RETURNS TRIGGER AS
$BODY$
BEGIN
    UPDATE category SET num_posts = num_posts + 1 WHERE id = NEW.category;
    RETURN NEW;
END
$BODY$
LANGUAGE plpgsql;

CREATE FUNCTION rem_category_post() RETURNS TRIGGER AS
$BODY$
BEGIN
    UPDATE category SET num_posts = num_posts - 1 WHERE id = OLD.category;
    RETURN OLD;
END
$BODY$
LANGUAGE plpgsql;

CREATE FUNCTION create_cat_glory() RETURNS TRIGGER AS
$BODY$
BEGIN
    IF( NOT EXISTS( SELECT *
                     FROM (SELECT content.author AS author
                            FROM content JOIN post_category ON (content.id = post_category.post)
                            WHERE content.id = NEW.post) AS author_id
                          JOIN category_glory ON (category_glory.user_id=author_id.author)
                    WHERE category_glory.category=NEW.category)
        AND NEW.post NOT IN (SELECT content.id 
                             FROM content
                                  JOIN post ON (content.id = post.id)
                             WHERE author IS NULL AND content.id = NEW.post)) THEN
        INSERT INTO category_glory
                SELECT author, NEW.category
                FROM content
                WHERE content.id = NEW.post;
    END IF;
    RETURN NEW;
END
$BODY$
LANGUAGE plpgsql;

CREATE FUNCTION block_add_vote() RETURNS TRIGGER AS
$BODY$
BEGIN
    IF EXISTS (SELECT id FROM "user" WHERE id = NEW.user_id AND role::text = 'Blocked') THEN 
        RAISE EXCEPTION 'A blocked user cannot perform this action.';
    END IF;
    RETURN NEW;
END
$BODY$
LANGUAGE plpgsql;

CREATE FUNCTION block_rem_vote() RETURNS TRIGGER AS
$BODY$
BEGIN
    IF EXISTS (SELECT id FROM "user" WHERE id = OLD.user_id AND role::text = 'Blocked') THEN 
        RAISE EXCEPTION 'A blocked user cannot perform this action.';
    END IF;
    RETURN OLD;
END
$BODY$
LANGUAGE plpgsql;


-------------------------------- Triggers --------------------------------

CREATE TRIGGER add_vote 
    AFTER INSERT ON rating
    FOR EACH ROW
    EXECUTE PROCEDURE add_vote();
CREATE TRIGGER rem_vote 
    AFTER DELETE ON rating
    FOR EACH ROW
    EXECUTE PROCEDURE rem_vote();
CREATE TRIGGER update_vote 
    AFTER UPDATE ON rating
    FOR EACH ROW
    EXECUTE PROCEDURE update_vote();

CREATE TRIGGER add_category_post
    AFTER INSERT ON post_category
    FOR EACH ROW
    EXECUTE PROCEDURE add_category_post();
CREATE TRIGGER rem_category_post
    AFTER DELETE ON post_category
    FOR EACH ROW
    EXECUTE PROCEDURE rem_category_post();

CREATE TRIGGER create_cat_glory
    AFTER INSERT ON post_category
    FOR EACH ROW
    EXECUTE PROCEDURE create_cat_glory();

CREATE TRIGGER block_add_vote
    BEFORE INSERT ON rating
    FOR EACH ROW
    EXECUTE PROCEDURE block_add_vote();
CREATE TRIGGER block_update_vote
    BEFORE UPDATE ON rating
    FOR EACH ROW
    EXECUTE PROCEDURE block_add_vote();
CREATE TRIGGER block_rem_vote
    BEFORE DELETE ON rating
    FOR EACH ROW
    EXECUTE PROCEDURE block_rem_vote();

---------------------------------
--    populate the database    --
---------------------------------


-- insert user (100)
insert into "user" (id, username, email, password, bio) values (1, 'wstrawbridge0', 'rlonghorn0@booking.com', '$2y$10$HfzIhGCCaxqyaIdGgjARSuOKAcm1Uy82YfLuNaajn6JrjLWy9Sj/W', 'Nulla neque libero, convallis eget, eleifend luctus, ultricies eu, nibh. Quisque id justo sit amet sapien dignissim vestibulum. Vestibulum ante ipsum primis in faucibus orci luctus et ultrices posuere cubilia Curae; Nulla dapibus dolor vel est. Donec odio justo, sollicitudin ut, suscipit a, feugiat et, eros.');
insert into "user" (id, username, email, password, bio) values (2, 'mdevon1', 'tcokely1@t-online.de', '$2y$10$HfzIhGCCaxqyaIdGgjARSuOKAcm1Uy82YfLuNaajn6JrjLWy9Sj/W', '');
insert into "user" (id, username, email, password, bio) values (3, 'bvanson2', 'rcreese2@admin.ch', '$2y$10$HfzIhGCCaxqyaIdGgjARSuOKAcm1Uy82YfLuNaajn6JrjLWy9Sj/W', 'Ut tellus. Nulla ut erat id mauris vulputate elementum. Nullam varius. Nulla facilisi.');
insert into "user" (id, username, email, password, bio) values (4, 'rramelet3', 'mperring3@loc.gov', '$2y$10$HfzIhGCCaxqyaIdGgjARSuOKAcm1Uy82YfLuNaajn6JrjLWy9Sj/W', 'Sed ante. Vivamus tortor.');
insert into "user" (id, username, email, password, bio) values (5, 'cinggall4', 'nkhilkov4@vimeo.com', '$2y$10$HfzIhGCCaxqyaIdGgjARSuOKAcm1Uy82YfLuNaajn6JrjLWy9Sj/W', 'Sed sagittis. Nam congue, risus semper porta volutpat, quam pede lobortis ligula, sit amet eleifend pede libero quis orci. Nullam molestie nibh in lectus. Pellentesque at nulla.');
insert into "user" (id, username, email, password, bio) values (6, 'wabbati5', 'sthresh5@bloglines.com', '$2y$10$HfzIhGCCaxqyaIdGgjARSuOKAcm1Uy82YfLuNaajn6JrjLWy9Sj/W', 'Fusce lacus purus, aliquet at, feugiat non, pretium quis, lectus. Suspendisse potenti. In eleifend quam a odio. In hac habitasse platea dictumst.');
insert into "user" (id, username, email, password, bio) values (7, 'jtingey6', 'uputley6@nasa.gov', '$2y$10$HfzIhGCCaxqyaIdGgjARSuOKAcm1Uy82YfLuNaajn6JrjLWy9Sj/W', 'Fusce consequat. Nulla nisl. Nunc nisl. Duis bibendum, felis sed interdum venenatis, turpis enim blandit mi, in porttitor pede justo eu massa.');
insert into "user" (id, username, email, password, bio) values (8, 'ahachette7', 'hbrunning7@phoca.cz', '$2y$10$HfzIhGCCaxqyaIdGgjARSuOKAcm1Uy82YfLuNaajn6JrjLWy9Sj/W', '');
insert into "user" (id, username, email, password, bio) values (9, 'pmoody8', 'lsmeal8@sogou.com', '$2y$10$HfzIhGCCaxqyaIdGgjARSuOKAcm1Uy82YfLuNaajn6JrjLWy9Sj/W', '');
insert into "user" (id, username, email, password, bio) values (10, 'fcarlesso9', 'mmorey9@patch.com', '$2y$10$HfzIhGCCaxqyaIdGgjARSuOKAcm1Uy82YfLuNaajn6JrjLWy9Sj/W', 'Morbi vestibulum, velit id pretium iaculis, diam erat fermentum justo, nec condimentum neque sapien placerat ante. Nulla justo. Aliquam quis turpis eget elit sodales scelerisque. Mauris sit amet eros.');
insert into "user" (id, username, email, password, bio) values (11, 'dbirda', 'dcasieroa@cbsnews.com', '$2y$10$HfzIhGCCaxqyaIdGgjARSuOKAcm1Uy82YfLuNaajn6JrjLWy9Sj/W', 'Sed accumsan felis. Ut at dolor quis odio consequat varius. Integer ac leo. Pellentesque ultrices mattis odio.');
insert into "user" (id, username, email, password, bio) values (12, 'klarkb', 'acastellanib@harvard.edu', '$2y$10$HfzIhGCCaxqyaIdGgjARSuOKAcm1Uy82YfLuNaajn6JrjLWy9Sj/W', 'Nulla nisl. Nunc nisl. Duis bibendum, felis sed interdum venenatis, turpis enim blandit mi, in porttitor pede justo eu massa. Donec dapibus.');
insert into "user" (id, username, email, password, bio) values (13, 'pgillattc', 'graddishc@noaa.gov', '$2y$10$HfzIhGCCaxqyaIdGgjARSuOKAcm1Uy82YfLuNaajn6JrjLWy9Sj/W', 'Sed sagittis. Nam congue, risus semper porta volutpat, quam pede lobortis ligula, sit amet eleifend pede libero quis orci. Nullam molestie nibh in lectus. Pellentesque at nulla.');
insert into "user" (id, username, email, password, bio) values (14, 'fgillaspyd', 'uakastd@webmd.com', '$2y$10$HfzIhGCCaxqyaIdGgjARSuOKAcm1Uy82YfLuNaajn6JrjLWy9Sj/W', 'Aliquam non mauris. Morbi non lectus.');
insert into "user" (id, username, email, password, bio) values (15, 'mpasqualee', 'awardlee@marketwatch.com', '$2y$10$HfzIhGCCaxqyaIdGgjARSuOKAcm1Uy82YfLuNaajn6JrjLWy9Sj/W', 'Proin eu mi. Nulla ac enim.');
insert into "user" (id, username, email, password, bio) values (16, 'acockrenf', 'lgifff@rambler.ru', '$2y$10$HfzIhGCCaxqyaIdGgjARSuOKAcm1Uy82YfLuNaajn6JrjLWy9Sj/W', 'In hac habitasse platea dictumst. Etiam faucibus cursus urna. Ut tellus.');
insert into "user" (id, username, email, password, bio) values (17, 'eodegaardg', 'rfinnisg@mayoclinic.com', '$2y$10$HfzIhGCCaxqyaIdGgjARSuOKAcm1Uy82YfLuNaajn6JrjLWy9Sj/W', 'Nunc nisl. Duis bibendum, felis sed interdum venenatis, turpis enim blandit mi, in porttitor pede justo eu massa. Donec dapibus. Duis at velit eu est congue elementum.');
insert into "user" (id, username, email, password, bio) values (18, 'alownieh', 'ogregrh@livejournal.com', '$2y$10$HfzIhGCCaxqyaIdGgjARSuOKAcm1Uy82YfLuNaajn6JrjLWy9Sj/W', '');
insert into "user" (id, username, email, password, bio) values (19, 'emanklowi', 'jbrodneckei@godaddy.com', '$2y$10$HfzIhGCCaxqyaIdGgjARSuOKAcm1Uy82YfLuNaajn6JrjLWy9Sj/W', 'Fusce posuere felis sed lacus.');
insert into "user" (id, username, email, password, bio) values (20, 'hjeenesj', 'crowsonj@1688.com', '$2y$10$HfzIhGCCaxqyaIdGgjARSuOKAcm1Uy82YfLuNaajn6JrjLWy9Sj/W', 'Etiam justo. Etiam pretium iaculis justo. In hac habitasse platea dictumst. Etiam faucibus cursus urna.');
insert into "user" (id, username, email, password, bio) values (21, 'shavockk', 'mmaccorleyk@ehow.com', '$2y$10$HfzIhGCCaxqyaIdGgjARSuOKAcm1Uy82YfLuNaajn6JrjLWy9Sj/W', '');
insert into "user" (id, username, email, password, bio) values (22, 'bholcroftl', 'jmilehaml@networkadvertising.org', '$2y$10$HfzIhGCCaxqyaIdGgjARSuOKAcm1Uy82YfLuNaajn6JrjLWy9Sj/W', 'Integer ac leo. Pellentesque ultrices mattis odio.');
insert into "user" (id, username, email, password, bio) values (23, 'gwardhaughm', 'clichtfothm@elpais.com', '$2y$10$HfzIhGCCaxqyaIdGgjARSuOKAcm1Uy82YfLuNaajn6JrjLWy9Sj/W', 'In hac habitasse platea dictumst. Etiam faucibus cursus urna. Ut tellus.');
insert into "user" (id, username, email, password, bio) values (24, 'adartnalln', 'ssteersn@digg.com', '$2y$10$HfzIhGCCaxqyaIdGgjARSuOKAcm1Uy82YfLuNaajn6JrjLWy9Sj/W', 'Proin eu mi. Nulla ac enim. In tempor, turpis nec euismod scelerisque, quam turpis adipiscing lorem, vitae mattis nibh ligula nec sem. Duis aliquam convallis nunc.');
insert into "user" (id, username, email, password, bio) values (25, 'fgudgero', 'aangoodo@github.com', '$2y$10$HfzIhGCCaxqyaIdGgjARSuOKAcm1Uy82YfLuNaajn6JrjLWy9Sj/W', 'In hac habitasse platea dictumst. Morbi vestibulum, velit id pretium iaculis, diam erat fermentum justo, nec condimentum neque sapien placerat ante.');
insert into "user" (id, username, email, password, bio) values (26, 'efenbyp', 'tsnarttp@china.com.cn', '$2y$10$HfzIhGCCaxqyaIdGgjARSuOKAcm1Uy82YfLuNaajn6JrjLWy9Sj/W', 'Donec diam neque, vestibulum eget, vulputate ut, ultrices vel, augue. Vestibulum ante ipsum primis in faucibus orci luctus et ultrices posuere cubilia Curae; Donec pharetra, magna vestibulum aliquet ultrices, erat tortor sollicitudin mi, sit amet lobortis sapien sapien non mi.');
insert into "user" (id, username, email, password, bio) values (27, 'jcicchettoq', 'joulettq@arizona.edu', '$2y$10$HfzIhGCCaxqyaIdGgjARSuOKAcm1Uy82YfLuNaajn6JrjLWy9Sj/W', 'Integer pede justo, lacinia eget, tincidunt eget, tempus vel, pede. Morbi porttitor lorem id ligula. Suspendisse ornare consequat lectus.');
insert into "user" (id, username, email, password, bio) values (28, 'bibesonr', 'tgibbinr@dailymail.co.uk', '$2y$10$HfzIhGCCaxqyaIdGgjARSuOKAcm1Uy82YfLuNaajn6JrjLWy9Sj/W', '');
insert into "user" (id, username, email, password, bio) values (29, 'sgariffs', 'mikins@guardian.co.uk', '$2y$10$HfzIhGCCaxqyaIdGgjARSuOKAcm1Uy82YfLuNaajn6JrjLWy9Sj/W', 'Vestibulum ac est lacinia nisi venenatis tristique.');
insert into "user" (id, username, email, password, bio) values (30, 'jsturrt', 'ccarettet@sakura.ne.jp', '$2y$10$HfzIhGCCaxqyaIdGgjARSuOKAcm1Uy82YfLuNaajn6JrjLWy9Sj/W', 'Etiam justo.');
insert into "user" (id, username, email, password, bio) values (31, 'jjadou', 'rmifflinu@ucla.edu', '$2y$10$HfzIhGCCaxqyaIdGgjARSuOKAcm1Uy82YfLuNaajn6JrjLWy9Sj/W', 'Nunc purus. Phasellus in felis.');
insert into "user" (id, username, email, password, bio) values (32, 'merrigov', 'todoghertyv@weebly.com', '$2y$10$HfzIhGCCaxqyaIdGgjARSuOKAcm1Uy82YfLuNaajn6JrjLWy9Sj/W', 'Donec posuere metus vitae ipsum. Aliquam non mauris. Morbi non lectus.');
insert into "user" (id, username, email, password, bio) values (33, 'grapelliw', 'ikunathw@chron.com', '$2y$10$HfzIhGCCaxqyaIdGgjARSuOKAcm1Uy82YfLuNaajn6JrjLWy9Sj/W', 'In hac habitasse platea dictumst. Maecenas ut massa quis augue luctus tincidunt. Nulla mollis molestie lorem.');
insert into "user" (id, username, email, password, bio) values (34, 'kbadderx', 'cgrimmex@youtube.com', '$2y$10$HfzIhGCCaxqyaIdGgjARSuOKAcm1Uy82YfLuNaajn6JrjLWy9Sj/W', 'Donec odio justo, sollicitudin ut, suscipit a, feugiat et, eros.');
insert into "user" (id, username, email, password, bio) values (35, 'awaterhowsey', 'ypanimany@google.ru', '$2y$10$HfzIhGCCaxqyaIdGgjARSuOKAcm1Uy82YfLuNaajn6JrjLWy9Sj/W', 'Curabitur convallis. Duis consequat dui nec nisi volutpat eleifend. Donec ut dolor.');
insert into "user" (id, username, email, password, bio) values (36, 'lgoncavesz', 'nevamyz@i2i.jp', '$2y$10$HfzIhGCCaxqyaIdGgjARSuOKAcm1Uy82YfLuNaajn6JrjLWy9Sj/W', 'Integer a nibh. In quis justo.');
insert into "user" (id, username, email, password, bio) values (37, 'mhumburton10', 'cwoodburne10@dyndns.org', '$2y$10$HfzIhGCCaxqyaIdGgjARSuOKAcm1Uy82YfLuNaajn6JrjLWy9Sj/W', 'Quisque porta volutpat erat. Quisque erat eros, viverra eget, congue eget, semper rutrum, nulla.');
insert into "user" (id, username, email, password, bio) values (38, 'hmallison11', 'jwasielewski11@biblegateway.com', '$2y$10$HfzIhGCCaxqyaIdGgjARSuOKAcm1Uy82YfLuNaajn6JrjLWy9Sj/W', 'Duis at velit eu est congue elementum. In hac habitasse platea dictumst.');
insert into "user" (id, username, email, password, bio) values (39, 'weronie12', 'mbaynton12@ihg.com', '$2y$10$HfzIhGCCaxqyaIdGgjARSuOKAcm1Uy82YfLuNaajn6JrjLWy9Sj/W', 'Mauris ullamcorper purus sit amet nulla.');
insert into "user" (id, username, email, password, bio) values (40, 'nstimpson13', 'adowse13@dmoz.org', '$2y$10$HfzIhGCCaxqyaIdGgjARSuOKAcm1Uy82YfLuNaajn6JrjLWy9Sj/W', '');
insert into "user" (id, username, email, password, bio) values (41, 'chalbard14', 'ttrays14@hugedomains.com', '$2y$10$HfzIhGCCaxqyaIdGgjARSuOKAcm1Uy82YfLuNaajn6JrjLWy9Sj/W', 'Cum sociis natoque penatibus et magnis dis parturient montes, nascetur ridiculus mus. Vivamus vestibulum sagittis sapien. Cum sociis natoque penatibus et magnis dis parturient montes, nascetur ridiculus mus.');
insert into "user" (id, username, email, password, bio) values (42, 'ihundy15', 'fhurlin15@netscape.com', '$2y$10$HfzIhGCCaxqyaIdGgjARSuOKAcm1Uy82YfLuNaajn6JrjLWy9Sj/W', '');
insert into "user" (id, username, email, password, bio) values (43, 'krussell16', 'nlandrieu16@weebly.com', '$2y$10$HfzIhGCCaxqyaIdGgjARSuOKAcm1Uy82YfLuNaajn6JrjLWy9Sj/W', 'Integer ac neque.');
insert into "user" (id, username, email, password, bio) values (44, 'vwinchcomb17', 'ndurdy17@comsenz.com', '$2y$10$HfzIhGCCaxqyaIdGgjARSuOKAcm1Uy82YfLuNaajn6JrjLWy9Sj/W', 'Fusce lacus purus, aliquet at, feugiat non, pretium quis, lectus. Suspendisse potenti.');
insert into "user" (id, username, email, password, bio) values (45, 'ghocking18', 'cpaynton18@blogs.com', '$2y$10$HfzIhGCCaxqyaIdGgjARSuOKAcm1Uy82YfLuNaajn6JrjLWy9Sj/W', 'Morbi quis tortor id nulla ultrices aliquet. Maecenas leo odio, condimentum id, luctus nec, molestie sed, justo. Pellentesque viverra pede ac diam.');
insert into "user" (id, username, email, password, bio) values (46, 'klocker19', 'ckowal19@abc.net.au', '$2y$10$HfzIhGCCaxqyaIdGgjARSuOKAcm1Uy82YfLuNaajn6JrjLWy9Sj/W', '');
insert into "user" (id, username, email, password, bio) values (47, 'ibretland1a', 'asimoncelli1a@diigo.com', '$2y$10$HfzIhGCCaxqyaIdGgjARSuOKAcm1Uy82YfLuNaajn6JrjLWy9Sj/W', 'Integer a nibh.');
insert into "user" (id, username, email, password, bio) values (48, 'gelstone1b', 'daisthorpe1b@patch.com', '$2y$10$HfzIhGCCaxqyaIdGgjARSuOKAcm1Uy82YfLuNaajn6JrjLWy9Sj/W', 'Duis bibendum, felis sed interdum venenatis, turpis enim blandit mi, in porttitor pede justo eu massa. Donec dapibus.');
insert into "user" (id, username, email, password, bio) values (49, 'kmouatt1c', 'nkubecka1c@newsvine.com', '$2y$10$HfzIhGCCaxqyaIdGgjARSuOKAcm1Uy82YfLuNaajn6JrjLWy9Sj/W', 'In congue.');
insert into "user" (id, username, email, password, bio) values (50, 'coxbe1d', 'atebbe1d@canalblog.com', '$2y$10$HfzIhGCCaxqyaIdGgjARSuOKAcm1Uy82YfLuNaajn6JrjLWy9Sj/W', '');
insert into "user" (id, username, email, password, bio) values (51, 'rberrigan1e', 'hdudden1e@mail.ru', '$2y$10$HfzIhGCCaxqyaIdGgjARSuOKAcm1Uy82YfLuNaajn6JrjLWy9Sj/W', '');
insert into "user" (id, username, email, password, bio) values (52, 'dpetyakov1f', 'jgribbon1f@dyndns.org', '$2y$10$HfzIhGCCaxqyaIdGgjARSuOKAcm1Uy82YfLuNaajn6JrjLWy9Sj/W', 'Pellentesque at nulla. Suspendisse potenti.');
insert into "user" (id, username, email, password, bio) values (53, 'cmouland1g', 'nsitch1g@seesaa.net', '$2y$10$HfzIhGCCaxqyaIdGgjARSuOKAcm1Uy82YfLuNaajn6JrjLWy9Sj/W', 'Nunc purus. Phasellus in felis.');
insert into "user" (id, username, email, password, bio) values (54, 'abendall1h', 'pdunthorn1h@instagram.com', '$2y$10$HfzIhGCCaxqyaIdGgjARSuOKAcm1Uy82YfLuNaajn6JrjLWy9Sj/W', 'Morbi quis tortor id nulla ultrices aliquet. Maecenas leo odio, condimentum id, luctus nec, molestie sed, justo. Pellentesque viverra pede ac diam. Cras pellentesque volutpat dui.');
insert into "user" (id, username, email, password, bio) values (55, 'wsimpkin1i', 'jbore1i@liveinternet.ru', '$2y$10$HfzIhGCCaxqyaIdGgjARSuOKAcm1Uy82YfLuNaajn6JrjLWy9Sj/W', 'Nullam porttitor lacus at turpis.');
insert into "user" (id, username, email, password, bio) values (56, 'relcum1j', 'alopez1j@discovery.com', '$2y$10$HfzIhGCCaxqyaIdGgjARSuOKAcm1Uy82YfLuNaajn6JrjLWy9Sj/W', 'Mauris lacinia sapien quis libero. Nullam sit amet turpis elementum ligula vehicula consequat. Morbi a ipsum.');
insert into "user" (id, username, email, password, bio) values (57, 'tpreator1k', 'bnemchinov1k@sourceforge.net', '$2y$10$HfzIhGCCaxqyaIdGgjARSuOKAcm1Uy82YfLuNaajn6JrjLWy9Sj/W', 'Duis bibendum, felis sed interdum venenatis, turpis enim blandit mi, in porttitor pede justo eu massa. Donec dapibus. Duis at velit eu est congue elementum. In hac habitasse platea dictumst.');
insert into "user" (id, username, email, password, bio) values (58, 'smurley1l', 'brotham1l@bbb.org', '$2y$10$HfzIhGCCaxqyaIdGgjARSuOKAcm1Uy82YfLuNaajn6JrjLWy9Sj/W', 'Aliquam sit amet diam in magna bibendum imperdiet. Nullam orci pede, venenatis non, sodales sed, tincidunt eu, felis. Fusce posuere felis sed lacus. Morbi sem mauris, laoreet ut, rhoncus aliquet, pulvinar sed, nisl.');
insert into "user" (id, username, email, password, bio) values (59, 'gdurtnall1m', 'ktilberry1m@nhs.uk', '$2y$10$HfzIhGCCaxqyaIdGgjARSuOKAcm1Uy82YfLuNaajn6JrjLWy9Sj/W', 'Nullam orci pede, venenatis non, sodales sed, tincidunt eu, felis.');
insert into "user" (id, username, email, password, bio) values (60, 'nickowics1n', 'bephgrave1n@auda.org.au','$2y$10$HfzIhGCCaxqyaIdGgjARSuOKAcm1Uy82YfLuNaajn6JrjLWy9Sj/W', 'Nulla mollis molestie lorem.');
insert into "user" (id, username, email, password, bio) values (61, 'chollerin1o', 'tgoley1o@biglobe.ne.jp', '$2y$10$HfzIhGCCaxqyaIdGgjARSuOKAcm1Uy82YfLuNaajn6JrjLWy9Sj/W', 'Duis bibendum. Morbi non quam nec dui luctus rutrum. Nulla tellus. In sagittis dui vel nisl.');
insert into "user" (id, username, email, password, bio) values (62, 'mlackner1p', 'mlowther1p@creativecommons.org', '$2y$10$HfzIhGCCaxqyaIdGgjARSuOKAcm1Uy82YfLuNaajn6JrjLWy9Sj/W', 'Nulla ut erat id mauris vulputate elementum. Nullam varius.');
insert into "user" (id, username, email, password, bio) values (63, 'ekentwell1q', 'kpotkins1q@miibeian.gov.cn', '$2y$10$HfzIhGCCaxqyaIdGgjARSuOKAcm1Uy82YfLuNaajn6JrjLWy9Sj/W', '');
insert into "user" (id, username, email, password, bio) values (64, 'jphillott1r', 'vcaveney1r@bluehost.com', '$2y$10$HfzIhGCCaxqyaIdGgjARSuOKAcm1Uy82YfLuNaajn6JrjLWy9Sj/W', 'Nulla suscipit ligula in lacus.');
insert into "user" (id, username, email, password, bio) values (65, 'fblizard1s', 'igarth1s@latimes.com', '$2y$10$HfzIhGCCaxqyaIdGgjARSuOKAcm1Uy82YfLuNaajn6JrjLWy9Sj/W', '');
insert into "user" (id, username, email, password, bio) values (66, 'naldren1t', 'einglese1t@yahoo.com', '$2y$10$HfzIhGCCaxqyaIdGgjARSuOKAcm1Uy82YfLuNaajn6JrjLWy9Sj/W', 'Integer ac leo. Pellentesque ultrices mattis odio. Donec vitae nisi. Nam ultrices, libero non mattis pulvinar, nulla pede ullamcorper augue, a suscipit nulla elit ac nulla.');
insert into "user" (id, username, email, password, bio) values (67, 'kgarretson1u', 'rashman1u@cnbc.com', '$2y$10$HfzIhGCCaxqyaIdGgjARSuOKAcm1Uy82YfLuNaajn6JrjLWy9Sj/W', 'Etiam pretium iaculis justo. In hac habitasse platea dictumst.');
insert into "user" (id, username, email, password, bio) values (68, 'cspellacey1v', 'esaffin1v@nba.com', '$2y$10$HfzIhGCCaxqyaIdGgjARSuOKAcm1Uy82YfLuNaajn6JrjLWy9Sj/W', 'Aliquam non mauris.');
insert into "user" (id, username, email, password, bio) values (69, 'mcunio1w', 'lwudeland1w@simplemachines.org', '$2y$10$HfzIhGCCaxqyaIdGgjARSuOKAcm1Uy82YfLuNaajn6JrjLWy9Sj/W', 'Integer aliquet, massa id lobortis convallis, tortor risus dapibus augue, vel accumsan tellus nisi eu orci.');
insert into "user" (id, username, email, password, bio) values (70, 'kgumn1x', 'lfraschini1x@hexun.com', '$2y$10$HfzIhGCCaxqyaIdGgjARSuOKAcm1Uy82YfLuNaajn6JrjLWy9Sj/W', 'Nam congue, risus semper porta volutpat, quam pede lobortis ligula, sit amet eleifend pede libero quis orci. Nullam molestie nibh in lectus.');
insert into "user" (id, username, email, password, bio) values (71, 'uwimes1y', 'bshurman1y@admin.ch', '$2y$10$HfzIhGCCaxqyaIdGgjARSuOKAcm1Uy82YfLuNaajn6JrjLWy9Sj/W', 'Fusce lacus purus, aliquet at, feugiat non, pretium quis, lectus. Suspendisse potenti. In eleifend quam a odio. In hac habitasse platea dictumst.');
insert into "user" (id, username, email, password, bio) values (72, 'vleason1z', 'bjerrans1z@desdev.cn', '$2y$10$HfzIhGCCaxqyaIdGgjARSuOKAcm1Uy82YfLuNaajn6JrjLWy9Sj/W', '');
insert into "user" (id, username, email, password, bio) values (73, 'ngrenter20', 'adebruijn20@imdb.com', '$2y$10$HfzIhGCCaxqyaIdGgjARSuOKAcm1Uy82YfLuNaajn6JrjLWy9Sj/W', 'Integer a nibh. In quis justo. Maecenas rhoncus aliquam lacus.');
insert into "user" (id, username, email, password, bio) values (74, 'smcamish21', 'fpearne21@xinhuanet.com', '$2y$10$HfzIhGCCaxqyaIdGgjARSuOKAcm1Uy82YfLuNaajn6JrjLWy9Sj/W', '');
insert into "user" (id, username, email, password, bio) values (75, 'cvischi22', 'cpicheford22@topsy.com', '$2y$10$HfzIhGCCaxqyaIdGgjARSuOKAcm1Uy82YfLuNaajn6JrjLWy9Sj/W', 'Nulla justo. Aliquam quis turpis eget elit sodales scelerisque. Mauris sit amet eros.');
insert into "user" (id, username, email, password, bio) values (76, 'gdadley23', 'dmeysham23@fda.gov', '$2y$10$HfzIhGCCaxqyaIdGgjARSuOKAcm1Uy82YfLuNaajn6JrjLWy9Sj/W', '');
insert into "user" (id, username, email, password, bio) values (77, 'nisitt24', 'hstanyforth24@biblegateway.com', '$2y$10$HfzIhGCCaxqyaIdGgjARSuOKAcm1Uy82YfLuNaajn6JrjLWy9Sj/W', 'Nullam varius. Nulla facilisi. Cras non velit nec nisi vulputate nonummy.');
insert into "user" (id, username, email, password, bio) values (78, 'hconnick25', 'hsarvar25@studiopress.com', '$2y$10$HfzIhGCCaxqyaIdGgjARSuOKAcm1Uy82YfLuNaajn6JrjLWy9Sj/W', 'Donec vitae nisi. Nam ultrices, libero non mattis pulvinar, nulla pede ullamcorper augue, a suscipit nulla elit ac nulla. Sed vel enim sit amet nunc viverra dapibus.');
insert into "user" (id, username, email, password, bio) values (79, 'ncoltart26', 'mstowers26@histats.com', '$2y$10$HfzIhGCCaxqyaIdGgjARSuOKAcm1Uy82YfLuNaajn6JrjLWy9Sj/W', '');
insert into "user" (id, username, email, password, bio) values (80, 'elashmore27', 'cogglebie27@lulu.com', '$2y$10$HfzIhGCCaxqyaIdGgjARSuOKAcm1Uy82YfLuNaajn6JrjLWy9Sj/W', 'Integer pede justo, lacinia eget, tincidunt eget, tempus vel, pede. Morbi porttitor lorem id ligula.');
insert into "user" (id, username, email, password, bio) values (81, 'sforsaith28', 'jkrolak28@wunderground.com', '$2y$10$HfzIhGCCaxqyaIdGgjARSuOKAcm1Uy82YfLuNaajn6JrjLWy9Sj/W', 'Morbi porttitor lorem id ligula.');
insert into "user" (id, username, email, password, bio) values (82, 'amcpheat29', 'nbuckel29@discovery.com', '$2y$10$HfzIhGCCaxqyaIdGgjARSuOKAcm1Uy82YfLuNaajn6JrjLWy9Sj/W', 'Nulla justo. Aliquam quis turpis eget elit sodales scelerisque.');
insert into "user" (id, username, email, password, bio) values (83, 'bbovis2a', 'akingshott2a@ovh.net', '$2y$10$HfzIhGCCaxqyaIdGgjARSuOKAcm1Uy82YfLuNaajn6JrjLWy9Sj/W', 'Sed sagittis. Nam congue, risus semper porta volutpat, quam pede lobortis ligula, sit amet eleifend pede libero quis orci. Nullam molestie nibh in lectus. Pellentesque at nulla.');
insert into "user" (id, username, email, password, bio) values (84, 'abushell2b', 'staberer2b@goodreads.com', '$2y$10$HfzIhGCCaxqyaIdGgjARSuOKAcm1Uy82YfLuNaajn6JrjLWy9Sj/W', 'Suspendisse accumsan tortor quis turpis. Sed ante.');
insert into "user" (id, username, email, password, bio) values (85, 'wmcgillecole2c', 'ccoxhead2c@wired.com', '$2y$10$HfzIhGCCaxqyaIdGgjARSuOKAcm1Uy82YfLuNaajn6JrjLWy9Sj/W', 'Praesent blandit lacinia erat. Vestibulum sed magna at nunc commodo placerat. Praesent blandit. Nam nulla.');
insert into "user" (id, username, email, password, bio) values (86, 'kminthorpe2d', 'carblaster2d@washingtonpost.com', '$2y$10$HfzIhGCCaxqyaIdGgjARSuOKAcm1Uy82YfLuNaajn6JrjLWy9Sj/W', '');
insert into "user" (id, username, email, password, bio) values (87, 'msomerset2e', 'krogers2e@elpais.com', '$2y$10$HfzIhGCCaxqyaIdGgjARSuOKAcm1Uy82YfLuNaajn6JrjLWy9Sj/W', 'Morbi non lectus. Aliquam sit amet diam in magna bibendum imperdiet. Nullam orci pede, venenatis non, sodales sed, tincidunt eu, felis. Fusce posuere felis sed lacus.');
insert into "user" (id, username, email, password, bio) values (88, 'wdanilovitch2f', 'dgeorgel2f@who.int', '$2y$10$HfzIhGCCaxqyaIdGgjARSuOKAcm1Uy82YfLuNaajn6JrjLWy9Sj/W', 'Curabitur gravida nisi at nibh. In hac habitasse platea dictumst. Aliquam augue quam, sollicitudin vitae, consectetuer eget, rutrum at, lorem.');
insert into "user" (id, username, email, password, bio) values (89, 'agouley2g', 'rjoyce2g@va.gov', '$2y$10$HfzIhGCCaxqyaIdGgjARSuOKAcm1Uy82YfLuNaajn6JrjLWy9Sj/W', '');
insert into "user" (id, username, email, password, bio) values (90, 'braisbeck2h', 'ekochs2h@mail.ru', '$2y$10$HfzIhGCCaxqyaIdGgjARSuOKAcm1Uy82YfLuNaajn6JrjLWy9Sj/W', 'Aenean fermentum. Donec ut mauris eget massa tempor convallis. Nulla neque libero, convallis eget, eleifend luctus, ultricies eu, nibh. Quisque id justo sit amet sapien dignissim vestibulum.');
insert into "user" (id, username, email, password, bio) values (91, 'dworssam2i', 'wlampet2i@twitter.com', '$2y$10$HfzIhGCCaxqyaIdGgjARSuOKAcm1Uy82YfLuNaajn6JrjLWy9Sj/W', 'In hac habitasse platea dictumst. Maecenas ut massa quis augue luctus tincidunt. Nulla mollis molestie lorem.');
insert into "user" (id, username, email, password, bio) values (92, 'ggower2j', 'tingrem2j@amazon.co.uk', '$2y$10$HfzIhGCCaxqyaIdGgjARSuOKAcm1Uy82YfLuNaajn6JrjLWy9Sj/W', 'Mauris lacinia sapien quis libero. Nullam sit amet turpis elementum ligula vehicula consequat. Morbi a ipsum. Integer a nibh.');
insert into "user" (id, username, email, password, bio) values (93, 'gshowell2k', 'ascamerdine2k@nhs.uk', '$2y$10$HfzIhGCCaxqyaIdGgjARSuOKAcm1Uy82YfLuNaajn6JrjLWy9Sj/W', 'Nunc nisl. Duis bibendum, felis sed interdum venenatis, turpis enim blandit mi, in porttitor pede justo eu massa.');
insert into "user" (id, username, email, password, bio) values (94, 'akolak2l', 'rshepland2l@tamu.edu', '$2y$10$HfzIhGCCaxqyaIdGgjARSuOKAcm1Uy82YfLuNaajn6JrjLWy9Sj/W', 'In hac habitasse platea dictumst. Morbi vestibulum, velit id pretium iaculis, diam erat fermentum justo, nec condimentum neque sapien placerat ante. Nulla justo.');
insert into "user" (id, username, email, password, bio) values (95, 'emanifould2m', 'qrosenfeld2m@drupal.org', '$2y$10$HfzIhGCCaxqyaIdGgjARSuOKAcm1Uy82YfLuNaajn6JrjLWy9Sj/W', 'Morbi sem mauris, laoreet ut, rhoncus aliquet, pulvinar sed, nisl. Nunc rhoncus dui vel sem. Sed sagittis.');
insert into "user" (id, username, email, password, bio) values (96, 'ftapp2n', 'ajolland2n@google.cn', '$2y$10$HfzIhGCCaxqyaIdGgjARSuOKAcm1Uy82YfLuNaajn6JrjLWy9Sj/W', 'Duis at velit eu est congue elementum.');
insert into "user" (id, username, email, password, bio) values (97, 'vcollicott2o', 'sglasscott2o@google.com.au', '$2y$10$HfzIhGCCaxqyaIdGgjARSuOKAcm1Uy82YfLuNaajn6JrjLWy9Sj/W', 'Praesent id massa id nisl venenatis lacinia. Aenean sit amet justo.');
insert into "user" (id, username, email, password, bio) values (98, 'akolushev2p', 'kdrillingcourt2p@amazon.co.uk', '$2y$10$HfzIhGCCaxqyaIdGgjARSuOKAcm1Uy82YfLuNaajn6JrjLWy9Sj/W', 'Donec vitae nisi. Nam ultrices, libero non mattis pulvinar, nulla pede ullamcorper augue, a suscipit nulla elit ac nulla.');
insert into "user" (id, username, email, password, bio) values (99, 'hhansen2q', 'kbeig2q@dailymail.co.uk', '$2y$10$HfzIhGCCaxqyaIdGgjARSuOKAcm1Uy82YfLuNaajn6JrjLWy9Sj/W', 'In hac habitasse platea dictumst. Morbi vestibulum, velit id pretium iaculis, diam erat fermentum justo, nec condimentum neque sapien placerat ante. Nulla justo.');
insert into "user" (id, username, email, password, bio) values (100, 'abomfield2r', 'bkleinerman2r@domainmarket.com', '$2y$10$HfzIhGCCaxqyaIdGgjARSuOKAcm1Uy82YfLuNaajn6JrjLWy9Sj/W', 'Morbi odio odio, elementum eu, interdum eu, tincidunt in, leo. Maecenas pulvinar lobortis est. Phasellus sit amet erat.');

select setval('user_id_seq', 100);


-- insert content (400 in which 20 have anonymous authors)
insert into content (id, author, body, creation_time) values (1, null, 'In hac habitasse platea dictumst. Morbi vestibulum, velit id pretium iaculis, diam erat fermentum justo, nec condimentum neque sapien placerat ante. Nulla justo. Aliquam quis turpis eget elit sodales scelerisque. Mauris sit amet eros.', '2020-02-08 23:58:01');
insert into content (id, author, body, creation_time) values (2, 2, 'In hac habitasse platea dictumst. Etiam faucibus cursus urna. Ut tellus. Nulla ut erat id mauris vulputate elementum. Nullam varius. Nulla facilisi. Cras non velit nec nisi vulputate nonummy. Maecenas tincidunt lacus at velit. Vivamus vel nulla eget eros elementum pellentesque. Quisque porta volutpat erat. Quisque erat eros, viverra eget, congue eget, semper rutrum, nulla. Nunc purus. Phasellus in felis. Donec semper sapien a libero. Nam dui.', '2020-02-22 05:12:06');
insert into content (id, author, body, creation_time) values (3, 73, 'Morbi a ipsum. Integer a nibh. In quis justo. Maecenas rhoncus aliquam lacus.', '2020-01-29 18:14:45');
insert into content (id, author, body, creation_time) values (4, 91, 'Proin at turpis a pede posuere nonummy. Integer non velit. Donec diam neque, vestibulum eget, vulputate ut, ultrices vel, augue. Vestibulum ante ipsum primis in faucibus orci luctus et ultrices posuere cubilia Curae; Donec pharetra, magna vestibulum aliquet ultrices, erat tortor sollicitudin mi, sit amet lobortis sapien sapien non mi. Integer ac neque. Duis bibendum. Morbi non quam nec dui luctus rutrum. Nulla tellus.', '2019-09-13 22:52:48');
insert into content (id, author, body, creation_time) values (5, 17, 'In hac habitasse platea dictumst. Morbi vestibulum, velit id pretium iaculis, diam erat fermentum justo, nec condimentum neque sapien placerat ante.', '2020-02-19 10:36:28');
insert into content (id, author, body, creation_time) values (6, 67, 'Proin leo odio, porttitor id, consequat in, consequat ut, nulla. Sed accumsan felis. Ut at dolor quis odio consequat varius. Integer ac leo. Pellentesque ultrices mattis odio. Donec vitae nisi. Nam ultrices, libero non mattis pulvinar, nulla pede ullamcorper augue, a suscipit nulla elit ac nulla. Sed vel enim sit amet nunc viverra dapibus. Nulla suscipit ligula in lacus.', '2020-03-11 08:38:39');
insert into content (id, author, body, creation_time) values (7, 10, 'Praesent blandit lacinia erat. Vestibulum sed magna at nunc commodo placerat. Praesent blandit. Nam nulla. Integer pede justo, lacinia eget, tincidunt eget, tempus vel, pede. Morbi porttitor lorem id ligula. Suspendisse ornare consequat lectus. In est risus, auctor sed, tristique in, tempus sit amet, sem. Fusce consequat. Nulla nisl. Nunc nisl. Duis bibendum, felis sed interdum venenatis, turpis enim blandit mi, in porttitor pede justo eu massa. Donec dapibus.', '2020-02-26 12:00:31');
insert into content (id, author, body, creation_time) values (8, 65, 'Praesent id massa id nisl venenatis lacinia. Aenean sit amet justo. Morbi ut odio. Cras mi pede, malesuada in, imperdiet et, commodo vulputate, justo. In blandit ultrices enim. Lorem ipsum dolor sit amet, consectetuer adipiscing elit. Proin interdum mauris non ligula pellentesque ultrices. Phasellus id sapien in sapien iaculis congue. Vivamus metus arcu, adipiscing molestie, hendrerit at, vulputate vitae, nisl. Aenean lectus. Pellentesque eget nunc. Donec quis orci eget orci vehicula condimentum. Curabitur in libero ut massa volutpat convallis.', '2019-09-07 18:00:04');
insert into content (id, author, body, creation_time) values (9, 57, 'Nunc purus. Phasellus in felis. Donec semper sapien a libero. Nam dui. Proin leo odio, porttitor id, consequat in, consequat ut, nulla. Sed accumsan felis. Ut at dolor quis odio consequat varius. Integer ac leo. Pellentesque ultrices mattis odio.', '2020-02-09 22:58:22');
insert into content (id, author, body, creation_time) values (10, 2, 'Cum sociis natoque penatibus et magnis dis parturient montes, nascetur ridiculus mus. Etiam vel augue. Vestibulum rutrum rutrum neque. Aenean auctor gravida sem. Praesent id massa id nisl venenatis lacinia.', '2019-11-23 18:21:52');
insert into content (id, author, body, creation_time) values (11, 100, 'Praesent blandit. Nam nulla. Integer pede justo, lacinia eget, tincidunt eget, tempus vel, pede. Morbi porttitor lorem id ligula. Suspendisse ornare consequat lectus. In est risus, auctor sed, tristique in, tempus sit amet, sem. Fusce consequat. Nulla nisl.', '2020-01-12 20:33:24');
insert into content (id, author, body, creation_time) values (12, 74, 'Aenean lectus. Pellentesque eget nunc. Donec quis orci eget orci vehicula condimentum. Curabitur in libero ut massa volutpat convallis. Morbi odio odio, elementum eu, interdum eu, tincidunt in, leo. Maecenas pulvinar lobortis est. Phasellus sit amet erat. Nulla tempus. Vivamus in felis eu sapien cursus vestibulum. Proin eu mi. Nulla ac enim. In tempor, turpis nec euismod scelerisque, quam turpis adipiscing lorem, vitae mattis nibh ligula nec sem. Duis aliquam convallis nunc. Proin at turpis a pede posuere nonummy. Integer non velit.', '2020-01-06 14:21:51');
insert into content (id, author, body, creation_time) values (13, 2, 'In blandit ultrices enim. Lorem ipsum dolor sit amet, consectetuer adipiscing elit. Proin interdum mauris non ligula pellentesque ultrices. Phasellus id sapien in sapien iaculis congue. Vivamus metus arcu, adipiscing molestie, hendrerit at, vulputate vitae, nisl. Aenean lectus. Pellentesque eget nunc. Donec quis orci eget orci vehicula condimentum. Curabitur in libero ut massa volutpat convallis. Morbi odio odio, elementum eu, interdum eu, tincidunt in, leo. Maecenas pulvinar lobortis est. Phasellus sit amet erat. Nulla tempus.', '2019-08-06 03:34:31');
insert into content (id, author, body, creation_time) values (14, 86, 'Quisque erat eros, viverra eget, congue eget, semper rutrum, nulla. Nunc purus. Phasellus in felis. Donec semper sapien a libero. Nam dui. Proin leo odio, porttitor id, consequat in, consequat ut, nulla.', '2019-10-13 11:39:55');
insert into content (id, author, body, creation_time) values (15, 22, 'In eleifend quam a odio. In hac habitasse platea dictumst.', '2019-05-25 09:16:20');
insert into content (id, author, body, creation_time) values (16, 99, 'Etiam pretium iaculis justo.', '2019-09-17 09:08:22');
insert into content (id, author, body, creation_time) values (17, 100, 'Maecenas tristique, est et tempus semper, est quam pharetra magna, ac consequat metus sapien ut nunc. Vestibulum ante ipsum primis in faucibus orci luctus et ultrices posuere cubilia Curae; Mauris viverra diam vitae quam. Suspendisse potenti. Nullam porttitor lacus at turpis. Donec posuere metus vitae ipsum. Aliquam non mauris.', '2019-05-24 07:48:58');
insert into content (id, author, body, creation_time) values (18, 47, 'Integer ac leo.', '2019-10-05 22:40:12');
insert into content (id, author, body, creation_time) values (19, 4, 'In hac habitasse platea dictumst.', '2019-11-25 01:55:26');
insert into content (id, author, body, creation_time) values (20, 33, 'Cum sociis natoque penatibus et magnis dis parturient montes, nascetur ridiculus mus. Vivamus vestibulum sagittis sapien.', '2019-09-22 13:30:59');
insert into content (id, author, body, creation_time) values (21, 47, 'Fusce posuere felis sed lacus. Morbi sem mauris, laoreet ut, rhoncus aliquet, pulvinar sed, nisl. Nunc rhoncus dui vel sem. Sed sagittis. Nam congue, risus semper porta volutpat, quam pede lobortis ligula, sit amet eleifend pede libero quis orci. Nullam molestie nibh in lectus. Pellentesque at nulla. Suspendisse potenti. Cras in purus eu magna vulputate luctus. Cum sociis natoque penatibus et magnis dis parturient montes, nascetur ridiculus mus. Vivamus vestibulum sagittis sapien. Cum sociis natoque penatibus et magnis dis parturient montes, nascetur ridiculus mus.', '2019-11-04 17:43:07');
insert into content (id, author, body, creation_time) values (22, 48, 'Lorem ipsum dolor sit amet, consectetuer adipiscing elit. Proin interdum mauris non ligula pellentesque ultrices. Phasellus id sapien in sapien iaculis congue. Vivamus metus arcu, adipiscing molestie, hendrerit at, vulputate vitae, nisl. Aenean lectus. Pellentesque eget nunc. Donec quis orci eget orci vehicula condimentum. Curabitur in libero ut massa volutpat convallis. Morbi odio odio, elementum eu, interdum eu, tincidunt in, leo. Maecenas pulvinar lobortis est. Phasellus sit amet erat. Nulla tempus.', '2020-03-04 08:08:20');
insert into content (id, author, body, creation_time) values (23, 100, 'Sed sagittis. Nam congue, risus semper porta volutpat, quam pede lobortis ligula, sit amet eleifend pede libero quis orci. Nullam molestie nibh in lectus. Pellentesque at nulla. Suspendisse potenti. Cras in purus eu magna vulputate luctus. Cum sociis natoque penatibus et magnis dis parturient montes, nascetur ridiculus mus. Vivamus vestibulum sagittis sapien. Cum sociis natoque penatibus et magnis dis parturient montes, nascetur ridiculus mus. Etiam vel augue. Vestibulum rutrum rutrum neque.', '2019-12-09 16:19:58');
insert into content (id, author, body, creation_time) values (24, 58, 'Proin at turpis a pede posuere nonummy. Integer non velit. Donec diam neque, vestibulum eget, vulputate ut, ultrices vel, augue. Vestibulum ante ipsum primis in faucibus orci luctus et ultrices posuere cubilia Curae; Donec pharetra, magna vestibulum aliquet ultrices, erat tortor sollicitudin mi, sit amet lobortis sapien sapien non mi. Integer ac neque. Duis bibendum. Morbi non quam nec dui luctus rutrum. Nulla tellus. In sagittis dui vel nisl. Duis ac nibh. Fusce lacus purus, aliquet at, feugiat non, pretium quis, lectus. Suspendisse potenti. In eleifend quam a odio. In hac habitasse platea dictumst.', '2020-01-01 05:04:23');
insert into content (id, author, body, creation_time) values (25, 93, 'Suspendisse potenti. In eleifend quam a odio. In hac habitasse platea dictumst. Maecenas ut massa quis augue luctus tincidunt. Nulla mollis molestie lorem.', '2020-01-07 06:17:44');
insert into content (id, author, body, creation_time) values (26, 10, 'Praesent blandit lacinia erat. Vestibulum sed magna at nunc commodo placerat. Praesent blandit. Nam nulla. Integer pede justo, lacinia eget, tincidunt eget, tempus vel, pede.', '2020-01-09 00:39:16');
insert into content (id, author, body, creation_time) values (27, 36, 'Morbi odio odio, elementum eu, interdum eu, tincidunt in, leo. Maecenas pulvinar lobortis est.', '2019-07-31 20:57:37');
insert into content (id, author, body, creation_time) values (28, null, 'Maecenas rhoncus aliquam lacus. Morbi quis tortor id nulla ultrices aliquet. Maecenas leo odio, condimentum id, luctus nec, molestie sed, justo. Pellentesque viverra pede ac diam. Cras pellentesque volutpat dui. Maecenas tristique, est et tempus semper, est quam pharetra magna, ac consequat metus sapien ut nunc. Vestibulum ante ipsum primis in faucibus orci luctus et ultrices posuere cubilia Curae; Mauris viverra diam vitae quam. Suspendisse potenti. Nullam porttitor lacus at turpis. Donec posuere metus vitae ipsum. Aliquam non mauris. Morbi non lectus. Aliquam sit amet diam in magna bibendum imperdiet. Nullam orci pede, venenatis non, sodales sed, tincidunt eu, felis.', '2020-01-03 13:07:34');
insert into content (id, author, body, creation_time) values (29, 36, 'Nullam molestie nibh in lectus. Pellentesque at nulla. Suspendisse potenti. Cras in purus eu magna vulputate luctus. Cum sociis natoque penatibus et magnis dis parturient montes, nascetur ridiculus mus. Vivamus vestibulum sagittis sapien. Cum sociis natoque penatibus et magnis dis parturient montes, nascetur ridiculus mus. Etiam vel augue. Vestibulum rutrum rutrum neque. Aenean auctor gravida sem. Praesent id massa id nisl venenatis lacinia. Aenean sit amet justo. Morbi ut odio. Cras mi pede, malesuada in, imperdiet et, commodo vulputate, justo.', '2019-03-29 08:05:36');
insert into content (id, author, body, creation_time) values (30, 47, 'Lorem ipsum dolor sit amet, consectetuer adipiscing elit. Proin risus. Praesent lectus. Vestibulum quam sapien, varius ut, blandit non, interdum in, ante. Vestibulum ante ipsum primis in faucibus orci luctus et ultrices posuere cubilia Curae; Duis faucibus accumsan odio.', '2020-01-25 12:13:30');
insert into content (id, author, body, creation_time) values (31, 10, 'Maecenas ut massa quis augue luctus tincidunt. Nulla mollis molestie lorem. Quisque ut erat. Curabitur gravida nisi at nibh. In hac habitasse platea dictumst. Aliquam augue quam, sollicitudin vitae, consectetuer eget, rutrum at, lorem. Integer tincidunt ante vel ipsum. Praesent blandit lacinia erat. Vestibulum sed magna at nunc commodo placerat. Praesent blandit. Nam nulla. Integer pede justo, lacinia eget, tincidunt eget, tempus vel, pede. Morbi porttitor lorem id ligula.', '2019-06-25 08:29:14');
insert into content (id, author, body, creation_time) values (32, 16, 'In quis justo. Maecenas rhoncus aliquam lacus. Morbi quis tortor id nulla ultrices aliquet. Maecenas leo odio, condimentum id, luctus nec, molestie sed, justo.', '2019-06-01 22:39:23');
insert into content (id, author, body, creation_time) values (33, 98, 'Nullam sit amet turpis elementum ligula vehicula consequat. Morbi a ipsum. Integer a nibh. In quis justo. Maecenas rhoncus aliquam lacus. Morbi quis tortor id nulla ultrices aliquet. Maecenas leo odio, condimentum id, luctus nec, molestie sed, justo. Pellentesque viverra pede ac diam. Cras pellentesque volutpat dui. Maecenas tristique, est et tempus semper, est quam pharetra magna, ac consequat metus sapien ut nunc. Vestibulum ante ipsum primis in faucibus orci luctus et ultrices posuere cubilia Curae; Mauris viverra diam vitae quam. Suspendisse potenti. Nullam porttitor lacus at turpis. Donec posuere metus vitae ipsum. Aliquam non mauris.', '2019-09-02 00:54:29');
insert into content (id, author, body, creation_time) values (34, 13, 'Nulla mollis molestie lorem. Quisque ut erat. Curabitur gravida nisi at nibh. In hac habitasse platea dictumst.', '2020-01-08 07:26:04');
insert into content (id, author, body, creation_time) values (35, 70, 'Suspendisse potenti. Cras in purus eu magna vulputate luctus. Cum sociis natoque penatibus et magnis dis parturient montes, nascetur ridiculus mus. Vivamus vestibulum sagittis sapien. Cum sociis natoque penatibus et magnis dis parturient montes, nascetur ridiculus mus. Etiam vel augue. Vestibulum rutrum rutrum neque. Aenean auctor gravida sem. Praesent id massa id nisl venenatis lacinia. Aenean sit amet justo. Morbi ut odio. Cras mi pede, malesuada in, imperdiet et, commodo vulputate, justo. In blandit ultrices enim. Lorem ipsum dolor sit amet, consectetuer adipiscing elit.', '2019-12-03 12:27:48');
insert into content (id, author, body, creation_time) values (36, 98, 'Donec ut mauris eget massa tempor convallis. Nulla neque libero, convallis eget, eleifend luctus, ultricies eu, nibh. Quisque id justo sit amet sapien dignissim vestibulum. Vestibulum ante ipsum primis in faucibus orci luctus et ultrices posuere cubilia Curae; Nulla dapibus dolor vel est. Donec odio justo, sollicitudin ut, suscipit a, feugiat et, eros. Vestibulum ac est lacinia nisi venenatis tristique. Fusce congue, diam id ornare imperdiet, sapien urna pretium nisl, ut volutpat sapien arcu sed augue. Aliquam erat volutpat. In congue. Etiam justo. Etiam pretium iaculis justo. In hac habitasse platea dictumst.', '2019-05-14 18:30:45');
insert into content (id, author, body, creation_time) values (37, 2, 'Integer a nibh. In quis justo. Maecenas rhoncus aliquam lacus. Morbi quis tortor id nulla ultrices aliquet. Maecenas leo odio, condimentum id, luctus nec, molestie sed, justo. Pellentesque viverra pede ac diam. Cras pellentesque volutpat dui.', '2019-09-01 09:34:41');
insert into content (id, author, body, creation_time) values (38, 15, 'Suspendisse potenti. Nullam porttitor lacus at turpis. Donec posuere metus vitae ipsum. Aliquam non mauris. Morbi non lectus. Aliquam sit amet diam in magna bibendum imperdiet. Nullam orci pede, venenatis non, sodales sed, tincidunt eu, felis. Fusce posuere felis sed lacus. Morbi sem mauris, laoreet ut, rhoncus aliquet, pulvinar sed, nisl. Nunc rhoncus dui vel sem. Sed sagittis. Nam congue, risus semper porta volutpat, quam pede lobortis ligula, sit amet eleifend pede libero quis orci. Nullam molestie nibh in lectus. Pellentesque at nulla.', '2019-04-05 19:38:56');
insert into content (id, author, body, creation_time) values (39, 83, 'Pellentesque eget nunc. Donec quis orci eget orci vehicula condimentum. Curabitur in libero ut massa volutpat convallis. Morbi odio odio, elementum eu, interdum eu, tincidunt in, leo. Maecenas pulvinar lobortis est. Phasellus sit amet erat. Nulla tempus. Vivamus in felis eu sapien cursus vestibulum. Proin eu mi. Nulla ac enim. In tempor, turpis nec euismod scelerisque, quam turpis adipiscing lorem, vitae mattis nibh ligula nec sem. Duis aliquam convallis nunc. Proin at turpis a pede posuere nonummy.', '2019-06-07 10:08:53');
insert into content (id, author, body, creation_time) values (40, 94, 'Donec semper sapien a libero. Nam dui. Proin leo odio, porttitor id, consequat in, consequat ut, nulla. Sed accumsan felis. Ut at dolor quis odio consequat varius.', '2019-06-29 18:37:14');
insert into content (id, author, body, creation_time) values (41, 81, 'Donec ut dolor. Morbi vel lectus in quam fringilla rhoncus. Mauris enim leo, rhoncus sed, vestibulum sit amet, cursus id, turpis. Integer aliquet, massa id lobortis convallis, tortor risus dapibus augue, vel accumsan tellus nisi eu orci. Mauris lacinia sapien quis libero. Nullam sit amet turpis elementum ligula vehicula consequat.', '2019-07-04 08:55:56');
insert into content (id, author, body, creation_time) values (42, 16, 'Donec posuere metus vitae ipsum. Aliquam non mauris. Morbi non lectus. Aliquam sit amet diam in magna bibendum imperdiet. Nullam orci pede, venenatis non, sodales sed, tincidunt eu, felis.', '2019-11-18 03:25:49');
insert into content (id, author, body, creation_time) values (43, 94, 'Aliquam non mauris.', '2020-03-01 08:25:13');
insert into content (id, author, body, creation_time) values (44, 23, 'Morbi non lectus. Aliquam sit amet diam in magna bibendum imperdiet.', '2019-06-05 09:02:20');
insert into content (id, author, body, creation_time) values (45, 30, 'Morbi porttitor lorem id ligula. Suspendisse ornare consequat lectus. In est risus, auctor sed, tristique in, tempus sit amet, sem. Fusce consequat. Nulla nisl. Nunc nisl. Duis bibendum, felis sed interdum venenatis, turpis enim blandit mi, in porttitor pede justo eu massa. Donec dapibus. Duis at velit eu est congue elementum. In hac habitasse platea dictumst.', '2019-12-06 13:03:42');
insert into content (id, author, body, creation_time) values (46, 44, 'Donec quis orci eget orci vehicula condimentum. Curabitur in libero ut massa volutpat convallis. Morbi odio odio, elementum eu, interdum eu, tincidunt in, leo. Maecenas pulvinar lobortis est. Phasellus sit amet erat. Nulla tempus. Vivamus in felis eu sapien cursus vestibulum. Proin eu mi. Nulla ac enim. In tempor, turpis nec euismod scelerisque, quam turpis adipiscing lorem, vitae mattis nibh ligula nec sem. Duis aliquam convallis nunc. Proin at turpis a pede posuere nonummy. Integer non velit. Donec diam neque, vestibulum eget, vulputate ut, ultrices vel, augue.', '2019-09-07 18:16:21');
insert into content (id, author, body, creation_time) values (47, 12, 'Suspendisse potenti. Cras in purus eu magna vulputate luctus. Cum sociis natoque penatibus et magnis dis parturient montes, nascetur ridiculus mus. Vivamus vestibulum sagittis sapien. Cum sociis natoque penatibus et magnis dis parturient montes, nascetur ridiculus mus. Etiam vel augue. Vestibulum rutrum rutrum neque. Aenean auctor gravida sem.', '2020-02-26 15:58:13');
insert into content (id, author, body, creation_time) values (48, 51, 'Maecenas leo odio, condimentum id, luctus nec, molestie sed, justo. Pellentesque viverra pede ac diam. Cras pellentesque volutpat dui. Maecenas tristique, est et tempus semper, est quam pharetra magna, ac consequat metus sapien ut nunc. Vestibulum ante ipsum primis in faucibus orci luctus et ultrices posuere cubilia Curae; Mauris viverra diam vitae quam. Suspendisse potenti. Nullam porttitor lacus at turpis. Donec posuere metus vitae ipsum. Aliquam non mauris. Morbi non lectus. Aliquam sit amet diam in magna bibendum imperdiet. Nullam orci pede, venenatis non, sodales sed, tincidunt eu, felis. Fusce posuere felis sed lacus. Morbi sem mauris, laoreet ut, rhoncus aliquet, pulvinar sed, nisl. Nunc rhoncus dui vel sem.', '2019-09-10 23:40:59');
insert into content (id, author, body, creation_time) values (49, 16, 'Aliquam non mauris.', '2019-12-05 15:12:53');
insert into content (id, author, body, creation_time) values (50, 72, 'Nunc rhoncus dui vel sem. Sed sagittis. Nam congue, risus semper porta volutpat, quam pede lobortis ligula, sit amet eleifend pede libero quis orci. Nullam molestie nibh in lectus. Pellentesque at nulla.', '2019-08-14 13:27:32');
insert into content (id, author, body, creation_time) values (51, 6, 'Donec ut dolor. Morbi vel lectus in quam fringilla rhoncus. Mauris enim leo, rhoncus sed, vestibulum sit amet, cursus id, turpis. Integer aliquet, massa id lobortis convallis, tortor risus dapibus augue, vel accumsan tellus nisi eu orci. Mauris lacinia sapien quis libero. Nullam sit amet turpis elementum ligula vehicula consequat. Morbi a ipsum. Integer a nibh. In quis justo. Maecenas rhoncus aliquam lacus. Morbi quis tortor id nulla ultrices aliquet.', '2019-09-06 23:31:43');
insert into content (id, author, body, creation_time) values (52, 82, 'Proin risus. Praesent lectus. Vestibulum quam sapien, varius ut, blandit non, interdum in, ante. Vestibulum ante ipsum primis in faucibus orci luctus et ultrices posuere cubilia Curae; Duis faucibus accumsan odio.', '2019-06-24 01:30:38');
insert into content (id, author, body, creation_time) values (53, 63, 'Morbi non lectus. Aliquam sit amet diam in magna bibendum imperdiet. Nullam orci pede, venenatis non, sodales sed, tincidunt eu, felis. Fusce posuere felis sed lacus. Morbi sem mauris, laoreet ut, rhoncus aliquet, pulvinar sed, nisl. Nunc rhoncus dui vel sem. Sed sagittis. Nam congue, risus semper porta volutpat, quam pede lobortis ligula, sit amet eleifend pede libero quis orci.', '2019-11-23 23:52:50');
insert into content (id, author, body, creation_time) values (54, 61, 'Nulla tempus. Vivamus in felis eu sapien cursus vestibulum. Proin eu mi. Nulla ac enim. In tempor, turpis nec euismod scelerisque, quam turpis adipiscing lorem, vitae mattis nibh ligula nec sem. Duis aliquam convallis nunc. Proin at turpis a pede posuere nonummy. Integer non velit.', '2020-03-18 01:19:50');
insert into content (id, author, body, creation_time) values (55, 98, 'Sed ante. Vivamus tortor. Duis mattis egestas metus. Aenean fermentum. Donec ut mauris eget massa tempor convallis. Nulla neque libero, convallis eget, eleifend luctus, ultricies eu, nibh. Quisque id justo sit amet sapien dignissim vestibulum. Vestibulum ante ipsum primis in faucibus orci luctus et ultrices posuere cubilia Curae; Nulla dapibus dolor vel est. Donec odio justo, sollicitudin ut, suscipit a, feugiat et, eros. Vestibulum ac est lacinia nisi venenatis tristique. Fusce congue, diam id ornare imperdiet, sapien urna pretium nisl, ut volutpat sapien arcu sed augue. Aliquam erat volutpat. In congue. Etiam justo.', '2020-03-12 23:57:54');
insert into content (id, author, body, creation_time) values (56, 40, 'Nam ultrices, libero non mattis pulvinar, nulla pede ullamcorper augue, a suscipit nulla elit ac nulla. Sed vel enim sit amet nunc viverra dapibus. Nulla suscipit ligula in lacus. Curabitur at ipsum ac tellus semper interdum. Mauris ullamcorper purus sit amet nulla. Quisque arcu libero, rutrum ac, lobortis vel, dapibus at, diam. Nam tristique tortor eu pede.', '2020-03-25 08:46:29');
insert into content (id, author, body, creation_time) values (57, 84, 'Aliquam augue quam, sollicitudin vitae, consectetuer eget, rutrum at, lorem. Integer tincidunt ante vel ipsum. Praesent blandit lacinia erat. Vestibulum sed magna at nunc commodo placerat.', '2019-05-10 10:20:04');
insert into content (id, author, body, creation_time) values (58, null, 'Vestibulum ante ipsum primis in faucibus orci luctus et ultrices posuere cubilia Curae; Donec pharetra, magna vestibulum aliquet ultrices, erat tortor sollicitudin mi, sit amet lobortis sapien sapien non mi. Integer ac neque. Duis bibendum. Morbi non quam nec dui luctus rutrum. Nulla tellus. In sagittis dui vel nisl. Duis ac nibh. Fusce lacus purus, aliquet at, feugiat non, pretium quis, lectus. Suspendisse potenti. In eleifend quam a odio. In hac habitasse platea dictumst.', '2020-02-11 19:59:44');
insert into content (id, author, body, creation_time) values (59, 22, 'Donec ut dolor. Morbi vel lectus in quam fringilla rhoncus. Mauris enim leo, rhoncus sed, vestibulum sit amet, cursus id, turpis. Integer aliquet, massa id lobortis convallis, tortor risus dapibus augue, vel accumsan tellus nisi eu orci. Mauris lacinia sapien quis libero. Nullam sit amet turpis elementum ligula vehicula consequat. Morbi a ipsum. Integer a nibh. In quis justo. Maecenas rhoncus aliquam lacus. Morbi quis tortor id nulla ultrices aliquet. Maecenas leo odio, condimentum id, luctus nec, molestie sed, justo. Pellentesque viverra pede ac diam. Cras pellentesque volutpat dui.', '2019-08-09 22:33:24');
insert into content (id, author, body, creation_time) values (60, null, 'Quisque porta volutpat erat. Quisque erat eros, viverra eget, congue eget, semper rutrum, nulla. Nunc purus. Phasellus in felis. Donec semper sapien a libero. Nam dui. Proin leo odio, porttitor id, consequat in, consequat ut, nulla. Sed accumsan felis. Ut at dolor quis odio consequat varius. Integer ac leo.', '2019-09-25 00:47:03');
insert into content (id, author, body, creation_time) values (61, 55, 'Donec semper sapien a libero. Nam dui. Proin leo odio, porttitor id, consequat in, consequat ut, nulla. Sed accumsan felis. Ut at dolor quis odio consequat varius. Integer ac leo. Pellentesque ultrices mattis odio. Donec vitae nisi. Nam ultrices, libero non mattis pulvinar, nulla pede ullamcorper augue, a suscipit nulla elit ac nulla. Sed vel enim sit amet nunc viverra dapibus. Nulla suscipit ligula in lacus.', '2019-11-01 03:08:46');
insert into content (id, author, body, creation_time) values (62, 38, 'Integer a nibh. In quis justo. Maecenas rhoncus aliquam lacus. Morbi quis tortor id nulla ultrices aliquet. Maecenas leo odio, condimentum id, luctus nec, molestie sed, justo. Pellentesque viverra pede ac diam. Cras pellentesque volutpat dui. Maecenas tristique, est et tempus semper, est quam pharetra magna, ac consequat metus sapien ut nunc. Vestibulum ante ipsum primis in faucibus orci luctus et ultrices posuere cubilia Curae; Mauris viverra diam vitae quam.', '2019-09-01 13:37:45');
insert into content (id, author, body, creation_time) values (63, 50, 'In hac habitasse platea dictumst. Etiam faucibus cursus urna. Ut tellus. Nulla ut erat id mauris vulputate elementum. Nullam varius. Nulla facilisi. Cras non velit nec nisi vulputate nonummy. Maecenas tincidunt lacus at velit. Vivamus vel nulla eget eros elementum pellentesque. Quisque porta volutpat erat. Quisque erat eros, viverra eget, congue eget, semper rutrum, nulla. Nunc purus. Phasellus in felis. Donec semper sapien a libero.', '2019-09-01 20:32:43');
insert into content (id, author, body, creation_time) values (64, 30, 'Sed sagittis. Nam congue, risus semper porta volutpat, quam pede lobortis ligula, sit amet eleifend pede libero quis orci. Nullam molestie nibh in lectus. Pellentesque at nulla. Suspendisse potenti. Cras in purus eu magna vulputate luctus. Cum sociis natoque penatibus et magnis dis parturient montes, nascetur ridiculus mus. Vivamus vestibulum sagittis sapien. Cum sociis natoque penatibus et magnis dis parturient montes, nascetur ridiculus mus. Etiam vel augue. Vestibulum rutrum rutrum neque. Aenean auctor gravida sem.', '2019-07-22 17:06:24');
insert into content (id, author, body, creation_time) values (65, 49, 'Duis consequat dui nec nisi volutpat eleifend. Donec ut dolor. Morbi vel lectus in quam fringilla rhoncus. Mauris enim leo, rhoncus sed, vestibulum sit amet, cursus id, turpis. Integer aliquet, massa id lobortis convallis, tortor risus dapibus augue, vel accumsan tellus nisi eu orci. Mauris lacinia sapien quis libero. Nullam sit amet turpis elementum ligula vehicula consequat. Morbi a ipsum. Integer a nibh. In quis justo. Maecenas rhoncus aliquam lacus. Morbi quis tortor id nulla ultrices aliquet. Maecenas leo odio, condimentum id, luctus nec, molestie sed, justo. Pellentesque viverra pede ac diam.', '2019-11-19 22:43:26');
insert into content (id, author, body, creation_time) values (66, 74, 'Donec odio justo, sollicitudin ut, suscipit a, feugiat et, eros. Vestibulum ac est lacinia nisi venenatis tristique. Fusce congue, diam id ornare imperdiet, sapien urna pretium nisl, ut volutpat sapien arcu sed augue. Aliquam erat volutpat. In congue. Etiam justo. Etiam pretium iaculis justo. In hac habitasse platea dictumst. Etiam faucibus cursus urna. Ut tellus. Nulla ut erat id mauris vulputate elementum. Nullam varius. Nulla facilisi. Cras non velit nec nisi vulputate nonummy.', '2019-05-22 06:15:10');
insert into content (id, author, body, creation_time) values (67, 94, 'Maecenas pulvinar lobortis est. Phasellus sit amet erat. Nulla tempus. Vivamus in felis eu sapien cursus vestibulum. Proin eu mi. Nulla ac enim. In tempor, turpis nec euismod scelerisque, quam turpis adipiscing lorem, vitae mattis nibh ligula nec sem. Duis aliquam convallis nunc. Proin at turpis a pede posuere nonummy. Integer non velit. Donec diam neque, vestibulum eget, vulputate ut, ultrices vel, augue. Vestibulum ante ipsum primis in faucibus orci luctus et ultrices posuere cubilia Curae; Donec pharetra, magna vestibulum aliquet ultrices, erat tortor sollicitudin mi, sit amet lobortis sapien sapien non mi. Integer ac neque. Duis bibendum. Morbi non quam nec dui luctus rutrum.', '2019-03-29 01:53:21');
insert into content (id, author, body, creation_time) values (68, 15, 'Nullam varius. Nulla facilisi. Cras non velit nec nisi vulputate nonummy. Maecenas tincidunt lacus at velit. Vivamus vel nulla eget eros elementum pellentesque. Quisque porta volutpat erat. Quisque erat eros, viverra eget, congue eget, semper rutrum, nulla. Nunc purus. Phasellus in felis. Donec semper sapien a libero. Nam dui. Proin leo odio, porttitor id, consequat in, consequat ut, nulla. Sed accumsan felis. Ut at dolor quis odio consequat varius. Integer ac leo.', '2019-11-11 18:23:13');
insert into content (id, author, body, creation_time) values (69, 81, 'Integer ac leo. Pellentesque ultrices mattis odio. Donec vitae nisi. Nam ultrices, libero non mattis pulvinar, nulla pede ullamcorper augue, a suscipit nulla elit ac nulla. Sed vel enim sit amet nunc viverra dapibus. Nulla suscipit ligula in lacus. Curabitur at ipsum ac tellus semper interdum. Mauris ullamcorper purus sit amet nulla. Quisque arcu libero, rutrum ac, lobortis vel, dapibus at, diam.', '2020-03-11 16:17:14');
insert into content (id, author, body, creation_time) values (70, 3, 'Proin eu mi. Nulla ac enim. In tempor, turpis nec euismod scelerisque, quam turpis adipiscing lorem, vitae mattis nibh ligula nec sem. Duis aliquam convallis nunc. Proin at turpis a pede posuere nonummy. Integer non velit. Donec diam neque, vestibulum eget, vulputate ut, ultrices vel, augue.', '2019-11-07 23:18:48');
insert into content (id, author, body, creation_time) values (71, 37, 'Nulla ac enim. In tempor, turpis nec euismod scelerisque, quam turpis adipiscing lorem, vitae mattis nibh ligula nec sem.', '2019-10-03 18:24:12');
insert into content (id, author, body, creation_time) values (72, 95, 'Etiam justo. Etiam pretium iaculis justo. In hac habitasse platea dictumst. Etiam faucibus cursus urna.', '2019-10-19 15:20:04');
insert into content (id, author, body, creation_time) values (73, 63, 'Nulla nisl. Nunc nisl. Duis bibendum, felis sed interdum venenatis, turpis enim blandit mi, in porttitor pede justo eu massa. Donec dapibus. Duis at velit eu est congue elementum. In hac habitasse platea dictumst. Morbi vestibulum, velit id pretium iaculis, diam erat fermentum justo, nec condimentum neque sapien placerat ante. Nulla justo. Aliquam quis turpis eget elit sodales scelerisque. Mauris sit amet eros. Suspendisse accumsan tortor quis turpis. Sed ante.', '2019-06-04 10:08:57');
insert into content (id, author, body, creation_time) values (74, 3, 'Suspendisse potenti. In eleifend quam a odio. In hac habitasse platea dictumst. Maecenas ut massa quis augue luctus tincidunt. Nulla mollis molestie lorem. Quisque ut erat. Curabitur gravida nisi at nibh. In hac habitasse platea dictumst. Aliquam augue quam, sollicitudin vitae, consectetuer eget, rutrum at, lorem. Integer tincidunt ante vel ipsum. Praesent blandit lacinia erat. Vestibulum sed magna at nunc commodo placerat. Praesent blandit. Nam nulla. Integer pede justo, lacinia eget, tincidunt eget, tempus vel, pede.', '2019-09-25 21:38:38');
insert into content (id, author, body, creation_time) values (75, 23, 'Vivamus metus arcu, adipiscing molestie, hendrerit at, vulputate vitae, nisl.', '2019-08-05 02:06:02');
insert into content (id, author, body, creation_time) values (76, 46, 'Integer pede justo, lacinia eget, tincidunt eget, tempus vel, pede. Morbi porttitor lorem id ligula. Suspendisse ornare consequat lectus. In est risus, auctor sed, tristique in, tempus sit amet, sem. Fusce consequat. Nulla nisl. Nunc nisl. Duis bibendum, felis sed interdum venenatis, turpis enim blandit mi, in porttitor pede justo eu massa.', '2019-07-19 21:22:23');
insert into content (id, author, body, creation_time) values (77, 73, 'Fusce consequat. Nulla nisl. Nunc nisl. Duis bibendum, felis sed interdum venenatis, turpis enim blandit mi, in porttitor pede justo eu massa. Donec dapibus. Duis at velit eu est congue elementum. In hac habitasse platea dictumst. Morbi vestibulum, velit id pretium iaculis, diam erat fermentum justo, nec condimentum neque sapien placerat ante. Nulla justo. Aliquam quis turpis eget elit sodales scelerisque. Mauris sit amet eros. Suspendisse accumsan tortor quis turpis. Sed ante. Vivamus tortor.', '2019-06-28 12:23:52');
insert into content (id, author, body, creation_time) values (78, 25, 'Phasellus id sapien in sapien iaculis congue. Vivamus metus arcu, adipiscing molestie, hendrerit at, vulputate vitae, nisl. Aenean lectus.', '2019-06-06 02:30:46');
insert into content (id, author, body, creation_time) values (79, 95, 'Nullam orci pede, venenatis non, sodales sed, tincidunt eu, felis. Fusce posuere felis sed lacus.', '2019-05-18 02:32:24');
insert into content (id, author, body, creation_time) values (80, 91, 'Vivamus vel nulla eget eros elementum pellentesque. Quisque porta volutpat erat. Quisque erat eros, viverra eget, congue eget, semper rutrum, nulla. Nunc purus. Phasellus in felis. Donec semper sapien a libero. Nam dui. Proin leo odio, porttitor id, consequat in, consequat ut, nulla. Sed accumsan felis.', '2019-05-31 22:57:16');
insert into content (id, author, body, creation_time) values (81, 31, 'Etiam faucibus cursus urna. Ut tellus. Nulla ut erat id mauris vulputate elementum. Nullam varius. Nulla facilisi. Cras non velit nec nisi vulputate nonummy.', '2019-11-26 00:52:06');
insert into content (id, author, body, creation_time) values (82, 72, 'Suspendisse accumsan tortor quis turpis. Sed ante. Vivamus tortor. Duis mattis egestas metus.', '2019-04-09 06:00:26');
insert into content (id, author, body, creation_time) values (83, 44, 'Vestibulum ante ipsum primis in faucibus orci luctus et ultrices posuere cubilia Curae; Mauris viverra diam vitae quam. Suspendisse potenti. Nullam porttitor lacus at turpis. Donec posuere metus vitae ipsum. Aliquam non mauris. Morbi non lectus. Aliquam sit amet diam in magna bibendum imperdiet. Nullam orci pede, venenatis non, sodales sed, tincidunt eu, felis. Fusce posuere felis sed lacus. Morbi sem mauris, laoreet ut, rhoncus aliquet, pulvinar sed, nisl.', '2020-02-10 21:52:35');
insert into content (id, author, body, creation_time) values (84, 54, 'Etiam faucibus cursus urna. Ut tellus. Nulla ut erat id mauris vulputate elementum. Nullam varius. Nulla facilisi. Cras non velit nec nisi vulputate nonummy. Maecenas tincidunt lacus at velit. Vivamus vel nulla eget eros elementum pellentesque. Quisque porta volutpat erat. Quisque erat eros, viverra eget, congue eget, semper rutrum, nulla. Nunc purus. Phasellus in felis. Donec semper sapien a libero. Nam dui. Proin leo odio, porttitor id, consequat in, consequat ut, nulla.', '2019-06-29 01:10:36');
insert into content (id, author, body, creation_time) values (85, 93, 'Vivamus vel nulla eget eros elementum pellentesque. Quisque porta volutpat erat. Quisque erat eros, viverra eget, congue eget, semper rutrum, nulla. Nunc purus.', '2019-12-25 04:25:04');
insert into content (id, author, body, creation_time) values (86, null, 'Maecenas pulvinar lobortis est. Phasellus sit amet erat. Nulla tempus. Vivamus in felis eu sapien cursus vestibulum. Proin eu mi. Nulla ac enim. In tempor, turpis nec euismod scelerisque, quam turpis adipiscing lorem, vitae mattis nibh ligula nec sem. Duis aliquam convallis nunc. Proin at turpis a pede posuere nonummy. Integer non velit. Donec diam neque, vestibulum eget, vulputate ut, ultrices vel, augue. Vestibulum ante ipsum primis in faucibus orci luctus et ultrices posuere cubilia Curae; Donec pharetra, magna vestibulum aliquet ultrices, erat tortor sollicitudin mi, sit amet lobortis sapien sapien non mi. Integer ac neque.', '2020-02-26 12:20:01');
insert into content (id, author, body, creation_time) values (87, null, 'Fusce lacus purus, aliquet at, feugiat non, pretium quis, lectus. Suspendisse potenti.', '2019-06-16 16:24:24');
insert into content (id, author, body, creation_time) values (88, 78, 'Etiam pretium iaculis justo. In hac habitasse platea dictumst. Etiam faucibus cursus urna. Ut tellus. Nulla ut erat id mauris vulputate elementum. Nullam varius. Nulla facilisi.', '2019-07-05 22:46:52');
insert into content (id, author, body, creation_time) values (89, 70, 'Nulla mollis molestie lorem. Quisque ut erat. Curabitur gravida nisi at nibh. In hac habitasse platea dictumst. Aliquam augue quam, sollicitudin vitae, consectetuer eget, rutrum at, lorem. Integer tincidunt ante vel ipsum. Praesent blandit lacinia erat. Vestibulum sed magna at nunc commodo placerat. Praesent blandit. Nam nulla. Integer pede justo, lacinia eget, tincidunt eget, tempus vel, pede.', '2019-04-27 00:16:50');
insert into content (id, author, body, creation_time) values (90, 75, 'Integer pede justo, lacinia eget, tincidunt eget, tempus vel, pede. Morbi porttitor lorem id ligula. Suspendisse ornare consequat lectus. In est risus, auctor sed, tristique in, tempus sit amet, sem. Fusce consequat. Nulla nisl. Nunc nisl. Duis bibendum, felis sed interdum venenatis, turpis enim blandit mi, in porttitor pede justo eu massa. Donec dapibus. Duis at velit eu est congue elementum. In hac habitasse platea dictumst. Morbi vestibulum, velit id pretium iaculis, diam erat fermentum justo, nec condimentum neque sapien placerat ante. Nulla justo. Aliquam quis turpis eget elit sodales scelerisque.', '2020-01-08 10:22:55');
insert into content (id, author, body, creation_time) values (91, 2, 'In eleifend quam a odio. In hac habitasse platea dictumst. Maecenas ut massa quis augue luctus tincidunt. Nulla mollis molestie lorem. Quisque ut erat.', '2019-09-15 16:30:52');
insert into content (id, author, body, creation_time) values (92, 89, 'Mauris sit amet eros. Suspendisse accumsan tortor quis turpis.', '2019-08-07 10:17:04');
insert into content (id, author, body, creation_time) values (93, 49, 'Etiam vel augue. Vestibulum rutrum rutrum neque. Aenean auctor gravida sem. Praesent id massa id nisl venenatis lacinia. Aenean sit amet justo. Morbi ut odio. Cras mi pede, malesuada in, imperdiet et, commodo vulputate, justo. In blandit ultrices enim. Lorem ipsum dolor sit amet, consectetuer adipiscing elit. Proin interdum mauris non ligula pellentesque ultrices. Phasellus id sapien in sapien iaculis congue. Vivamus metus arcu, adipiscing molestie, hendrerit at, vulputate vitae, nisl. Aenean lectus. Pellentesque eget nunc. Donec quis orci eget orci vehicula condimentum.', '2020-01-08 13:35:04');
insert into content (id, author, body, creation_time) values (94, 68, 'Integer non velit. Donec diam neque, vestibulum eget, vulputate ut, ultrices vel, augue. Vestibulum ante ipsum primis in faucibus orci luctus et ultrices posuere cubilia Curae; Donec pharetra, magna vestibulum aliquet ultrices, erat tortor sollicitudin mi, sit amet lobortis sapien sapien non mi. Integer ac neque. Duis bibendum.', '2019-09-19 14:57:19');
insert into content (id, author, body, creation_time) values (95, 85, 'Praesent blandit. Nam nulla. Integer pede justo, lacinia eget, tincidunt eget, tempus vel, pede. Morbi porttitor lorem id ligula. Suspendisse ornare consequat lectus. In est risus, auctor sed, tristique in, tempus sit amet, sem. Fusce consequat. Nulla nisl. Nunc nisl. Duis bibendum, felis sed interdum venenatis, turpis enim blandit mi, in porttitor pede justo eu massa. Donec dapibus. Duis at velit eu est congue elementum. In hac habitasse platea dictumst.', '2019-09-08 21:28:49');
insert into content (id, author, body, creation_time) values (96, 99, 'Nullam varius. Nulla facilisi. Cras non velit nec nisi vulputate nonummy. Maecenas tincidunt lacus at velit. Vivamus vel nulla eget eros elementum pellentesque.', '2019-05-14 13:39:53');
insert into content (id, author, body, creation_time) values (97, 90, 'Donec vitae nisi. Nam ultrices, libero non mattis pulvinar, nulla pede ullamcorper augue, a suscipit nulla elit ac nulla.', '2019-05-03 01:41:37');
insert into content (id, author, body, creation_time) values (98, null, 'Morbi a ipsum. Integer a nibh. In quis justo. Maecenas rhoncus aliquam lacus. Morbi quis tortor id nulla ultrices aliquet. Maecenas leo odio, condimentum id, luctus nec, molestie sed, justo.', '2019-08-05 17:41:11');
insert into content (id, author, body, creation_time) values (99, 70, 'Integer aliquet, massa id lobortis convallis, tortor risus dapibus augue, vel accumsan tellus nisi eu orci. Mauris lacinia sapien quis libero. Nullam sit amet turpis elementum ligula vehicula consequat. Morbi a ipsum.', '2019-05-29 04:19:58');
insert into content (id, author, body, creation_time) values (100, null, 'Proin leo odio, porttitor id, consequat in, consequat ut, nulla. Sed accumsan felis. Ut at dolor quis odio consequat varius. Integer ac leo.', '2020-01-06 01:53:51');
insert into content (id, author, body, creation_time) values (101, 97, 'In hac habitasse platea dictumst. Maecenas ut massa quis augue luctus tincidunt. Nulla mollis molestie lorem. Quisque ut erat. Curabitur gravida nisi at nibh. In hac habitasse platea dictumst. Aliquam augue quam, sollicitudin vitae, consectetuer eget, rutrum at, lorem. Integer tincidunt ante vel ipsum. Praesent blandit lacinia erat. Vestibulum sed magna at nunc commodo placerat.', '2019-05-13 10:41:45');
insert into content (id, author, body, creation_time) values (102, null, 'Aliquam quis turpis eget elit sodales scelerisque. Mauris sit amet eros. Suspendisse accumsan tortor quis turpis. Sed ante. Vivamus tortor. Duis mattis egestas metus. Aenean fermentum. Donec ut mauris eget massa tempor convallis. Nulla neque libero, convallis eget, eleifend luctus, ultricies eu, nibh. Quisque id justo sit amet sapien dignissim vestibulum. Vestibulum ante ipsum primis in faucibus orci luctus et ultrices posuere cubilia Curae; Nulla dapibus dolor vel est. Donec odio justo, sollicitudin ut, suscipit a, feugiat et, eros.', '2019-07-10 18:17:55');
insert into content (id, author, body, creation_time) values (103, 32, 'Suspendisse ornare consequat lectus.', '2020-02-11 13:43:30');
insert into content (id, author, body, creation_time) values (104, 95, 'Nam ultrices, libero non mattis pulvinar, nulla pede ullamcorper augue, a suscipit nulla elit ac nulla.', '2020-01-01 04:47:56');
insert into content (id, author, body, creation_time) values (105, 47, 'In hac habitasse platea dictumst. Etiam faucibus cursus urna. Ut tellus. Nulla ut erat id mauris vulputate elementum. Nullam varius. Nulla facilisi. Cras non velit nec nisi vulputate nonummy. Maecenas tincidunt lacus at velit. Vivamus vel nulla eget eros elementum pellentesque. Quisque porta volutpat erat. Quisque erat eros, viverra eget, congue eget, semper rutrum, nulla. Nunc purus. Phasellus in felis. Donec semper sapien a libero. Nam dui.', '2019-08-04 18:42:56');
insert into content (id, author, body, creation_time) values (106, 44, 'Suspendisse potenti. In eleifend quam a odio. In hac habitasse platea dictumst. Maecenas ut massa quis augue luctus tincidunt. Nulla mollis molestie lorem. Quisque ut erat. Curabitur gravida nisi at nibh. In hac habitasse platea dictumst.', '2020-02-20 02:02:41');
insert into content (id, author, body, creation_time) values (107, 29, 'Donec posuere metus vitae ipsum. Aliquam non mauris. Morbi non lectus. Aliquam sit amet diam in magna bibendum imperdiet. Nullam orci pede, venenatis non, sodales sed, tincidunt eu, felis.', '2019-09-16 04:55:52');
insert into content (id, author, body, creation_time) values (108, 13, 'Phasellus id sapien in sapien iaculis congue. Vivamus metus arcu, adipiscing molestie, hendrerit at, vulputate vitae, nisl. Aenean lectus. Pellentesque eget nunc. Donec quis orci eget orci vehicula condimentum. Curabitur in libero ut massa volutpat convallis. Morbi odio odio, elementum eu, interdum eu, tincidunt in, leo. Maecenas pulvinar lobortis est.', '2019-10-27 16:02:43');
insert into content (id, author, body, creation_time) values (109, 87, 'Nulla mollis molestie lorem. Quisque ut erat. Curabitur gravida nisi at nibh. In hac habitasse platea dictumst. Aliquam augue quam, sollicitudin vitae, consectetuer eget, rutrum at, lorem. Integer tincidunt ante vel ipsum. Praesent blandit lacinia erat. Vestibulum sed magna at nunc commodo placerat. Praesent blandit. Nam nulla. Integer pede justo, lacinia eget, tincidunt eget, tempus vel, pede.', '2019-11-11 21:28:10');
insert into content (id, author, body, creation_time) values (110, 98, 'Duis bibendum, felis sed interdum venenatis, turpis enim blandit mi, in porttitor pede justo eu massa. Donec dapibus. Duis at velit eu est congue elementum. In hac habitasse platea dictumst. Morbi vestibulum, velit id pretium iaculis, diam erat fermentum justo, nec condimentum neque sapien placerat ante.', '2020-02-05 06:04:40');
insert into content (id, author, body, creation_time) values (111, 36, 'Praesent blandit. Nam nulla. Integer pede justo, lacinia eget, tincidunt eget, tempus vel, pede. Morbi porttitor lorem id ligula. Suspendisse ornare consequat lectus. In est risus, auctor sed, tristique in, tempus sit amet, sem. Fusce consequat. Nulla nisl.', '2019-12-26 21:03:34');
insert into content (id, author, body, creation_time) values (112, 91, 'Vivamus vel nulla eget eros elementum pellentesque. Quisque porta volutpat erat. Quisque erat eros, viverra eget, congue eget, semper rutrum, nulla. Nunc purus. Phasellus in felis. Donec semper sapien a libero. Nam dui. Proin leo odio, porttitor id, consequat in, consequat ut, nulla. Sed accumsan felis. Ut at dolor quis odio consequat varius. Integer ac leo. Pellentesque ultrices mattis odio.', '2020-01-10 06:09:38');
insert into content (id, author, body, creation_time) values (113, 84, 'Curabitur convallis. Duis consequat dui nec nisi volutpat eleifend. Donec ut dolor. Morbi vel lectus in quam fringilla rhoncus. Mauris enim leo, rhoncus sed, vestibulum sit amet, cursus id, turpis. Integer aliquet, massa id lobortis convallis, tortor risus dapibus augue, vel accumsan tellus nisi eu orci. Mauris lacinia sapien quis libero. Nullam sit amet turpis elementum ligula vehicula consequat. Morbi a ipsum. Integer a nibh. In quis justo. Maecenas rhoncus aliquam lacus. Morbi quis tortor id nulla ultrices aliquet.', '2020-01-01 12:56:44');
insert into content (id, author, body, creation_time) values (114, 50, 'Nam dui. Proin leo odio, porttitor id, consequat in, consequat ut, nulla. Sed accumsan felis. Ut at dolor quis odio consequat varius. Integer ac leo. Pellentesque ultrices mattis odio. Donec vitae nisi. Nam ultrices, libero non mattis pulvinar, nulla pede ullamcorper augue, a suscipit nulla elit ac nulla. Sed vel enim sit amet nunc viverra dapibus. Nulla suscipit ligula in lacus. Curabitur at ipsum ac tellus semper interdum.', '2019-08-17 12:59:46');
insert into content (id, author, body, creation_time) values (115, null, 'Etiam vel augue. Vestibulum rutrum rutrum neque. Aenean auctor gravida sem. Praesent id massa id nisl venenatis lacinia. Aenean sit amet justo. Morbi ut odio. Cras mi pede, malesuada in, imperdiet et, commodo vulputate, justo. In blandit ultrices enim. Lorem ipsum dolor sit amet, consectetuer adipiscing elit. Proin interdum mauris non ligula pellentesque ultrices. Phasellus id sapien in sapien iaculis congue. Vivamus metus arcu, adipiscing molestie, hendrerit at, vulputate vitae, nisl.', '2019-11-12 17:16:35');
insert into content (id, author, body, creation_time) values (116, 40, 'Nunc purus. Phasellus in felis. Donec semper sapien a libero. Nam dui. Proin leo odio, porttitor id, consequat in, consequat ut, nulla.', '2019-07-13 20:27:22');
insert into content (id, author, body, creation_time) values (117, 67, 'In hac habitasse platea dictumst. Aliquam augue quam, sollicitudin vitae, consectetuer eget, rutrum at, lorem.', '2019-04-22 02:03:15');
insert into content (id, author, body, creation_time) values (118, 24, 'Suspendisse accumsan tortor quis turpis. Sed ante. Vivamus tortor. Duis mattis egestas metus. Aenean fermentum. Donec ut mauris eget massa tempor convallis. Nulla neque libero, convallis eget, eleifend luctus, ultricies eu, nibh. Quisque id justo sit amet sapien dignissim vestibulum. Vestibulum ante ipsum primis in faucibus orci luctus et ultrices posuere cubilia Curae; Nulla dapibus dolor vel est. Donec odio justo, sollicitudin ut, suscipit a, feugiat et, eros. Vestibulum ac est lacinia nisi venenatis tristique. Fusce congue, diam id ornare imperdiet, sapien urna pretium nisl, ut volutpat sapien arcu sed augue. Aliquam erat volutpat. In congue. Etiam justo.', '2019-04-09 04:34:43');
insert into content (id, author, body, creation_time) values (119, 10, 'Morbi vel lectus in quam fringilla rhoncus. Mauris enim leo, rhoncus sed, vestibulum sit amet, cursus id, turpis. Integer aliquet, massa id lobortis convallis, tortor risus dapibus augue, vel accumsan tellus nisi eu orci. Mauris lacinia sapien quis libero. Nullam sit amet turpis elementum ligula vehicula consequat. Morbi a ipsum. Integer a nibh. In quis justo.', '2019-09-07 18:27:35');
insert into content (id, author, body, creation_time) values (120, 64, 'Pellentesque at nulla. Suspendisse potenti. Cras in purus eu magna vulputate luctus. Cum sociis natoque penatibus et magnis dis parturient montes, nascetur ridiculus mus. Vivamus vestibulum sagittis sapien. Cum sociis natoque penatibus et magnis dis parturient montes, nascetur ridiculus mus. Etiam vel augue.', '2019-07-27 04:59:13');
insert into content (id, author, body, creation_time) values (121, null, 'Proin leo odio, porttitor id, consequat in, consequat ut, nulla. Sed accumsan felis. Ut at dolor quis odio consequat varius. Integer ac leo. Pellentesque ultrices mattis odio. Donec vitae nisi. Nam ultrices, libero non mattis pulvinar, nulla pede ullamcorper augue, a suscipit nulla elit ac nulla. Sed vel enim sit amet nunc viverra dapibus. Nulla suscipit ligula in lacus.', '2019-05-29 17:57:20');
insert into content (id, author, body, creation_time) values (122, 8, 'In blandit ultrices enim.', '2020-02-06 07:32:41');
insert into content (id, author, body, creation_time) values (123, 1, 'Integer pede justo, lacinia eget, tincidunt eget, tempus vel, pede. Morbi porttitor lorem id ligula. Suspendisse ornare consequat lectus. In est risus, auctor sed, tristique in, tempus sit amet, sem. Fusce consequat.', '2019-04-09 02:37:59');
insert into content (id, author, body, creation_time) values (124, null, 'Vestibulum quam sapien, varius ut, blandit non, interdum in, ante. Vestibulum ante ipsum primis in faucibus orci luctus et ultrices posuere cubilia Curae; Duis faucibus accumsan odio. Curabitur convallis. Duis consequat dui nec nisi volutpat eleifend. Donec ut dolor. Morbi vel lectus in quam fringilla rhoncus. Mauris enim leo, rhoncus sed, vestibulum sit amet, cursus id, turpis. Integer aliquet, massa id lobortis convallis, tortor risus dapibus augue, vel accumsan tellus nisi eu orci.', '2019-11-15 11:31:38');
insert into content (id, author, body, creation_time) values (125, null, 'Lorem ipsum dolor sit amet, consectetuer adipiscing elit. Proin interdum mauris non ligula pellentesque ultrices. Phasellus id sapien in sapien iaculis congue. Vivamus metus arcu, adipiscing molestie, hendrerit at, vulputate vitae, nisl. Aenean lectus. Pellentesque eget nunc. Donec quis orci eget orci vehicula condimentum. Curabitur in libero ut massa volutpat convallis. Morbi odio odio, elementum eu, interdum eu, tincidunt in, leo.', '2020-02-11 07:52:43');
insert into content (id, author, body, creation_time) values (126, 65, 'Duis bibendum. Morbi non quam nec dui luctus rutrum. Nulla tellus. In sagittis dui vel nisl. Duis ac nibh. Fusce lacus purus, aliquet at, feugiat non, pretium quis, lectus. Suspendisse potenti. In eleifend quam a odio. In hac habitasse platea dictumst. Maecenas ut massa quis augue luctus tincidunt. Nulla mollis molestie lorem. Quisque ut erat. Curabitur gravida nisi at nibh. In hac habitasse platea dictumst. Aliquam augue quam, sollicitudin vitae, consectetuer eget, rutrum at, lorem.', '2019-07-15 06:26:08');
insert into content (id, author, body, creation_time) values (127, 25, 'Vestibulum ante ipsum primis in faucibus orci luctus et ultrices posuere cubilia Curae; Mauris viverra diam vitae quam. Suspendisse potenti. Nullam porttitor lacus at turpis. Donec posuere metus vitae ipsum.', '2020-01-27 03:43:20');
insert into content (id, author, body, creation_time) values (128, 53, 'In hac habitasse platea dictumst. Maecenas ut massa quis augue luctus tincidunt. Nulla mollis molestie lorem. Quisque ut erat. Curabitur gravida nisi at nibh.', '2019-07-10 12:44:47');
insert into content (id, author, body, creation_time) values (129, null, 'Cum sociis natoque penatibus et magnis dis parturient montes, nascetur ridiculus mus. Etiam vel augue. Vestibulum rutrum rutrum neque. Aenean auctor gravida sem. Praesent id massa id nisl venenatis lacinia. Aenean sit amet justo. Morbi ut odio. Cras mi pede, malesuada in, imperdiet et, commodo vulputate, justo. In blandit ultrices enim.', '2019-10-31 12:35:06');
insert into content (id, author, body, creation_time) values (130, 16, 'In sagittis dui vel nisl. Duis ac nibh. Fusce lacus purus, aliquet at, feugiat non, pretium quis, lectus. Suspendisse potenti. In eleifend quam a odio. In hac habitasse platea dictumst. Maecenas ut massa quis augue luctus tincidunt. Nulla mollis molestie lorem. Quisque ut erat. Curabitur gravida nisi at nibh. In hac habitasse platea dictumst. Aliquam augue quam, sollicitudin vitae, consectetuer eget, rutrum at, lorem.', '2019-08-11 18:57:48');
insert into content (id, author, body, creation_time) values (131, 22, 'Cras in purus eu magna vulputate luctus. Cum sociis natoque penatibus et magnis dis parturient montes, nascetur ridiculus mus. Vivamus vestibulum sagittis sapien. Cum sociis natoque penatibus et magnis dis parturient montes, nascetur ridiculus mus. Etiam vel augue. Vestibulum rutrum rutrum neque.', '2020-01-26 18:40:44');
insert into content (id, author, body, creation_time) values (132, 10, 'Donec quis orci eget orci vehicula condimentum. Curabitur in libero ut massa volutpat convallis. Morbi odio odio, elementum eu, interdum eu, tincidunt in, leo. Maecenas pulvinar lobortis est. Phasellus sit amet erat.', '2019-04-01 05:04:44');
insert into content (id, author, body, creation_time) values (133, 51, 'Maecenas ut massa quis augue luctus tincidunt. Nulla mollis molestie lorem. Quisque ut erat. Curabitur gravida nisi at nibh. In hac habitasse platea dictumst. Aliquam augue quam, sollicitudin vitae, consectetuer eget, rutrum at, lorem. Integer tincidunt ante vel ipsum. Praesent blandit lacinia erat. Vestibulum sed magna at nunc commodo placerat. Praesent blandit. Nam nulla. Integer pede justo, lacinia eget, tincidunt eget, tempus vel, pede.', '2019-08-07 02:00:53');
insert into content (id, author, body, creation_time) values (134, 53, 'Vestibulum ac est lacinia nisi venenatis tristique. Fusce congue, diam id ornare imperdiet, sapien urna pretium nisl, ut volutpat sapien arcu sed augue. Aliquam erat volutpat. In congue. Etiam justo. Etiam pretium iaculis justo.', '2019-09-11 23:33:38');
insert into content (id, author, body, creation_time) values (135, 53, 'Aenean sit amet justo. Morbi ut odio. Cras mi pede, malesuada in, imperdiet et, commodo vulputate, justo. In blandit ultrices enim. Lorem ipsum dolor sit amet, consectetuer adipiscing elit. Proin interdum mauris non ligula pellentesque ultrices. Phasellus id sapien in sapien iaculis congue. Vivamus metus arcu, adipiscing molestie, hendrerit at, vulputate vitae, nisl.', '2019-06-02 00:26:36');
insert into content (id, author, body, creation_time) values (136, 24, 'Suspendisse potenti. In eleifend quam a odio. In hac habitasse platea dictumst.', '2020-03-22 02:13:18');
insert into content (id, author, body, creation_time) values (137, null, 'In hac habitasse platea dictumst. Morbi vestibulum, velit id pretium iaculis, diam erat fermentum justo, nec condimentum neque sapien placerat ante. Nulla justo. Aliquam quis turpis eget elit sodales scelerisque. Mauris sit amet eros. Suspendisse accumsan tortor quis turpis. Sed ante. Vivamus tortor. Duis mattis egestas metus. Aenean fermentum. Donec ut mauris eget massa tempor convallis. Nulla neque libero, convallis eget, eleifend luctus, ultricies eu, nibh.', '2020-03-01 02:13:57');
insert into content (id, author, body, creation_time) values (138, 50, 'Ut at dolor quis odio consequat varius. Integer ac leo. Pellentesque ultrices mattis odio. Donec vitae nisi. Nam ultrices, libero non mattis pulvinar, nulla pede ullamcorper augue, a suscipit nulla elit ac nulla. Sed vel enim sit amet nunc viverra dapibus.', '2019-08-05 09:10:10');
insert into content (id, author, body, creation_time) values (139, 74, 'Aenean sit amet justo. Morbi ut odio. Cras mi pede, malesuada in, imperdiet et, commodo vulputate, justo. In blandit ultrices enim. Lorem ipsum dolor sit amet, consectetuer adipiscing elit. Proin interdum mauris non ligula pellentesque ultrices. Phasellus id sapien in sapien iaculis congue. Vivamus metus arcu, adipiscing molestie, hendrerit at, vulputate vitae, nisl. Aenean lectus. Pellentesque eget nunc. Donec quis orci eget orci vehicula condimentum. Curabitur in libero ut massa volutpat convallis. Morbi odio odio, elementum eu, interdum eu, tincidunt in, leo.', '2020-01-03 16:49:36');
insert into content (id, author, body, creation_time) values (140, 98, 'Duis consequat dui nec nisi volutpat eleifend. Donec ut dolor. Morbi vel lectus in quam fringilla rhoncus. Mauris enim leo, rhoncus sed, vestibulum sit amet, cursus id, turpis. Integer aliquet, massa id lobortis convallis, tortor risus dapibus augue, vel accumsan tellus nisi eu orci. Mauris lacinia sapien quis libero. Nullam sit amet turpis elementum ligula vehicula consequat. Morbi a ipsum. Integer a nibh. In quis justo. Maecenas rhoncus aliquam lacus.', '2019-07-05 09:31:52');
insert into content (id, author, body, creation_time) values (141, 59, 'Vestibulum ac est lacinia nisi venenatis tristique. Fusce congue, diam id ornare imperdiet, sapien urna pretium nisl, ut volutpat sapien arcu sed augue. Aliquam erat volutpat. In congue. Etiam justo. Etiam pretium iaculis justo. In hac habitasse platea dictumst.', '2020-02-25 11:10:27');
insert into content (id, author, body, creation_time) values (142, 51, 'Duis bibendum, felis sed interdum venenatis, turpis enim blandit mi, in porttitor pede justo eu massa. Donec dapibus. Duis at velit eu est congue elementum. In hac habitasse platea dictumst. Morbi vestibulum, velit id pretium iaculis, diam erat fermentum justo, nec condimentum neque sapien placerat ante. Nulla justo. Aliquam quis turpis eget elit sodales scelerisque. Mauris sit amet eros. Suspendisse accumsan tortor quis turpis. Sed ante. Vivamus tortor. Duis mattis egestas metus. Aenean fermentum. Donec ut mauris eget massa tempor convallis. Nulla neque libero, convallis eget, eleifend luctus, ultricies eu, nibh.', '2019-04-22 12:41:40');
insert into content (id, author, body, creation_time) values (143, 42, 'Pellentesque at nulla. Suspendisse potenti. Cras in purus eu magna vulputate luctus. Cum sociis natoque penatibus et magnis dis parturient montes, nascetur ridiculus mus. Vivamus vestibulum sagittis sapien. Cum sociis natoque penatibus et magnis dis parturient montes, nascetur ridiculus mus. Etiam vel augue. Vestibulum rutrum rutrum neque. Aenean auctor gravida sem. Praesent id massa id nisl venenatis lacinia. Aenean sit amet justo.', '2019-10-28 08:39:09');
insert into content (id, author, body, creation_time) values (144, 22, 'Curabitur gravida nisi at nibh. In hac habitasse platea dictumst. Aliquam augue quam, sollicitudin vitae, consectetuer eget, rutrum at, lorem. Integer tincidunt ante vel ipsum. Praesent blandit lacinia erat. Vestibulum sed magna at nunc commodo placerat. Praesent blandit. Nam nulla.', '2019-12-29 04:41:11');
insert into content (id, author, body, creation_time) values (145, 99, 'Vivamus vestibulum sagittis sapien. Cum sociis natoque penatibus et magnis dis parturient montes, nascetur ridiculus mus. Etiam vel augue. Vestibulum rutrum rutrum neque. Aenean auctor gravida sem.', '2019-09-14 03:22:06');
insert into content (id, author, body, creation_time) values (146, 58, 'Morbi odio odio, elementum eu, interdum eu, tincidunt in, leo. Maecenas pulvinar lobortis est. Phasellus sit amet erat. Nulla tempus. Vivamus in felis eu sapien cursus vestibulum. Proin eu mi. Nulla ac enim. In tempor, turpis nec euismod scelerisque, quam turpis adipiscing lorem, vitae mattis nibh ligula nec sem. Duis aliquam convallis nunc. Proin at turpis a pede posuere nonummy. Integer non velit. Donec diam neque, vestibulum eget, vulputate ut, ultrices vel, augue. Vestibulum ante ipsum primis in faucibus orci luctus et ultrices posuere cubilia Curae; Donec pharetra, magna vestibulum aliquet ultrices, erat tortor sollicitudin mi, sit amet lobortis sapien sapien non mi.', '2019-11-08 00:43:38');
insert into content (id, author, body, creation_time) values (147, 63, 'Integer ac leo. Pellentesque ultrices mattis odio.', '2019-10-09 01:49:00');
insert into content (id, author, body, creation_time) values (148, 93, 'Fusce consequat. Nulla nisl. Nunc nisl. Duis bibendum, felis sed interdum venenatis, turpis enim blandit mi, in porttitor pede justo eu massa. Donec dapibus. Duis at velit eu est congue elementum. In hac habitasse platea dictumst. Morbi vestibulum, velit id pretium iaculis, diam erat fermentum justo, nec condimentum neque sapien placerat ante. Nulla justo. Aliquam quis turpis eget elit sodales scelerisque. Mauris sit amet eros. Suspendisse accumsan tortor quis turpis.', '2020-01-21 18:00:06');
insert into content (id, author, body, creation_time) values (149, 69, 'Donec odio justo, sollicitudin ut, suscipit a, feugiat et, eros. Vestibulum ac est lacinia nisi venenatis tristique. Fusce congue, diam id ornare imperdiet, sapien urna pretium nisl, ut volutpat sapien arcu sed augue. Aliquam erat volutpat. In congue. Etiam justo. Etiam pretium iaculis justo. In hac habitasse platea dictumst. Etiam faucibus cursus urna. Ut tellus. Nulla ut erat id mauris vulputate elementum. Nullam varius. Nulla facilisi. Cras non velit nec nisi vulputate nonummy. Maecenas tincidunt lacus at velit.', '2020-03-21 23:07:44');
insert into content (id, author, body, creation_time) values (150, 7, 'Mauris enim leo, rhoncus sed, vestibulum sit amet, cursus id, turpis. Integer aliquet, massa id lobortis convallis, tortor risus dapibus augue, vel accumsan tellus nisi eu orci. Mauris lacinia sapien quis libero. Nullam sit amet turpis elementum ligula vehicula consequat. Morbi a ipsum. Integer a nibh. In quis justo. Maecenas rhoncus aliquam lacus. Morbi quis tortor id nulla ultrices aliquet.', '2019-12-25 00:26:56');
insert into content (id, author, body, creation_time) values (151, null, 'Nullam orci pede, venenatis non, sodales sed, tincidunt eu, felis. Fusce posuere felis sed lacus. Morbi sem mauris, laoreet ut, rhoncus aliquet, pulvinar sed, nisl. Nunc rhoncus dui vel sem. Sed sagittis. Nam congue, risus semper porta volutpat, quam pede lobortis ligula, sit amet eleifend pede libero quis orci. Nullam molestie nibh in lectus. Pellentesque at nulla.', '2019-07-13 23:12:16');
insert into content (id, author, body, creation_time) values (152, 74, 'Sed ante. Vivamus tortor. Duis mattis egestas metus. Aenean fermentum. Donec ut mauris eget massa tempor convallis. Nulla neque libero, convallis eget, eleifend luctus, ultricies eu, nibh. Quisque id justo sit amet sapien dignissim vestibulum.', '2020-03-06 22:12:14');
insert into content (id, author, body, creation_time) values (153, 86, 'Nullam orci pede, venenatis non, sodales sed, tincidunt eu, felis. Fusce posuere felis sed lacus. Morbi sem mauris, laoreet ut, rhoncus aliquet, pulvinar sed, nisl. Nunc rhoncus dui vel sem. Sed sagittis.', '2020-03-01 21:37:48');
insert into content (id, author, body, creation_time) values (154, 77, 'Nulla nisl. Nunc nisl. Duis bibendum, felis sed interdum venenatis, turpis enim blandit mi, in porttitor pede justo eu massa. Donec dapibus. Duis at velit eu est congue elementum.', '2020-03-15 03:55:31');
insert into content (id, author, body, creation_time) values (155, 66, 'Proin risus. Praesent lectus. Vestibulum quam sapien, varius ut, blandit non, interdum in, ante. Vestibulum ante ipsum primis in faucibus orci luctus et ultrices posuere cubilia Curae; Duis faucibus accumsan odio. Curabitur convallis. Duis consequat dui nec nisi volutpat eleifend. Donec ut dolor. Morbi vel lectus in quam fringilla rhoncus. Mauris enim leo, rhoncus sed, vestibulum sit amet, cursus id, turpis. Integer aliquet, massa id lobortis convallis, tortor risus dapibus augue, vel accumsan tellus nisi eu orci. Mauris lacinia sapien quis libero. Nullam sit amet turpis elementum ligula vehicula consequat. Morbi a ipsum. Integer a nibh.', '2019-05-31 03:31:26');
insert into content (id, author, body, creation_time) values (156, 47, 'Etiam vel augue. Vestibulum rutrum rutrum neque.', '2019-06-07 05:03:38');
insert into content (id, author, body, creation_time) values (157, 64, 'Vestibulum ante ipsum primis in faucibus orci luctus et ultrices posuere cubilia Curae; Nulla dapibus dolor vel est. Donec odio justo, sollicitudin ut, suscipit a, feugiat et, eros. Vestibulum ac est lacinia nisi venenatis tristique. Fusce congue, diam id ornare imperdiet, sapien urna pretium nisl, ut volutpat sapien arcu sed augue. Aliquam erat volutpat. In congue. Etiam justo.', '2019-07-05 15:20:02');
insert into content (id, author, body, creation_time) values (158, 10, 'In blandit ultrices enim. Lorem ipsum dolor sit amet, consectetuer adipiscing elit. Proin interdum mauris non ligula pellentesque ultrices. Phasellus id sapien in sapien iaculis congue. Vivamus metus arcu, adipiscing molestie, hendrerit at, vulputate vitae, nisl. Aenean lectus. Pellentesque eget nunc. Donec quis orci eget orci vehicula condimentum.', '2019-03-31 13:38:49');
insert into content (id, author, body, creation_time) values (159, 9, 'Vivamus vestibulum sagittis sapien. Cum sociis natoque penatibus et magnis dis parturient montes, nascetur ridiculus mus. Etiam vel augue. Vestibulum rutrum rutrum neque.', '2019-11-07 14:56:39');
insert into content (id, author, body, creation_time) values (160, 34, 'Vestibulum ac est lacinia nisi venenatis tristique. Fusce congue, diam id ornare imperdiet, sapien urna pretium nisl, ut volutpat sapien arcu sed augue. Aliquam erat volutpat. In congue. Etiam justo. Etiam pretium iaculis justo. In hac habitasse platea dictumst.', '2019-06-09 12:39:15');
insert into content (id, author, body, creation_time) values (161, 46, 'Integer pede justo, lacinia eget, tincidunt eget, tempus vel, pede. Morbi porttitor lorem id ligula. Suspendisse ornare consequat lectus. In est risus, auctor sed, tristique in, tempus sit amet, sem. Fusce consequat. Nulla nisl. Nunc nisl. Duis bibendum, felis sed interdum venenatis, turpis enim blandit mi, in porttitor pede justo eu massa.', '2019-12-23 02:52:42');
insert into content (id, author, body, creation_time) values (162, 86, 'Maecenas tincidunt lacus at velit. Vivamus vel nulla eget eros elementum pellentesque. Quisque porta volutpat erat. Quisque erat eros, viverra eget, congue eget, semper rutrum, nulla. Nunc purus. Phasellus in felis. Donec semper sapien a libero. Nam dui. Proin leo odio, porttitor id, consequat in, consequat ut, nulla.', '2020-01-09 18:27:35');
insert into content (id, author, body, creation_time) values (163, 41, 'Morbi ut odio. Cras mi pede, malesuada in, imperdiet et, commodo vulputate, justo. In blandit ultrices enim. Lorem ipsum dolor sit amet, consectetuer adipiscing elit. Proin interdum mauris non ligula pellentesque ultrices. Phasellus id sapien in sapien iaculis congue. Vivamus metus arcu, adipiscing molestie, hendrerit at, vulputate vitae, nisl. Aenean lectus. Pellentesque eget nunc. Donec quis orci eget orci vehicula condimentum. Curabitur in libero ut massa volutpat convallis.', '2019-05-12 09:37:28');
insert into content (id, author, body, creation_time) values (164, 97, 'Nullam sit amet turpis elementum ligula vehicula consequat. Morbi a ipsum. Integer a nibh. In quis justo. Maecenas rhoncus aliquam lacus. Morbi quis tortor id nulla ultrices aliquet. Maecenas leo odio, condimentum id, luctus nec, molestie sed, justo. Pellentesque viverra pede ac diam. Cras pellentesque volutpat dui. Maecenas tristique, est et tempus semper, est quam pharetra magna, ac consequat metus sapien ut nunc. Vestibulum ante ipsum primis in faucibus orci luctus et ultrices posuere cubilia Curae; Mauris viverra diam vitae quam.', '2019-09-02 17:16:47');
insert into content (id, author, body, creation_time) values (165, 16, 'Donec posuere metus vitae ipsum. Aliquam non mauris. Morbi non lectus. Aliquam sit amet diam in magna bibendum imperdiet. Nullam orci pede, venenatis non, sodales sed, tincidunt eu, felis.', '2020-03-02 15:17:32');
insert into content (id, author, body, creation_time) values (166, null, 'Vestibulum rutrum rutrum neque. Aenean auctor gravida sem. Praesent id massa id nisl venenatis lacinia. Aenean sit amet justo. Morbi ut odio. Cras mi pede, malesuada in, imperdiet et, commodo vulputate, justo. In blandit ultrices enim. Lorem ipsum dolor sit amet, consectetuer adipiscing elit. Proin interdum mauris non ligula pellentesque ultrices. Phasellus id sapien in sapien iaculis congue.', '2019-05-01 17:35:02');
insert into content (id, author, body, creation_time) values (167, 66, 'Donec vitae nisi. Nam ultrices, libero non mattis pulvinar, nulla pede ullamcorper augue, a suscipit nulla elit ac nulla. Sed vel enim sit amet nunc viverra dapibus. Nulla suscipit ligula in lacus.', '2019-10-09 00:02:29');
insert into content (id, author, body, creation_time) values (168, 65, 'Nunc rhoncus dui vel sem. Sed sagittis. Nam congue, risus semper porta volutpat, quam pede lobortis ligula, sit amet eleifend pede libero quis orci. Nullam molestie nibh in lectus. Pellentesque at nulla.', '2019-06-07 15:06:01');
insert into content (id, author, body, creation_time) values (169, 97, 'Proin risus. Praesent lectus. Vestibulum quam sapien, varius ut, blandit non, interdum in, ante. Vestibulum ante ipsum primis in faucibus orci luctus et ultrices posuere cubilia Curae; Duis faucibus accumsan odio. Curabitur convallis. Duis consequat dui nec nisi volutpat eleifend. Donec ut dolor. Morbi vel lectus in quam fringilla rhoncus. Mauris enim leo, rhoncus sed, vestibulum sit amet, cursus id, turpis. Integer aliquet, massa id lobortis convallis, tortor risus dapibus augue, vel accumsan tellus nisi eu orci. Mauris lacinia sapien quis libero.', '2019-10-11 01:13:25');
insert into content (id, author, body, creation_time) values (170, 6, 'Curabitur gravida nisi at nibh. In hac habitasse platea dictumst. Aliquam augue quam, sollicitudin vitae, consectetuer eget, rutrum at, lorem. Integer tincidunt ante vel ipsum. Praesent blandit lacinia erat. Vestibulum sed magna at nunc commodo placerat. Praesent blandit. Nam nulla.', '2019-06-07 18:36:36');
insert into content (id, author, body, creation_time) values (171, 25, 'Quisque arcu libero, rutrum ac, lobortis vel, dapibus at, diam. Nam tristique tortor eu pede.', '2019-08-10 13:02:43');
insert into content (id, author, body, creation_time) values (172, 13, 'Morbi vel lectus in quam fringilla rhoncus. Mauris enim leo, rhoncus sed, vestibulum sit amet, cursus id, turpis. Integer aliquet, massa id lobortis convallis, tortor risus dapibus augue, vel accumsan tellus nisi eu orci. Mauris lacinia sapien quis libero. Nullam sit amet turpis elementum ligula vehicula consequat. Morbi a ipsum. Integer a nibh. In quis justo. Maecenas rhoncus aliquam lacus. Morbi quis tortor id nulla ultrices aliquet. Maecenas leo odio, condimentum id, luctus nec, molestie sed, justo. Pellentesque viverra pede ac diam. Cras pellentesque volutpat dui. Maecenas tristique, est et tempus semper, est quam pharetra magna, ac consequat metus sapien ut nunc. Vestibulum ante ipsum primis in faucibus orci luctus et ultrices posuere cubilia Curae; Mauris viverra diam vitae quam.', '2019-11-23 11:55:26');
insert into content (id, author, body, creation_time) values (173, null, 'In est risus, auctor sed, tristique in, tempus sit amet, sem. Fusce consequat. Nulla nisl. Nunc nisl. Duis bibendum, felis sed interdum venenatis, turpis enim blandit mi, in porttitor pede justo eu massa. Donec dapibus. Duis at velit eu est congue elementum. In hac habitasse platea dictumst. Morbi vestibulum, velit id pretium iaculis, diam erat fermentum justo, nec condimentum neque sapien placerat ante. Nulla justo. Aliquam quis turpis eget elit sodales scelerisque. Mauris sit amet eros.', '2020-02-05 06:31:52');
insert into content (id, author, body, creation_time) values (174, 3, 'Proin risus. Praesent lectus. Vestibulum quam sapien, varius ut, blandit non, interdum in, ante. Vestibulum ante ipsum primis in faucibus orci luctus et ultrices posuere cubilia Curae; Duis faucibus accumsan odio. Curabitur convallis. Duis consequat dui nec nisi volutpat eleifend. Donec ut dolor. Morbi vel lectus in quam fringilla rhoncus. Mauris enim leo, rhoncus sed, vestibulum sit amet, cursus id, turpis. Integer aliquet, massa id lobortis convallis, tortor risus dapibus augue, vel accumsan tellus nisi eu orci. Mauris lacinia sapien quis libero. Nullam sit amet turpis elementum ligula vehicula consequat.', '2019-10-17 03:43:21');
insert into content (id, author, body, creation_time) values (175, 94, 'Nunc purus. Phasellus in felis. Donec semper sapien a libero. Nam dui. Proin leo odio, porttitor id, consequat in, consequat ut, nulla. Sed accumsan felis. Ut at dolor quis odio consequat varius. Integer ac leo. Pellentesque ultrices mattis odio.', '2019-08-29 08:51:25');
insert into content (id, author, body, creation_time) values (176, null, 'Etiam justo.', '2020-03-13 03:34:44');
insert into content (id, author, body, creation_time) values (177, 28, 'Proin eu mi.', '2019-04-09 16:49:48');
insert into content (id, author, body, creation_time) values (178, 54, 'Proin risus. Praesent lectus. Vestibulum quam sapien, varius ut, blandit non, interdum in, ante. Vestibulum ante ipsum primis in faucibus orci luctus et ultrices posuere cubilia Curae; Duis faucibus accumsan odio. Curabitur convallis.', '2019-08-07 11:05:47');
insert into content (id, author, body, creation_time) values (179, 82, 'Nullam porttitor lacus at turpis. Donec posuere metus vitae ipsum. Aliquam non mauris. Morbi non lectus. Aliquam sit amet diam in magna bibendum imperdiet. Nullam orci pede, venenatis non, sodales sed, tincidunt eu, felis. Fusce posuere felis sed lacus. Morbi sem mauris, laoreet ut, rhoncus aliquet, pulvinar sed, nisl. Nunc rhoncus dui vel sem. Sed sagittis. Nam congue, risus semper porta volutpat, quam pede lobortis ligula, sit amet eleifend pede libero quis orci.', '2020-03-02 06:38:07');
insert into content (id, author, body, creation_time) values (180, 40, 'In quis justo. Maecenas rhoncus aliquam lacus. Morbi quis tortor id nulla ultrices aliquet. Maecenas leo odio, condimentum id, luctus nec, molestie sed, justo. Pellentesque viverra pede ac diam. Cras pellentesque volutpat dui. Maecenas tristique, est et tempus semper, est quam pharetra magna, ac consequat metus sapien ut nunc. Vestibulum ante ipsum primis in faucibus orci luctus et ultrices posuere cubilia Curae; Mauris viverra diam vitae quam.', '2020-03-04 18:46:57');
insert into content (id, author, body, creation_time) values (181, 77, 'Aenean lectus. Pellentesque eget nunc. Donec quis orci eget orci vehicula condimentum. Curabitur in libero ut massa volutpat convallis.', '2019-10-31 18:29:41');
insert into content (id, author, body, creation_time) values (182, 46, 'Quisque erat eros, viverra eget, congue eget, semper rutrum, nulla. Nunc purus.', '2020-02-18 09:02:08');
insert into content (id, author, body, creation_time) values (183, 6, 'Donec semper sapien a libero.', '2019-10-18 17:24:43');
insert into content (id, author, body, creation_time) values (184, 49, 'Nulla mollis molestie lorem. Quisque ut erat. Curabitur gravida nisi at nibh. In hac habitasse platea dictumst. Aliquam augue quam, sollicitudin vitae, consectetuer eget, rutrum at, lorem. Integer tincidunt ante vel ipsum. Praesent blandit lacinia erat. Vestibulum sed magna at nunc commodo placerat.', '2019-11-03 09:06:34');
insert into content (id, author, body, creation_time) values (185, 85, 'Maecenas tristique, est et tempus semper, est quam pharetra magna, ac consequat metus sapien ut nunc. Vestibulum ante ipsum primis in faucibus orci luctus et ultrices posuere cubilia Curae; Mauris viverra diam vitae quam. Suspendisse potenti. Nullam porttitor lacus at turpis. Donec posuere metus vitae ipsum. Aliquam non mauris. Morbi non lectus. Aliquam sit amet diam in magna bibendum imperdiet. Nullam orci pede, venenatis non, sodales sed, tincidunt eu, felis.', '2019-05-28 06:17:43');
insert into content (id, author, body, creation_time) values (186, 84, 'Morbi quis tortor id nulla ultrices aliquet. Maecenas leo odio, condimentum id, luctus nec, molestie sed, justo. Pellentesque viverra pede ac diam. Cras pellentesque volutpat dui. Maecenas tristique, est et tempus semper, est quam pharetra magna, ac consequat metus sapien ut nunc. Vestibulum ante ipsum primis in faucibus orci luctus et ultrices posuere cubilia Curae; Mauris viverra diam vitae quam. Suspendisse potenti. Nullam porttitor lacus at turpis. Donec posuere metus vitae ipsum. Aliquam non mauris. Morbi non lectus.', '2020-02-20 17:21:58');
insert into content (id, author, body, creation_time) values (187, 95, 'Integer ac neque. Duis bibendum. Morbi non quam nec dui luctus rutrum. Nulla tellus. In sagittis dui vel nisl. Duis ac nibh. Fusce lacus purus, aliquet at, feugiat non, pretium quis, lectus. Suspendisse potenti. In eleifend quam a odio.', '2019-04-04 21:58:13');
insert into content (id, author, body, creation_time) values (188, 8, 'Morbi non lectus. Aliquam sit amet diam in magna bibendum imperdiet. Nullam orci pede, venenatis non, sodales sed, tincidunt eu, felis. Fusce posuere felis sed lacus. Morbi sem mauris, laoreet ut, rhoncus aliquet, pulvinar sed, nisl.', '2019-07-09 11:16:38');
insert into content (id, author, body, creation_time) values (189, 36, 'In hac habitasse platea dictumst. Aliquam augue quam, sollicitudin vitae, consectetuer eget, rutrum at, lorem. Integer tincidunt ante vel ipsum. Praesent blandit lacinia erat. Vestibulum sed magna at nunc commodo placerat. Praesent blandit. Nam nulla. Integer pede justo, lacinia eget, tincidunt eget, tempus vel, pede. Morbi porttitor lorem id ligula. Suspendisse ornare consequat lectus. In est risus, auctor sed, tristique in, tempus sit amet, sem. Fusce consequat.', '2019-07-29 13:05:59');
insert into content (id, author, body, creation_time) values (190, 50, 'Quisque id justo sit amet sapien dignissim vestibulum. Vestibulum ante ipsum primis in faucibus orci luctus et ultrices posuere cubilia Curae; Nulla dapibus dolor vel est. Donec odio justo, sollicitudin ut, suscipit a, feugiat et, eros. Vestibulum ac est lacinia nisi venenatis tristique.', '2019-05-09 02:31:49');
insert into content (id, author, body, creation_time) values (191, 82, 'Mauris sit amet eros. Suspendisse accumsan tortor quis turpis. Sed ante. Vivamus tortor. Duis mattis egestas metus. Aenean fermentum. Donec ut mauris eget massa tempor convallis. Nulla neque libero, convallis eget, eleifend luctus, ultricies eu, nibh. Quisque id justo sit amet sapien dignissim vestibulum. Vestibulum ante ipsum primis in faucibus orci luctus et ultrices posuere cubilia Curae; Nulla dapibus dolor vel est. Donec odio justo, sollicitudin ut, suscipit a, feugiat et, eros. Vestibulum ac est lacinia nisi venenatis tristique.', '2019-07-26 09:17:09');
insert into content (id, author, body, creation_time) values (192, null, 'Nulla suscipit ligula in lacus. Curabitur at ipsum ac tellus semper interdum. Mauris ullamcorper purus sit amet nulla.', '2019-12-25 23:10:13');
insert into content (id, author, body, creation_time) values (193, 45, 'Vestibulum ante ipsum primis in faucibus orci luctus et ultrices posuere cubilia Curae; Donec pharetra, magna vestibulum aliquet ultrices, erat tortor sollicitudin mi, sit amet lobortis sapien sapien non mi. Integer ac neque. Duis bibendum. Morbi non quam nec dui luctus rutrum. Nulla tellus.', '2020-01-10 21:49:24');
insert into content (id, author, body, creation_time) values (194, null, 'Aliquam non mauris. Morbi non lectus.', '2019-06-09 18:55:42');
insert into content (id, author, body, creation_time) values (195, 15, 'Vestibulum ante ipsum primis in faucibus orci luctus et ultrices posuere cubilia Curae; Mauris viverra diam vitae quam. Suspendisse potenti. Nullam porttitor lacus at turpis. Donec posuere metus vitae ipsum. Aliquam non mauris. Morbi non lectus. Aliquam sit amet diam in magna bibendum imperdiet. Nullam orci pede, venenatis non, sodales sed, tincidunt eu, felis. Fusce posuere felis sed lacus. Morbi sem mauris, laoreet ut, rhoncus aliquet, pulvinar sed, nisl. Nunc rhoncus dui vel sem. Sed sagittis. Nam congue, risus semper porta volutpat, quam pede lobortis ligula, sit amet eleifend pede libero quis orci. Nullam molestie nibh in lectus. Pellentesque at nulla.', '2019-10-20 03:22:59');
insert into content (id, author, body, creation_time) values (196, 33, 'Mauris lacinia sapien quis libero. Nullam sit amet turpis elementum ligula vehicula consequat. Morbi a ipsum.', '2020-01-25 19:29:50');
insert into content (id, author, body, creation_time) values (197, 94, 'Quisque porta volutpat erat. Quisque erat eros, viverra eget, congue eget, semper rutrum, nulla. Nunc purus.', '2019-04-26 19:24:19');
insert into content (id, author, body, creation_time) values (198, 35, 'Aliquam non mauris. Morbi non lectus. Aliquam sit amet diam in magna bibendum imperdiet. Nullam orci pede, venenatis non, sodales sed, tincidunt eu, felis.', '2019-04-01 06:52:17');
insert into content (id, author, body, creation_time) values (199, 40, 'Suspendisse potenti. Cras in purus eu magna vulputate luctus. Cum sociis natoque penatibus et magnis dis parturient montes, nascetur ridiculus mus. Vivamus vestibulum sagittis sapien. Cum sociis natoque penatibus et magnis dis parturient montes, nascetur ridiculus mus. Etiam vel augue. Vestibulum rutrum rutrum neque. Aenean auctor gravida sem. Praesent id massa id nisl venenatis lacinia. Aenean sit amet justo. Morbi ut odio.', '2019-12-06 11:42:16');
insert into content (id, author, body, creation_time) values (200, 58, 'Suspendisse potenti. Nullam porttitor lacus at turpis. Donec posuere metus vitae ipsum. Aliquam non mauris. Morbi non lectus. Aliquam sit amet diam in magna bibendum imperdiet. Nullam orci pede, venenatis non, sodales sed, tincidunt eu, felis. Fusce posuere felis sed lacus. Morbi sem mauris, laoreet ut, rhoncus aliquet, pulvinar sed, nisl. Nunc rhoncus dui vel sem. Sed sagittis. Nam congue, risus semper porta volutpat, quam pede lobortis ligula, sit amet eleifend pede libero quis orci. Nullam molestie nibh in lectus. Pellentesque at nulla. Suspendisse potenti.', '2019-08-08 18:03:34');
insert into content (id, author, body, creation_time) values (201, 44, 'Cras mi pede, malesuada in, imperdiet et, commodo vulputate, justo. In blandit ultrices enim. Lorem ipsum dolor sit amet, consectetuer adipiscing elit. Proin interdum mauris non ligula pellentesque ultrices. Phasellus id sapien in sapien iaculis congue. Vivamus metus arcu, adipiscing molestie, hendrerit at, vulputate vitae, nisl. Aenean lectus. Pellentesque eget nunc. Donec quis orci eget orci vehicula condimentum. Curabitur in libero ut massa volutpat convallis.', '2019-10-02 08:28:24');
insert into content (id, author, body, creation_time) values (202, 35, 'Etiam vel augue. Vestibulum rutrum rutrum neque. Aenean auctor gravida sem. Praesent id massa id nisl venenatis lacinia. Aenean sit amet justo. Morbi ut odio. Cras mi pede, malesuada in, imperdiet et, commodo vulputate, justo. In blandit ultrices enim. Lorem ipsum dolor sit amet, consectetuer adipiscing elit. Proin interdum mauris non ligula pellentesque ultrices. Phasellus id sapien in sapien iaculis congue. Vivamus metus arcu, adipiscing molestie, hendrerit at, vulputate vitae, nisl. Aenean lectus. Pellentesque eget nunc.', '2020-02-23 06:41:43');
insert into content (id, author, body, creation_time) values (203, null, 'Phasellus sit amet erat. Nulla tempus. Vivamus in felis eu sapien cursus vestibulum. Proin eu mi. Nulla ac enim. In tempor, turpis nec euismod scelerisque, quam turpis adipiscing lorem, vitae mattis nibh ligula nec sem. Duis aliquam convallis nunc. Proin at turpis a pede posuere nonummy. Integer non velit. Donec diam neque, vestibulum eget, vulputate ut, ultrices vel, augue. Vestibulum ante ipsum primis in faucibus orci luctus et ultrices posuere cubilia Curae; Donec pharetra, magna vestibulum aliquet ultrices, erat tortor sollicitudin mi, sit amet lobortis sapien sapien non mi. Integer ac neque.', '2019-05-16 15:51:58');
insert into content (id, author, body, creation_time) values (204, 96, 'Morbi a ipsum. Integer a nibh. In quis justo. Maecenas rhoncus aliquam lacus. Morbi quis tortor id nulla ultrices aliquet. Maecenas leo odio, condimentum id, luctus nec, molestie sed, justo. Pellentesque viverra pede ac diam. Cras pellentesque volutpat dui.', '2019-11-03 18:35:13');
insert into content (id, author, body, creation_time) values (205, 23, 'Integer ac neque. Duis bibendum.', '2020-03-25 20:42:48');
insert into content (id, author, body, creation_time) values (206, 14, 'Morbi non lectus. Aliquam sit amet diam in magna bibendum imperdiet. Nullam orci pede, venenatis non, sodales sed, tincidunt eu, felis. Fusce posuere felis sed lacus. Morbi sem mauris, laoreet ut, rhoncus aliquet, pulvinar sed, nisl. Nunc rhoncus dui vel sem. Sed sagittis. Nam congue, risus semper porta volutpat, quam pede lobortis ligula, sit amet eleifend pede libero quis orci. Nullam molestie nibh in lectus.', '2019-06-07 16:31:03');
insert into content (id, author, body, creation_time) values (207, 90, 'Nunc purus. Phasellus in felis. Donec semper sapien a libero. Nam dui. Proin leo odio, porttitor id, consequat in, consequat ut, nulla. Sed accumsan felis. Ut at dolor quis odio consequat varius. Integer ac leo. Pellentesque ultrices mattis odio. Donec vitae nisi. Nam ultrices, libero non mattis pulvinar, nulla pede ullamcorper augue, a suscipit nulla elit ac nulla.', '2019-09-14 20:54:46');
insert into content (id, author, body, creation_time) values (208, null, 'Pellentesque at nulla. Suspendisse potenti. Cras in purus eu magna vulputate luctus. Cum sociis natoque penatibus et magnis dis parturient montes, nascetur ridiculus mus. Vivamus vestibulum sagittis sapien. Cum sociis natoque penatibus et magnis dis parturient montes, nascetur ridiculus mus. Etiam vel augue. Vestibulum rutrum rutrum neque. Aenean auctor gravida sem. Praesent id massa id nisl venenatis lacinia. Aenean sit amet justo. Morbi ut odio. Cras mi pede, malesuada in, imperdiet et, commodo vulputate, justo. In blandit ultrices enim. Lorem ipsum dolor sit amet, consectetuer adipiscing elit.', '2019-05-01 11:24:00');
insert into content (id, author, body, creation_time) values (209, 29, 'Proin risus. Praesent lectus. Vestibulum quam sapien, varius ut, blandit non, interdum in, ante. Vestibulum ante ipsum primis in faucibus orci luctus et ultrices posuere cubilia Curae; Duis faucibus accumsan odio. Curabitur convallis. Duis consequat dui nec nisi volutpat eleifend. Donec ut dolor. Morbi vel lectus in quam fringilla rhoncus. Mauris enim leo, rhoncus sed, vestibulum sit amet, cursus id, turpis. Integer aliquet, massa id lobortis convallis, tortor risus dapibus augue, vel accumsan tellus nisi eu orci. Mauris lacinia sapien quis libero. Nullam sit amet turpis elementum ligula vehicula consequat. Morbi a ipsum. Integer a nibh.', '2019-09-15 09:10:24');
insert into content (id, author, body, creation_time) values (210, 60, 'Nulla ac enim. In tempor, turpis nec euismod scelerisque, quam turpis adipiscing lorem, vitae mattis nibh ligula nec sem. Duis aliquam convallis nunc. Proin at turpis a pede posuere nonummy. Integer non velit. Donec diam neque, vestibulum eget, vulputate ut, ultrices vel, augue. Vestibulum ante ipsum primis in faucibus orci luctus et ultrices posuere cubilia Curae; Donec pharetra, magna vestibulum aliquet ultrices, erat tortor sollicitudin mi, sit amet lobortis sapien sapien non mi. Integer ac neque. Duis bibendum. Morbi non quam nec dui luctus rutrum. Nulla tellus. In sagittis dui vel nisl. Duis ac nibh. Fusce lacus purus, aliquet at, feugiat non, pretium quis, lectus.', '2019-10-07 12:29:11');
insert into content (id, author, body, creation_time) values (211, 71, 'Nunc nisl. Duis bibendum, felis sed interdum venenatis, turpis enim blandit mi, in porttitor pede justo eu massa. Donec dapibus. Duis at velit eu est congue elementum. In hac habitasse platea dictumst. Morbi vestibulum, velit id pretium iaculis, diam erat fermentum justo, nec condimentum neque sapien placerat ante. Nulla justo. Aliquam quis turpis eget elit sodales scelerisque. Mauris sit amet eros.', '2019-12-18 00:44:21');
insert into content (id, author, body, creation_time) values (212, 6, 'Praesent lectus. Vestibulum quam sapien, varius ut, blandit non, interdum in, ante.', '2019-05-24 18:44:47');
insert into content (id, author, body, creation_time) values (213, 73, 'Curabitur gravida nisi at nibh. In hac habitasse platea dictumst. Aliquam augue quam, sollicitudin vitae, consectetuer eget, rutrum at, lorem. Integer tincidunt ante vel ipsum. Praesent blandit lacinia erat. Vestibulum sed magna at nunc commodo placerat. Praesent blandit. Nam nulla. Integer pede justo, lacinia eget, tincidunt eget, tempus vel, pede. Morbi porttitor lorem id ligula.', '2019-05-25 05:33:14');
insert into content (id, author, body, creation_time) values (214, 94, 'Pellentesque viverra pede ac diam. Cras pellentesque volutpat dui. Maecenas tristique, est et tempus semper, est quam pharetra magna, ac consequat metus sapien ut nunc. Vestibulum ante ipsum primis in faucibus orci luctus et ultrices posuere cubilia Curae; Mauris viverra diam vitae quam. Suspendisse potenti. Nullam porttitor lacus at turpis. Donec posuere metus vitae ipsum. Aliquam non mauris. Morbi non lectus. Aliquam sit amet diam in magna bibendum imperdiet.', '2020-01-19 13:28:37');
insert into content (id, author, body, creation_time) values (215, 2, 'Fusce posuere felis sed lacus. Morbi sem mauris, laoreet ut, rhoncus aliquet, pulvinar sed, nisl. Nunc rhoncus dui vel sem. Sed sagittis. Nam congue, risus semper porta volutpat, quam pede lobortis ligula, sit amet eleifend pede libero quis orci. Nullam molestie nibh in lectus. Pellentesque at nulla. Suspendisse potenti. Cras in purus eu magna vulputate luctus. Cum sociis natoque penatibus et magnis dis parturient montes, nascetur ridiculus mus. Vivamus vestibulum sagittis sapien. Cum sociis natoque penatibus et magnis dis parturient montes, nascetur ridiculus mus. Etiam vel augue.', '2019-04-02 00:37:49');
insert into content (id, author, body, creation_time) values (216, 9, 'Nam congue, risus semper porta volutpat, quam pede lobortis ligula, sit amet eleifend pede libero quis orci. Nullam molestie nibh in lectus. Pellentesque at nulla. Suspendisse potenti. Cras in purus eu magna vulputate luctus.', '2019-12-04 06:54:36');
insert into content (id, author, body, creation_time) values (217, 98, 'Praesent blandit lacinia erat. Vestibulum sed magna at nunc commodo placerat. Praesent blandit. Nam nulla. Integer pede justo, lacinia eget, tincidunt eget, tempus vel, pede. Morbi porttitor lorem id ligula. Suspendisse ornare consequat lectus. In est risus, auctor sed, tristique in, tempus sit amet, sem. Fusce consequat. Nulla nisl. Nunc nisl. Duis bibendum, felis sed interdum venenatis, turpis enim blandit mi, in porttitor pede justo eu massa.', '2019-05-01 23:41:59');
insert into content (id, author, body, creation_time) values (218, 32, 'Aliquam augue quam, sollicitudin vitae, consectetuer eget, rutrum at, lorem. Integer tincidunt ante vel ipsum. Praesent blandit lacinia erat. Vestibulum sed magna at nunc commodo placerat. Praesent blandit. Nam nulla. Integer pede justo, lacinia eget, tincidunt eget, tempus vel, pede. Morbi porttitor lorem id ligula. Suspendisse ornare consequat lectus. In est risus, auctor sed, tristique in, tempus sit amet, sem. Fusce consequat. Nulla nisl. Nunc nisl. Duis bibendum, felis sed interdum venenatis, turpis enim blandit mi, in porttitor pede justo eu massa.', '2019-06-20 04:28:25');
insert into content (id, author, body, creation_time) values (219, 12, 'Vestibulum ante ipsum primis in faucibus orci luctus et ultrices posuere cubilia Curae; Nulla dapibus dolor vel est. Donec odio justo, sollicitudin ut, suscipit a, feugiat et, eros. Vestibulum ac est lacinia nisi venenatis tristique. Fusce congue, diam id ornare imperdiet, sapien urna pretium nisl, ut volutpat sapien arcu sed augue. Aliquam erat volutpat. In congue. Etiam justo.', '2019-06-05 01:16:32');
insert into content (id, author, body, creation_time) values (220, 26, 'Nunc rhoncus dui vel sem. Sed sagittis. Nam congue, risus semper porta volutpat, quam pede lobortis ligula, sit amet eleifend pede libero quis orci. Nullam molestie nibh in lectus. Pellentesque at nulla. Suspendisse potenti. Cras in purus eu magna vulputate luctus. Cum sociis natoque penatibus et magnis dis parturient montes, nascetur ridiculus mus. Vivamus vestibulum sagittis sapien. Cum sociis natoque penatibus et magnis dis parturient montes, nascetur ridiculus mus. Etiam vel augue.', '2020-02-17 04:41:40');
insert into content (id, author, body, creation_time) values (221, 99, 'Nulla tellus. In sagittis dui vel nisl. Duis ac nibh. Fusce lacus purus, aliquet at, feugiat non, pretium quis, lectus. Suspendisse potenti. In eleifend quam a odio. In hac habitasse platea dictumst. Maecenas ut massa quis augue luctus tincidunt. Nulla mollis molestie lorem. Quisque ut erat. Curabitur gravida nisi at nibh. In hac habitasse platea dictumst. Aliquam augue quam, sollicitudin vitae, consectetuer eget, rutrum at, lorem. Integer tincidunt ante vel ipsum. Praesent blandit lacinia erat.', '2019-05-23 17:14:31');
insert into content (id, author, body, creation_time) values (222, 71, 'Cras in purus eu magna vulputate luctus. Cum sociis natoque penatibus et magnis dis parturient montes, nascetur ridiculus mus. Vivamus vestibulum sagittis sapien. Cum sociis natoque penatibus et magnis dis parturient montes, nascetur ridiculus mus. Etiam vel augue. Vestibulum rutrum rutrum neque. Aenean auctor gravida sem. Praesent id massa id nisl venenatis lacinia.', '2019-05-22 00:02:44');
insert into content (id, author, body, creation_time) values (223, 57, 'Cras in purus eu magna vulputate luctus. Cum sociis natoque penatibus et magnis dis parturient montes, nascetur ridiculus mus. Vivamus vestibulum sagittis sapien. Cum sociis natoque penatibus et magnis dis parturient montes, nascetur ridiculus mus. Etiam vel augue. Vestibulum rutrum rutrum neque. Aenean auctor gravida sem. Praesent id massa id nisl venenatis lacinia. Aenean sit amet justo. Morbi ut odio. Cras mi pede, malesuada in, imperdiet et, commodo vulputate, justo. In blandit ultrices enim. Lorem ipsum dolor sit amet, consectetuer adipiscing elit.', '2019-11-06 19:55:42');
insert into content (id, author, body, creation_time) values (224, null, 'Etiam faucibus cursus urna. Ut tellus. Nulla ut erat id mauris vulputate elementum. Nullam varius. Nulla facilisi. Cras non velit nec nisi vulputate nonummy. Maecenas tincidunt lacus at velit. Vivamus vel nulla eget eros elementum pellentesque. Quisque porta volutpat erat. Quisque erat eros, viverra eget, congue eget, semper rutrum, nulla.', '2019-12-23 23:51:36');
insert into content (id, author, body, creation_time) values (225, null, 'Praesent blandit. Nam nulla. Integer pede justo, lacinia eget, tincidunt eget, tempus vel, pede. Morbi porttitor lorem id ligula. Suspendisse ornare consequat lectus. In est risus, auctor sed, tristique in, tempus sit amet, sem. Fusce consequat. Nulla nisl. Nunc nisl. Duis bibendum, felis sed interdum venenatis, turpis enim blandit mi, in porttitor pede justo eu massa. Donec dapibus. Duis at velit eu est congue elementum. In hac habitasse platea dictumst. Morbi vestibulum, velit id pretium iaculis, diam erat fermentum justo, nec condimentum neque sapien placerat ante. Nulla justo.', '2019-08-03 05:51:38');
insert into content (id, author, body, creation_time) values (226, 39, 'Donec posuere metus vitae ipsum. Aliquam non mauris. Morbi non lectus. Aliquam sit amet diam in magna bibendum imperdiet. Nullam orci pede, venenatis non, sodales sed, tincidunt eu, felis. Fusce posuere felis sed lacus. Morbi sem mauris, laoreet ut, rhoncus aliquet, pulvinar sed, nisl. Nunc rhoncus dui vel sem. Sed sagittis. Nam congue, risus semper porta volutpat, quam pede lobortis ligula, sit amet eleifend pede libero quis orci. Nullam molestie nibh in lectus. Pellentesque at nulla. Suspendisse potenti. Cras in purus eu magna vulputate luctus. Cum sociis natoque penatibus et magnis dis parturient montes, nascetur ridiculus mus.', '2019-12-23 04:29:41');
insert into content (id, author, body, creation_time) values (227, 11, 'Quisque id justo sit amet sapien dignissim vestibulum. Vestibulum ante ipsum primis in faucibus orci luctus et ultrices posuere cubilia Curae; Nulla dapibus dolor vel est. Donec odio justo, sollicitudin ut, suscipit a, feugiat et, eros. Vestibulum ac est lacinia nisi venenatis tristique. Fusce congue, diam id ornare imperdiet, sapien urna pretium nisl, ut volutpat sapien arcu sed augue. Aliquam erat volutpat. In congue. Etiam justo. Etiam pretium iaculis justo.', '2019-08-18 13:48:26');
insert into content (id, author, body, creation_time) values (228, 79, 'Integer tincidunt ante vel ipsum. Praesent blandit lacinia erat.', '2019-08-07 14:24:23');
insert into content (id, author, body, creation_time) values (229, 72, 'Duis consequat dui nec nisi volutpat eleifend. Donec ut dolor. Morbi vel lectus in quam fringilla rhoncus. Mauris enim leo, rhoncus sed, vestibulum sit amet, cursus id, turpis. Integer aliquet, massa id lobortis convallis, tortor risus dapibus augue, vel accumsan tellus nisi eu orci. Mauris lacinia sapien quis libero. Nullam sit amet turpis elementum ligula vehicula consequat. Morbi a ipsum. Integer a nibh. In quis justo. Maecenas rhoncus aliquam lacus. Morbi quis tortor id nulla ultrices aliquet. Maecenas leo odio, condimentum id, luctus nec, molestie sed, justo.', '2019-11-03 12:35:34');
insert into content (id, author, body, creation_time) values (230, null, 'Maecenas tincidunt lacus at velit. Vivamus vel nulla eget eros elementum pellentesque. Quisque porta volutpat erat. Quisque erat eros, viverra eget, congue eget, semper rutrum, nulla. Nunc purus. Phasellus in felis. Donec semper sapien a libero. Nam dui. Proin leo odio, porttitor id, consequat in, consequat ut, nulla.', '2019-12-02 06:43:57');
insert into content (id, author, body, creation_time) values (231, 63, 'Donec ut dolor. Morbi vel lectus in quam fringilla rhoncus. Mauris enim leo, rhoncus sed, vestibulum sit amet, cursus id, turpis. Integer aliquet, massa id lobortis convallis, tortor risus dapibus augue, vel accumsan tellus nisi eu orci. Mauris lacinia sapien quis libero. Nullam sit amet turpis elementum ligula vehicula consequat. Morbi a ipsum. Integer a nibh. In quis justo. Maecenas rhoncus aliquam lacus. Morbi quis tortor id nulla ultrices aliquet. Maecenas leo odio, condimentum id, luctus nec, molestie sed, justo.', '2020-03-17 17:03:06');
insert into content (id, author, body, creation_time) values (232, 36, 'Nulla nisl. Nunc nisl. Duis bibendum, felis sed interdum venenatis, turpis enim blandit mi, in porttitor pede justo eu massa. Donec dapibus. Duis at velit eu est congue elementum. In hac habitasse platea dictumst. Morbi vestibulum, velit id pretium iaculis, diam erat fermentum justo, nec condimentum neque sapien placerat ante. Nulla justo. Aliquam quis turpis eget elit sodales scelerisque. Mauris sit amet eros.', '2019-09-16 02:54:02');
insert into content (id, author, body, creation_time) values (233, null, 'In congue. Etiam justo. Etiam pretium iaculis justo. In hac habitasse platea dictumst. Etiam faucibus cursus urna. Ut tellus. Nulla ut erat id mauris vulputate elementum.', '2019-04-28 19:51:33');
insert into content (id, author, body, creation_time) values (234, 63, 'Quisque ut erat. Curabitur gravida nisi at nibh. In hac habitasse platea dictumst. Aliquam augue quam, sollicitudin vitae, consectetuer eget, rutrum at, lorem. Integer tincidunt ante vel ipsum.', '2019-07-13 09:19:29');
insert into content (id, author, body, creation_time) values (235, 44, 'Integer pede justo, lacinia eget, tincidunt eget, tempus vel, pede.', '2019-03-28 15:47:35');
insert into content (id, author, body, creation_time) values (236, 92, 'Vestibulum rutrum rutrum neque. Aenean auctor gravida sem. Praesent id massa id nisl venenatis lacinia. Aenean sit amet justo. Morbi ut odio. Cras mi pede, malesuada in, imperdiet et, commodo vulputate, justo. In blandit ultrices enim. Lorem ipsum dolor sit amet, consectetuer adipiscing elit. Proin interdum mauris non ligula pellentesque ultrices. Phasellus id sapien in sapien iaculis congue. Vivamus metus arcu, adipiscing molestie, hendrerit at, vulputate vitae, nisl. Aenean lectus. Pellentesque eget nunc.', '2019-06-11 17:55:50');
insert into content (id, author, body, creation_time) values (237, 65, 'Aenean lectus.', '2020-02-19 04:29:31');
insert into content (id, author, body, creation_time) values (238, 14, 'Suspendisse potenti. Cras in purus eu magna vulputate luctus. Cum sociis natoque penatibus et magnis dis parturient montes, nascetur ridiculus mus. Vivamus vestibulum sagittis sapien. Cum sociis natoque penatibus et magnis dis parturient montes, nascetur ridiculus mus. Etiam vel augue. Vestibulum rutrum rutrum neque. Aenean auctor gravida sem. Praesent id massa id nisl venenatis lacinia. Aenean sit amet justo. Morbi ut odio. Cras mi pede, malesuada in, imperdiet et, commodo vulputate, justo.', '2019-08-21 07:27:25');
insert into content (id, author, body, creation_time) values (239, 10, 'Fusce posuere felis sed lacus. Morbi sem mauris, laoreet ut, rhoncus aliquet, pulvinar sed, nisl. Nunc rhoncus dui vel sem. Sed sagittis. Nam congue, risus semper porta volutpat, quam pede lobortis ligula, sit amet eleifend pede libero quis orci. Nullam molestie nibh in lectus. Pellentesque at nulla. Suspendisse potenti. Cras in purus eu magna vulputate luctus. Cum sociis natoque penatibus et magnis dis parturient montes, nascetur ridiculus mus. Vivamus vestibulum sagittis sapien. Cum sociis natoque penatibus et magnis dis parturient montes, nascetur ridiculus mus. Etiam vel augue. Vestibulum rutrum rutrum neque. Aenean auctor gravida sem.', '2019-12-06 19:21:41');
insert into content (id, author, body, creation_time) values (240, 55, 'Curabitur convallis. Duis consequat dui nec nisi volutpat eleifend. Donec ut dolor. Morbi vel lectus in quam fringilla rhoncus. Mauris enim leo, rhoncus sed, vestibulum sit amet, cursus id, turpis. Integer aliquet, massa id lobortis convallis, tortor risus dapibus augue, vel accumsan tellus nisi eu orci. Mauris lacinia sapien quis libero. Nullam sit amet turpis elementum ligula vehicula consequat. Morbi a ipsum.', '2019-08-26 02:26:26');
insert into content (id, author, body, creation_time) values (241, 52, 'Phasellus sit amet erat. Nulla tempus. Vivamus in felis eu sapien cursus vestibulum. Proin eu mi. Nulla ac enim. In tempor, turpis nec euismod scelerisque, quam turpis adipiscing lorem, vitae mattis nibh ligula nec sem. Duis aliquam convallis nunc. Proin at turpis a pede posuere nonummy. Integer non velit.', '2019-08-08 13:46:41');
insert into content (id, author, body, creation_time) values (242, 17, 'Nunc nisl. Duis bibendum, felis sed interdum venenatis, turpis enim blandit mi, in porttitor pede justo eu massa. Donec dapibus. Duis at velit eu est congue elementum. In hac habitasse platea dictumst. Morbi vestibulum, velit id pretium iaculis, diam erat fermentum justo, nec condimentum neque sapien placerat ante. Nulla justo. Aliquam quis turpis eget elit sodales scelerisque. Mauris sit amet eros. Suspendisse accumsan tortor quis turpis.', '2019-10-09 02:06:32');
insert into content (id, author, body, creation_time) values (243, 47, 'Donec ut mauris eget massa tempor convallis. Nulla neque libero, convallis eget, eleifend luctus, ultricies eu, nibh. Quisque id justo sit amet sapien dignissim vestibulum. Vestibulum ante ipsum primis in faucibus orci luctus et ultrices posuere cubilia Curae; Nulla dapibus dolor vel est. Donec odio justo, sollicitudin ut, suscipit a, feugiat et, eros. Vestibulum ac est lacinia nisi venenatis tristique. Fusce congue, diam id ornare imperdiet, sapien urna pretium nisl, ut volutpat sapien arcu sed augue. Aliquam erat volutpat. In congue. Etiam justo. Etiam pretium iaculis justo. In hac habitasse platea dictumst. Etiam faucibus cursus urna.', '2019-09-10 21:18:37');
insert into content (id, author, body, creation_time) values (244, 19, 'Morbi a ipsum. Integer a nibh. In quis justo. Maecenas rhoncus aliquam lacus. Morbi quis tortor id nulla ultrices aliquet. Maecenas leo odio, condimentum id, luctus nec, molestie sed, justo. Pellentesque viverra pede ac diam. Cras pellentesque volutpat dui. Maecenas tristique, est et tempus semper, est quam pharetra magna, ac consequat metus sapien ut nunc. Vestibulum ante ipsum primis in faucibus orci luctus et ultrices posuere cubilia Curae; Mauris viverra diam vitae quam. Suspendisse potenti. Nullam porttitor lacus at turpis. Donec posuere metus vitae ipsum. Aliquam non mauris. Morbi non lectus.', '2019-04-15 11:49:32');
insert into content (id, author, body, creation_time) values (245, 100, 'Vivamus tortor.', '2019-09-05 03:26:31');
insert into content (id, author, body, creation_time) values (246, 22, 'Suspendisse accumsan tortor quis turpis. Sed ante. Vivamus tortor. Duis mattis egestas metus.', '2019-05-31 16:38:32');
insert into content (id, author, body, creation_time) values (247, 66, 'Nam congue, risus semper porta volutpat, quam pede lobortis ligula, sit amet eleifend pede libero quis orci. Nullam molestie nibh in lectus. Pellentesque at nulla. Suspendisse potenti. Cras in purus eu magna vulputate luctus. Cum sociis natoque penatibus et magnis dis parturient montes, nascetur ridiculus mus. Vivamus vestibulum sagittis sapien. Cum sociis natoque penatibus et magnis dis parturient montes, nascetur ridiculus mus. Etiam vel augue. Vestibulum rutrum rutrum neque. Aenean auctor gravida sem.', '2019-03-28 11:24:27');
insert into content (id, author, body, creation_time) values (248, 60, 'Etiam pretium iaculis justo. In hac habitasse platea dictumst. Etiam faucibus cursus urna. Ut tellus. Nulla ut erat id mauris vulputate elementum. Nullam varius. Nulla facilisi. Cras non velit nec nisi vulputate nonummy. Maecenas tincidunt lacus at velit. Vivamus vel nulla eget eros elementum pellentesque. Quisque porta volutpat erat. Quisque erat eros, viverra eget, congue eget, semper rutrum, nulla. Nunc purus. Phasellus in felis. Donec semper sapien a libero.', '2020-03-20 07:36:47');
insert into content (id, author, body, creation_time) values (249, 75, 'Pellentesque viverra pede ac diam. Cras pellentesque volutpat dui. Maecenas tristique, est et tempus semper, est quam pharetra magna, ac consequat metus sapien ut nunc. Vestibulum ante ipsum primis in faucibus orci luctus et ultrices posuere cubilia Curae; Mauris viverra diam vitae quam. Suspendisse potenti. Nullam porttitor lacus at turpis. Donec posuere metus vitae ipsum. Aliquam non mauris. Morbi non lectus. Aliquam sit amet diam in magna bibendum imperdiet. Nullam orci pede, venenatis non, sodales sed, tincidunt eu, felis. Fusce posuere felis sed lacus. Morbi sem mauris, laoreet ut, rhoncus aliquet, pulvinar sed, nisl. Nunc rhoncus dui vel sem. Sed sagittis.', '2019-10-21 03:59:52');
insert into content (id, author, body, creation_time) values (250, 68, 'Cum sociis natoque penatibus et magnis dis parturient montes, nascetur ridiculus mus. Vivamus vestibulum sagittis sapien. Cum sociis natoque penatibus et magnis dis parturient montes, nascetur ridiculus mus. Etiam vel augue. Vestibulum rutrum rutrum neque. Aenean auctor gravida sem.', '2019-08-10 21:29:09');
insert into content (id, author, body, creation_time) values (251, null, 'Aenean auctor gravida sem. Praesent id massa id nisl venenatis lacinia. Aenean sit amet justo. Morbi ut odio. Cras mi pede, malesuada in, imperdiet et, commodo vulputate, justo. In blandit ultrices enim. Lorem ipsum dolor sit amet, consectetuer adipiscing elit. Proin interdum mauris non ligula pellentesque ultrices. Phasellus id sapien in sapien iaculis congue. Vivamus metus arcu, adipiscing molestie, hendrerit at, vulputate vitae, nisl. Aenean lectus. Pellentesque eget nunc. Donec quis orci eget orci vehicula condimentum. Curabitur in libero ut massa volutpat convallis. Morbi odio odio, elementum eu, interdum eu, tincidunt in, leo.', '2019-07-17 00:15:10');
insert into content (id, author, body, creation_time) values (252, 75, 'Donec ut dolor. Morbi vel lectus in quam fringilla rhoncus. Mauris enim leo, rhoncus sed, vestibulum sit amet, cursus id, turpis.', '2019-10-30 02:06:50');
insert into content (id, author, body, creation_time) values (253, 94, 'In blandit ultrices enim. Lorem ipsum dolor sit amet, consectetuer adipiscing elit. Proin interdum mauris non ligula pellentesque ultrices. Phasellus id sapien in sapien iaculis congue. Vivamus metus arcu, adipiscing molestie, hendrerit at, vulputate vitae, nisl. Aenean lectus. Pellentesque eget nunc. Donec quis orci eget orci vehicula condimentum. Curabitur in libero ut massa volutpat convallis. Morbi odio odio, elementum eu, interdum eu, tincidunt in, leo. Maecenas pulvinar lobortis est. Phasellus sit amet erat.', '2020-03-10 23:15:23');
insert into content (id, author, body, creation_time) values (254, 52, 'Morbi quis tortor id nulla ultrices aliquet. Maecenas leo odio, condimentum id, luctus nec, molestie sed, justo. Pellentesque viverra pede ac diam. Cras pellentesque volutpat dui. Maecenas tristique, est et tempus semper, est quam pharetra magna, ac consequat metus sapien ut nunc. Vestibulum ante ipsum primis in faucibus orci luctus et ultrices posuere cubilia Curae; Mauris viverra diam vitae quam. Suspendisse potenti.', '2019-10-17 06:17:49');
insert into content (id, author, body, creation_time) values (255, 25, 'Nullam varius. Nulla facilisi.', '2019-11-04 18:29:34');
insert into content (id, author, body, creation_time) values (256, 11, 'Nunc nisl. Duis bibendum, felis sed interdum venenatis, turpis enim blandit mi, in porttitor pede justo eu massa. Donec dapibus. Duis at velit eu est congue elementum. In hac habitasse platea dictumst. Morbi vestibulum, velit id pretium iaculis, diam erat fermentum justo, nec condimentum neque sapien placerat ante. Nulla justo. Aliquam quis turpis eget elit sodales scelerisque. Mauris sit amet eros. Suspendisse accumsan tortor quis turpis. Sed ante. Vivamus tortor.', '2019-12-09 13:43:22');
insert into content (id, author, body, creation_time) values (257, 36, 'Aenean lectus. Pellentesque eget nunc. Donec quis orci eget orci vehicula condimentum. Curabitur in libero ut massa volutpat convallis. Morbi odio odio, elementum eu, interdum eu, tincidunt in, leo. Maecenas pulvinar lobortis est. Phasellus sit amet erat. Nulla tempus. Vivamus in felis eu sapien cursus vestibulum. Proin eu mi. Nulla ac enim. In tempor, turpis nec euismod scelerisque, quam turpis adipiscing lorem, vitae mattis nibh ligula nec sem. Duis aliquam convallis nunc. Proin at turpis a pede posuere nonummy.', '2019-10-11 06:27:56');
insert into content (id, author, body, creation_time) values (258, 26, 'Integer tincidunt ante vel ipsum. Praesent blandit lacinia erat. Vestibulum sed magna at nunc commodo placerat. Praesent blandit. Nam nulla. Integer pede justo, lacinia eget, tincidunt eget, tempus vel, pede. Morbi porttitor lorem id ligula. Suspendisse ornare consequat lectus. In est risus, auctor sed, tristique in, tempus sit amet, sem. Fusce consequat.', '2019-05-23 01:27:49');
insert into content (id, author, body, creation_time) values (259, 72, 'Sed accumsan felis. Ut at dolor quis odio consequat varius. Integer ac leo. Pellentesque ultrices mattis odio. Donec vitae nisi. Nam ultrices, libero non mattis pulvinar, nulla pede ullamcorper augue, a suscipit nulla elit ac nulla. Sed vel enim sit amet nunc viverra dapibus.', '2019-12-14 17:16:52');
insert into content (id, author, body, creation_time) values (260, 39, 'Maecenas tincidunt lacus at velit. Vivamus vel nulla eget eros elementum pellentesque. Quisque porta volutpat erat. Quisque erat eros, viverra eget, congue eget, semper rutrum, nulla. Nunc purus. Phasellus in felis. Donec semper sapien a libero. Nam dui.', '2020-02-02 05:32:26');
insert into content (id, author, body, creation_time) values (261, 28, 'Donec ut dolor. Morbi vel lectus in quam fringilla rhoncus. Mauris enim leo, rhoncus sed, vestibulum sit amet, cursus id, turpis.', '2019-09-15 01:01:44');
insert into content (id, author, body, creation_time) values (262, 79, 'Phasellus sit amet erat. Nulla tempus. Vivamus in felis eu sapien cursus vestibulum. Proin eu mi. Nulla ac enim.', '2019-04-13 15:38:49');
insert into content (id, author, body, creation_time) values (263, 60, 'Morbi odio odio, elementum eu, interdum eu, tincidunt in, leo. Maecenas pulvinar lobortis est. Phasellus sit amet erat. Nulla tempus. Vivamus in felis eu sapien cursus vestibulum. Proin eu mi. Nulla ac enim. In tempor, turpis nec euismod scelerisque, quam turpis adipiscing lorem, vitae mattis nibh ligula nec sem. Duis aliquam convallis nunc. Proin at turpis a pede posuere nonummy. Integer non velit. Donec diam neque, vestibulum eget, vulputate ut, ultrices vel, augue. Vestibulum ante ipsum primis in faucibus orci luctus et ultrices posuere cubilia Curae; Donec pharetra, magna vestibulum aliquet ultrices, erat tortor sollicitudin mi, sit amet lobortis sapien sapien non mi. Integer ac neque.', '2020-02-17 14:25:40');
insert into content (id, author, body, creation_time) values (264, 4, 'Integer ac neque. Duis bibendum. Morbi non quam nec dui luctus rutrum. Nulla tellus. In sagittis dui vel nisl. Duis ac nibh. Fusce lacus purus, aliquet at, feugiat non, pretium quis, lectus. Suspendisse potenti. In eleifend quam a odio.', '2019-10-01 15:40:12');
insert into content (id, author, body, creation_time) values (265, 89, 'In hac habitasse platea dictumst. Morbi vestibulum, velit id pretium iaculis, diam erat fermentum justo, nec condimentum neque sapien placerat ante. Nulla justo. Aliquam quis turpis eget elit sodales scelerisque. Mauris sit amet eros. Suspendisse accumsan tortor quis turpis. Sed ante.', '2019-07-30 04:59:39');
insert into content (id, author, body, creation_time) values (266, 8, 'Integer ac neque.', '2019-12-25 05:27:35');
insert into content (id, author, body, creation_time) values (267, 13, 'Vestibulum ante ipsum primis in faucibus orci luctus et ultrices posuere cubilia Curae; Donec pharetra, magna vestibulum aliquet ultrices, erat tortor sollicitudin mi, sit amet lobortis sapien sapien non mi. Integer ac neque. Duis bibendum. Morbi non quam nec dui luctus rutrum. Nulla tellus. In sagittis dui vel nisl. Duis ac nibh. Fusce lacus purus, aliquet at, feugiat non, pretium quis, lectus. Suspendisse potenti.', '2020-01-10 03:13:30');
insert into content (id, author, body, creation_time) values (268, 77, 'Donec ut dolor. Morbi vel lectus in quam fringilla rhoncus. Mauris enim leo, rhoncus sed, vestibulum sit amet, cursus id, turpis. Integer aliquet, massa id lobortis convallis, tortor risus dapibus augue, vel accumsan tellus nisi eu orci. Mauris lacinia sapien quis libero. Nullam sit amet turpis elementum ligula vehicula consequat. Morbi a ipsum. Integer a nibh. In quis justo. Maecenas rhoncus aliquam lacus. Morbi quis tortor id nulla ultrices aliquet.', '2019-09-02 02:48:55');
insert into content (id, author, body, creation_time) values (269, 81, 'In congue. Etiam justo. Etiam pretium iaculis justo. In hac habitasse platea dictumst. Etiam faucibus cursus urna. Ut tellus. Nulla ut erat id mauris vulputate elementum. Nullam varius. Nulla facilisi. Cras non velit nec nisi vulputate nonummy. Maecenas tincidunt lacus at velit. Vivamus vel nulla eget eros elementum pellentesque. Quisque porta volutpat erat. Quisque erat eros, viverra eget, congue eget, semper rutrum, nulla. Nunc purus.', '2019-07-19 19:13:16');
insert into content (id, author, body, creation_time) values (270, 96, 'Maecenas tristique, est et tempus semper, est quam pharetra magna, ac consequat metus sapien ut nunc. Vestibulum ante ipsum primis in faucibus orci luctus et ultrices posuere cubilia Curae; Mauris viverra diam vitae quam. Suspendisse potenti. Nullam porttitor lacus at turpis. Donec posuere metus vitae ipsum. Aliquam non mauris.', '2019-08-13 18:02:02');
insert into content (id, author, body, creation_time) values (271, 31, 'Nam nulla. Integer pede justo, lacinia eget, tincidunt eget, tempus vel, pede. Morbi porttitor lorem id ligula. Suspendisse ornare consequat lectus. In est risus, auctor sed, tristique in, tempus sit amet, sem. Fusce consequat.', '2019-03-31 01:33:27');
insert into content (id, author, body, creation_time) values (272, 50, 'Quisque ut erat. Curabitur gravida nisi at nibh. In hac habitasse platea dictumst. Aliquam augue quam, sollicitudin vitae, consectetuer eget, rutrum at, lorem. Integer tincidunt ante vel ipsum. Praesent blandit lacinia erat. Vestibulum sed magna at nunc commodo placerat. Praesent blandit. Nam nulla. Integer pede justo, lacinia eget, tincidunt eget, tempus vel, pede. Morbi porttitor lorem id ligula. Suspendisse ornare consequat lectus. In est risus, auctor sed, tristique in, tempus sit amet, sem. Fusce consequat. Nulla nisl.', '2019-07-02 16:01:49');
insert into content (id, author, body, creation_time) values (273, 6, 'Duis bibendum. Morbi non quam nec dui luctus rutrum. Nulla tellus. In sagittis dui vel nisl. Duis ac nibh. Fusce lacus purus, aliquet at, feugiat non, pretium quis, lectus. Suspendisse potenti. In eleifend quam a odio.', '2019-08-02 10:45:40');
insert into content (id, author, body, creation_time) values (274, 4, 'Nullam molestie nibh in lectus. Pellentesque at nulla. Suspendisse potenti. Cras in purus eu magna vulputate luctus. Cum sociis natoque penatibus et magnis dis parturient montes, nascetur ridiculus mus. Vivamus vestibulum sagittis sapien. Cum sociis natoque penatibus et magnis dis parturient montes, nascetur ridiculus mus. Etiam vel augue. Vestibulum rutrum rutrum neque. Aenean auctor gravida sem. Praesent id massa id nisl venenatis lacinia. Aenean sit amet justo. Morbi ut odio.', '2019-05-15 21:51:28');
insert into content (id, author, body, creation_time) values (275, 19, 'Cum sociis natoque penatibus et magnis dis parturient montes, nascetur ridiculus mus. Etiam vel augue. Vestibulum rutrum rutrum neque. Aenean auctor gravida sem. Praesent id massa id nisl venenatis lacinia. Aenean sit amet justo. Morbi ut odio. Cras mi pede, malesuada in, imperdiet et, commodo vulputate, justo.', '2019-06-23 13:08:02');
insert into content (id, author, body, creation_time) values (276, 71, 'Pellentesque eget nunc. Donec quis orci eget orci vehicula condimentum. Curabitur in libero ut massa volutpat convallis. Morbi odio odio, elementum eu, interdum eu, tincidunt in, leo. Maecenas pulvinar lobortis est. Phasellus sit amet erat. Nulla tempus. Vivamus in felis eu sapien cursus vestibulum. Proin eu mi.', '2019-08-29 03:40:00');
insert into content (id, author, body, creation_time) values (277, 69, 'Duis mattis egestas metus. Aenean fermentum. Donec ut mauris eget massa tempor convallis. Nulla neque libero, convallis eget, eleifend luctus, ultricies eu, nibh. Quisque id justo sit amet sapien dignissim vestibulum. Vestibulum ante ipsum primis in faucibus orci luctus et ultrices posuere cubilia Curae; Nulla dapibus dolor vel est. Donec odio justo, sollicitudin ut, suscipit a, feugiat et, eros. Vestibulum ac est lacinia nisi venenatis tristique. Fusce congue, diam id ornare imperdiet, sapien urna pretium nisl, ut volutpat sapien arcu sed augue. Aliquam erat volutpat. In congue. Etiam justo.', '2019-07-17 04:38:22');
insert into content (id, author, body, creation_time) values (278, 58, 'Nulla nisl. Nunc nisl. Duis bibendum, felis sed interdum venenatis, turpis enim blandit mi, in porttitor pede justo eu massa. Donec dapibus. Duis at velit eu est congue elementum. In hac habitasse platea dictumst. Morbi vestibulum, velit id pretium iaculis, diam erat fermentum justo, nec condimentum neque sapien placerat ante.', '2019-08-07 10:27:30');
insert into content (id, author, body, creation_time) values (279, 96, 'Nullam sit amet turpis elementum ligula vehicula consequat.', '2019-10-05 07:58:54');
insert into content (id, author, body, creation_time) values (280, 79, 'Morbi non quam nec dui luctus rutrum. Nulla tellus. In sagittis dui vel nisl. Duis ac nibh. Fusce lacus purus, aliquet at, feugiat non, pretium quis, lectus.', '2019-08-27 15:03:18');
insert into content (id, author, body, creation_time) values (281, 93, 'Morbi vestibulum, velit id pretium iaculis, diam erat fermentum justo, nec condimentum neque sapien placerat ante. Nulla justo. Aliquam quis turpis eget elit sodales scelerisque. Mauris sit amet eros. Suspendisse accumsan tortor quis turpis. Sed ante. Vivamus tortor. Duis mattis egestas metus. Aenean fermentum. Donec ut mauris eget massa tempor convallis. Nulla neque libero, convallis eget, eleifend luctus, ultricies eu, nibh. Quisque id justo sit amet sapien dignissim vestibulum. Vestibulum ante ipsum primis in faucibus orci luctus et ultrices posuere cubilia Curae; Nulla dapibus dolor vel est.', '2019-04-19 23:50:03');
insert into content (id, author, body, creation_time) values (282, 81, 'Sed accumsan felis. Ut at dolor quis odio consequat varius. Integer ac leo.', '2019-04-02 06:39:23');
insert into content (id, author, body, creation_time) values (283, 47, 'Morbi vestibulum, velit id pretium iaculis, diam erat fermentum justo, nec condimentum neque sapien placerat ante. Nulla justo. Aliquam quis turpis eget elit sodales scelerisque. Mauris sit amet eros. Suspendisse accumsan tortor quis turpis. Sed ante.', '2019-12-02 07:25:39');
insert into content (id, author, body, creation_time) values (284, 83, 'Lorem ipsum dolor sit amet, consectetuer adipiscing elit. Proin interdum mauris non ligula pellentesque ultrices.', '2019-11-16 16:50:26');
insert into content (id, author, body, creation_time) values (285, 20, 'Integer ac leo. Pellentesque ultrices mattis odio.', '2019-07-18 16:33:10');
insert into content (id, author, body, creation_time) values (286, 5, 'Curabitur convallis. Duis consequat dui nec nisi volutpat eleifend. Donec ut dolor. Morbi vel lectus in quam fringilla rhoncus. Mauris enim leo, rhoncus sed, vestibulum sit amet, cursus id, turpis. Integer aliquet, massa id lobortis convallis, tortor risus dapibus augue, vel accumsan tellus nisi eu orci. Mauris lacinia sapien quis libero. Nullam sit amet turpis elementum ligula vehicula consequat. Morbi a ipsum.', '2019-05-30 00:16:34');
insert into content (id, author, body, creation_time) values (287, 30, 'Quisque id justo sit amet sapien dignissim vestibulum. Vestibulum ante ipsum primis in faucibus orci luctus et ultrices posuere cubilia Curae; Nulla dapibus dolor vel est. Donec odio justo, sollicitudin ut, suscipit a, feugiat et, eros.', '2019-07-27 09:19:15');
insert into content (id, author, body, creation_time) values (288, 83, 'Mauris enim leo, rhoncus sed, vestibulum sit amet, cursus id, turpis. Integer aliquet, massa id lobortis convallis, tortor risus dapibus augue, vel accumsan tellus nisi eu orci. Mauris lacinia sapien quis libero. Nullam sit amet turpis elementum ligula vehicula consequat. Morbi a ipsum.', '2019-06-12 07:48:45');
insert into content (id, author, body, creation_time) values (289, 28, 'Duis mattis egestas metus. Aenean fermentum. Donec ut mauris eget massa tempor convallis. Nulla neque libero, convallis eget, eleifend luctus, ultricies eu, nibh. Quisque id justo sit amet sapien dignissim vestibulum. Vestibulum ante ipsum primis in faucibus orci luctus et ultrices posuere cubilia Curae; Nulla dapibus dolor vel est. Donec odio justo, sollicitudin ut, suscipit a, feugiat et, eros.', '2019-04-24 20:00:01');
insert into content (id, author, body, creation_time) values (290, 51, 'Duis aliquam convallis nunc. Proin at turpis a pede posuere nonummy. Integer non velit. Donec diam neque, vestibulum eget, vulputate ut, ultrices vel, augue. Vestibulum ante ipsum primis in faucibus orci luctus et ultrices posuere cubilia Curae; Donec pharetra, magna vestibulum aliquet ultrices, erat tortor sollicitudin mi, sit amet lobortis sapien sapien non mi. Integer ac neque. Duis bibendum. Morbi non quam nec dui luctus rutrum. Nulla tellus. In sagittis dui vel nisl. Duis ac nibh. Fusce lacus purus, aliquet at, feugiat non, pretium quis, lectus. Suspendisse potenti.', '2019-08-14 01:21:32');
insert into content (id, author, body, creation_time) values (291, 66, 'Morbi porttitor lorem id ligula. Suspendisse ornare consequat lectus. In est risus, auctor sed, tristique in, tempus sit amet, sem. Fusce consequat. Nulla nisl. Nunc nisl. Duis bibendum, felis sed interdum venenatis, turpis enim blandit mi, in porttitor pede justo eu massa. Donec dapibus.', '2019-10-10 20:23:54');
insert into content (id, author, body, creation_time) values (292, 88, 'Cras non velit nec nisi vulputate nonummy. Maecenas tincidunt lacus at velit. Vivamus vel nulla eget eros elementum pellentesque. Quisque porta volutpat erat. Quisque erat eros, viverra eget, congue eget, semper rutrum, nulla. Nunc purus. Phasellus in felis. Donec semper sapien a libero. Nam dui. Proin leo odio, porttitor id, consequat in, consequat ut, nulla. Sed accumsan felis. Ut at dolor quis odio consequat varius. Integer ac leo.', '2019-07-26 10:01:33');
insert into content (id, author, body, creation_time) values (293, 10, 'Nam nulla.', '2020-01-16 00:30:14');
insert into content (id, author, body, creation_time) values (294, 17, 'Morbi odio odio, elementum eu, interdum eu, tincidunt in, leo. Maecenas pulvinar lobortis est. Phasellus sit amet erat.', '2019-05-30 06:02:03');
insert into content (id, author, body, creation_time) values (295, 68, 'Cum sociis natoque penatibus et magnis dis parturient montes, nascetur ridiculus mus. Vivamus vestibulum sagittis sapien. Cum sociis natoque penatibus et magnis dis parturient montes, nascetur ridiculus mus. Etiam vel augue. Vestibulum rutrum rutrum neque. Aenean auctor gravida sem. Praesent id massa id nisl venenatis lacinia. Aenean sit amet justo. Morbi ut odio. Cras mi pede, malesuada in, imperdiet et, commodo vulputate, justo. In blandit ultrices enim. Lorem ipsum dolor sit amet, consectetuer adipiscing elit. Proin interdum mauris non ligula pellentesque ultrices. Phasellus id sapien in sapien iaculis congue. Vivamus metus arcu, adipiscing molestie, hendrerit at, vulputate vitae, nisl.', '2019-07-06 08:44:22');
insert into content (id, author, body, creation_time) values (296, 32, 'Morbi sem mauris, laoreet ut, rhoncus aliquet, pulvinar sed, nisl. Nunc rhoncus dui vel sem. Sed sagittis. Nam congue, risus semper porta volutpat, quam pede lobortis ligula, sit amet eleifend pede libero quis orci. Nullam molestie nibh in lectus. Pellentesque at nulla. Suspendisse potenti. Cras in purus eu magna vulputate luctus. Cum sociis natoque penatibus et magnis dis parturient montes, nascetur ridiculus mus. Vivamus vestibulum sagittis sapien. Cum sociis natoque penatibus et magnis dis parturient montes, nascetur ridiculus mus. Etiam vel augue.', '2019-11-15 04:21:47');
insert into content (id, author, body, creation_time) values (297, 78, 'Vestibulum rutrum rutrum neque. Aenean auctor gravida sem. Praesent id massa id nisl venenatis lacinia. Aenean sit amet justo. Morbi ut odio. Cras mi pede, malesuada in, imperdiet et, commodo vulputate, justo. In blandit ultrices enim. Lorem ipsum dolor sit amet, consectetuer adipiscing elit. Proin interdum mauris non ligula pellentesque ultrices. Phasellus id sapien in sapien iaculis congue. Vivamus metus arcu, adipiscing molestie, hendrerit at, vulputate vitae, nisl. Aenean lectus.', '2019-05-13 21:02:55');
insert into content (id, author, body, creation_time) values (298, 36, 'Integer ac leo. Pellentesque ultrices mattis odio. Donec vitae nisi. Nam ultrices, libero non mattis pulvinar, nulla pede ullamcorper augue, a suscipit nulla elit ac nulla. Sed vel enim sit amet nunc viverra dapibus.', '2020-01-22 13:55:11');
insert into content (id, author, body, creation_time) values (299, 76, 'In tempor, turpis nec euismod scelerisque, quam turpis adipiscing lorem, vitae mattis nibh ligula nec sem. Duis aliquam convallis nunc. Proin at turpis a pede posuere nonummy. Integer non velit. Donec diam neque, vestibulum eget, vulputate ut, ultrices vel, augue. Vestibulum ante ipsum primis in faucibus orci luctus et ultrices posuere cubilia Curae; Donec pharetra, magna vestibulum aliquet ultrices, erat tortor sollicitudin mi, sit amet lobortis sapien sapien non mi. Integer ac neque.', '2019-09-08 14:22:44');
insert into content (id, author, body, creation_time) values (300, 69, 'In hac habitasse platea dictumst. Maecenas ut massa quis augue luctus tincidunt. Nulla mollis molestie lorem. Quisque ut erat. Curabitur gravida nisi at nibh. In hac habitasse platea dictumst. Aliquam augue quam, sollicitudin vitae, consectetuer eget, rutrum at, lorem. Integer tincidunt ante vel ipsum. Praesent blandit lacinia erat. Vestibulum sed magna at nunc commodo placerat. Praesent blandit.', '2019-10-13 01:50:40');
insert into content (id, author, body, creation_time) values (301, 9, 'Donec odio justo, sollicitudin ut, suscipit a, feugiat et, eros. Vestibulum ac est lacinia nisi venenatis tristique. Fusce congue, diam id ornare imperdiet, sapien urna pretium nisl, ut volutpat sapien arcu sed augue.', '2019-12-16 00:00:19');
insert into content (id, author, body, creation_time) values (302, 27, 'Maecenas tristique, est et tempus semper, est quam pharetra magna, ac consequat metus sapien ut nunc. Vestibulum ante ipsum primis in faucibus orci luctus et ultrices posuere cubilia Curae; Mauris viverra diam vitae quam. Suspendisse potenti. Nullam porttitor lacus at turpis. Donec posuere metus vitae ipsum. Aliquam non mauris. Morbi non lectus. Aliquam sit amet diam in magna bibendum imperdiet. Nullam orci pede, venenatis non, sodales sed, tincidunt eu, felis. Fusce posuere felis sed lacus. Morbi sem mauris, laoreet ut, rhoncus aliquet, pulvinar sed, nisl. Nunc rhoncus dui vel sem.', '2019-04-26 23:02:41');
insert into content (id, author, body, creation_time) values (303, 95, 'Pellentesque eget nunc. Donec quis orci eget orci vehicula condimentum. Curabitur in libero ut massa volutpat convallis. Morbi odio odio, elementum eu, interdum eu, tincidunt in, leo. Maecenas pulvinar lobortis est. Phasellus sit amet erat. Nulla tempus. Vivamus in felis eu sapien cursus vestibulum. Proin eu mi. Nulla ac enim. In tempor, turpis nec euismod scelerisque, quam turpis adipiscing lorem, vitae mattis nibh ligula nec sem. Duis aliquam convallis nunc.', '2019-08-20 13:00:29');
insert into content (id, author, body, creation_time) values (304, 9, 'Morbi vel lectus in quam fringilla rhoncus. Mauris enim leo, rhoncus sed, vestibulum sit amet, cursus id, turpis. Integer aliquet, massa id lobortis convallis, tortor risus dapibus augue, vel accumsan tellus nisi eu orci. Mauris lacinia sapien quis libero. Nullam sit amet turpis elementum ligula vehicula consequat. Morbi a ipsum. Integer a nibh. In quis justo. Maecenas rhoncus aliquam lacus. Morbi quis tortor id nulla ultrices aliquet. Maecenas leo odio, condimentum id, luctus nec, molestie sed, justo.', '2019-12-15 13:46:15');
insert into content (id, author, body, creation_time) values (305, 76, 'Cras pellentesque volutpat dui. Maecenas tristique, est et tempus semper, est quam pharetra magna, ac consequat metus sapien ut nunc. Vestibulum ante ipsum primis in faucibus orci luctus et ultrices posuere cubilia Curae; Mauris viverra diam vitae quam. Suspendisse potenti. Nullam porttitor lacus at turpis. Donec posuere metus vitae ipsum. Aliquam non mauris.', '2019-06-03 15:53:42');
insert into content (id, author, body, creation_time) values (306, 14, 'Vestibulum ac est lacinia nisi venenatis tristique. Fusce congue, diam id ornare imperdiet, sapien urna pretium nisl, ut volutpat sapien arcu sed augue. Aliquam erat volutpat. In congue.', '2019-11-04 23:15:48');
insert into content (id, author, body, creation_time) values (307, 76, 'Morbi vel lectus in quam fringilla rhoncus.', '2019-12-06 00:50:33');
insert into content (id, author, body, creation_time) values (308, null, 'Maecenas tincidunt lacus at velit. Vivamus vel nulla eget eros elementum pellentesque. Quisque porta volutpat erat. Quisque erat eros, viverra eget, congue eget, semper rutrum, nulla. Nunc purus. Phasellus in felis. Donec semper sapien a libero. Nam dui. Proin leo odio, porttitor id, consequat in, consequat ut, nulla. Sed accumsan felis. Ut at dolor quis odio consequat varius. Integer ac leo.', '2020-02-19 03:38:35');
insert into content (id, author, body, creation_time) values (309, 59, 'Etiam vel augue. Vestibulum rutrum rutrum neque. Aenean auctor gravida sem. Praesent id massa id nisl venenatis lacinia. Aenean sit amet justo. Morbi ut odio. Cras mi pede, malesuada in, imperdiet et, commodo vulputate, justo. In blandit ultrices enim.', '2019-06-09 17:04:45');
insert into content (id, author, body, creation_time) values (310, 64, 'Fusce consequat. Nulla nisl. Nunc nisl. Duis bibendum, felis sed interdum venenatis, turpis enim blandit mi, in porttitor pede justo eu massa. Donec dapibus. Duis at velit eu est congue elementum.', '2019-07-21 10:06:32');
insert into content (id, author, body, creation_time) values (311, 61, 'Nam dui. Proin leo odio, porttitor id, consequat in, consequat ut, nulla. Sed accumsan felis. Ut at dolor quis odio consequat varius.', '2019-09-09 01:55:06');
insert into content (id, author, body, creation_time) values (312, 7, 'Phasellus sit amet erat. Nulla tempus. Vivamus in felis eu sapien cursus vestibulum. Proin eu mi. Nulla ac enim.', '2019-05-31 22:27:37');
insert into content (id, author, body, creation_time) values (313, 20, 'Maecenas ut massa quis augue luctus tincidunt. Nulla mollis molestie lorem.', '2019-06-06 11:59:27');
insert into content (id, author, body, creation_time) values (314, 66, 'Nulla ac enim. In tempor, turpis nec euismod scelerisque, quam turpis adipiscing lorem, vitae mattis nibh ligula nec sem. Duis aliquam convallis nunc. Proin at turpis a pede posuere nonummy. Integer non velit. Donec diam neque, vestibulum eget, vulputate ut, ultrices vel, augue. Vestibulum ante ipsum primis in faucibus orci luctus et ultrices posuere cubilia Curae; Donec pharetra, magna vestibulum aliquet ultrices, erat tortor sollicitudin mi, sit amet lobortis sapien sapien non mi.', '2019-12-28 07:47:26');
insert into content (id, author, body, creation_time) values (315, 94, 'Aliquam non mauris. Morbi non lectus. Aliquam sit amet diam in magna bibendum imperdiet. Nullam orci pede, venenatis non, sodales sed, tincidunt eu, felis.', '2019-08-02 22:57:22');
insert into content (id, author, body, creation_time) values (316, 45, 'In tempor, turpis nec euismod scelerisque, quam turpis adipiscing lorem, vitae mattis nibh ligula nec sem. Duis aliquam convallis nunc. Proin at turpis a pede posuere nonummy. Integer non velit. Donec diam neque, vestibulum eget, vulputate ut, ultrices vel, augue. Vestibulum ante ipsum primis in faucibus orci luctus et ultrices posuere cubilia Curae; Donec pharetra, magna vestibulum aliquet ultrices, erat tortor sollicitudin mi, sit amet lobortis sapien sapien non mi. Integer ac neque. Duis bibendum. Morbi non quam nec dui luctus rutrum. Nulla tellus.', '2019-06-21 18:23:10');
insert into content (id, author, body, creation_time) values (317, 27, 'Praesent blandit. Nam nulla. Integer pede justo, lacinia eget, tincidunt eget, tempus vel, pede. Morbi porttitor lorem id ligula. Suspendisse ornare consequat lectus. In est risus, auctor sed, tristique in, tempus sit amet, sem. Fusce consequat. Nulla nisl. Nunc nisl. Duis bibendum, felis sed interdum venenatis, turpis enim blandit mi, in porttitor pede justo eu massa. Donec dapibus. Duis at velit eu est congue elementum. In hac habitasse platea dictumst.', '2019-11-26 07:07:14');
insert into content (id, author, body, creation_time) values (318, 41, 'Integer a nibh. In quis justo. Maecenas rhoncus aliquam lacus. Morbi quis tortor id nulla ultrices aliquet. Maecenas leo odio, condimentum id, luctus nec, molestie sed, justo. Pellentesque viverra pede ac diam. Cras pellentesque volutpat dui. Maecenas tristique, est et tempus semper, est quam pharetra magna, ac consequat metus sapien ut nunc.', '2020-02-04 20:13:50');
insert into content (id, author, body, creation_time) values (319, 27, 'Sed accumsan felis. Ut at dolor quis odio consequat varius. Integer ac leo.', '2019-04-13 17:07:32');
insert into content (id, author, body, creation_time) values (320, 100, 'Morbi ut odio. Cras mi pede, malesuada in, imperdiet et, commodo vulputate, justo. In blandit ultrices enim. Lorem ipsum dolor sit amet, consectetuer adipiscing elit. Proin interdum mauris non ligula pellentesque ultrices.', '2020-02-08 06:02:55');
insert into content (id, author, body, creation_time) values (321, 4, 'Duis ac nibh. Fusce lacus purus, aliquet at, feugiat non, pretium quis, lectus. Suspendisse potenti. In eleifend quam a odio. In hac habitasse platea dictumst. Maecenas ut massa quis augue luctus tincidunt. Nulla mollis molestie lorem. Quisque ut erat. Curabitur gravida nisi at nibh. In hac habitasse platea dictumst. Aliquam augue quam, sollicitudin vitae, consectetuer eget, rutrum at, lorem.', '2019-12-26 02:20:33');
insert into content (id, author, body, creation_time) values (322, 44, 'Donec quis orci eget orci vehicula condimentum. Curabitur in libero ut massa volutpat convallis. Morbi odio odio, elementum eu, interdum eu, tincidunt in, leo. Maecenas pulvinar lobortis est. Phasellus sit amet erat. Nulla tempus. Vivamus in felis eu sapien cursus vestibulum. Proin eu mi. Nulla ac enim. In tempor, turpis nec euismod scelerisque, quam turpis adipiscing lorem, vitae mattis nibh ligula nec sem. Duis aliquam convallis nunc. Proin at turpis a pede posuere nonummy. Integer non velit. Donec diam neque, vestibulum eget, vulputate ut, ultrices vel, augue.', '2019-11-17 20:30:09');
insert into content (id, author, body, creation_time) values (323, 20, 'Vestibulum ante ipsum primis in faucibus orci luctus et ultrices posuere cubilia Curae; Donec pharetra, magna vestibulum aliquet ultrices, erat tortor sollicitudin mi, sit amet lobortis sapien sapien non mi. Integer ac neque. Duis bibendum. Morbi non quam nec dui luctus rutrum. Nulla tellus. In sagittis dui vel nisl. Duis ac nibh. Fusce lacus purus, aliquet at, feugiat non, pretium quis, lectus. Suspendisse potenti. In eleifend quam a odio. In hac habitasse platea dictumst. Maecenas ut massa quis augue luctus tincidunt. Nulla mollis molestie lorem. Quisque ut erat. Curabitur gravida nisi at nibh.', '2019-04-09 04:30:18');
insert into content (id, author, body, creation_time) values (324, null, 'In hac habitasse platea dictumst. Etiam faucibus cursus urna. Ut tellus. Nulla ut erat id mauris vulputate elementum. Nullam varius. Nulla facilisi. Cras non velit nec nisi vulputate nonummy. Maecenas tincidunt lacus at velit.', '2020-01-01 11:49:14');
insert into content (id, author, body, creation_time) values (325, 24, 'Donec semper sapien a libero.', '2019-06-03 07:45:51');
insert into content (id, author, body, creation_time) values (326, 93, 'Cras in purus eu magna vulputate luctus. Cum sociis natoque penatibus et magnis dis parturient montes, nascetur ridiculus mus. Vivamus vestibulum sagittis sapien. Cum sociis natoque penatibus et magnis dis parturient montes, nascetur ridiculus mus. Etiam vel augue. Vestibulum rutrum rutrum neque.', '2019-05-03 13:26:22');
insert into content (id, author, body, creation_time) values (327, 40, 'In congue. Etiam justo. Etiam pretium iaculis justo. In hac habitasse platea dictumst. Etiam faucibus cursus urna. Ut tellus. Nulla ut erat id mauris vulputate elementum. Nullam varius.', '2019-09-02 00:46:32');
insert into content (id, author, body, creation_time) values (328, 4, 'Curabitur in libero ut massa volutpat convallis. Morbi odio odio, elementum eu, interdum eu, tincidunt in, leo. Maecenas pulvinar lobortis est. Phasellus sit amet erat.', '2020-01-25 00:52:19');
insert into content (id, author, body, creation_time) values (329, 33, 'Donec quis orci eget orci vehicula condimentum. Curabitur in libero ut massa volutpat convallis. Morbi odio odio, elementum eu, interdum eu, tincidunt in, leo. Maecenas pulvinar lobortis est. Phasellus sit amet erat. Nulla tempus. Vivamus in felis eu sapien cursus vestibulum.', '2019-12-29 11:58:53');
insert into content (id, author, body, creation_time) values (330, 24, 'Proin leo odio, porttitor id, consequat in, consequat ut, nulla. Sed accumsan felis. Ut at dolor quis odio consequat varius. Integer ac leo. Pellentesque ultrices mattis odio. Donec vitae nisi. Nam ultrices, libero non mattis pulvinar, nulla pede ullamcorper augue, a suscipit nulla elit ac nulla.', '2019-10-18 08:58:56');
insert into content (id, author, body, creation_time) values (331, null, 'Duis bibendum, felis sed interdum venenatis, turpis enim blandit mi, in porttitor pede justo eu massa. Donec dapibus.', '2019-04-14 17:04:43');
insert into content (id, author, body, creation_time) values (332, null, 'Etiam justo. Etiam pretium iaculis justo. In hac habitasse platea dictumst. Etiam faucibus cursus urna. Ut tellus. Nulla ut erat id mauris vulputate elementum. Nullam varius. Nulla facilisi. Cras non velit nec nisi vulputate nonummy. Maecenas tincidunt lacus at velit.', '2019-08-22 00:21:48');
insert into content (id, author, body, creation_time) values (333, 66, 'Morbi odio odio, elementum eu, interdum eu, tincidunt in, leo. Maecenas pulvinar lobortis est. Phasellus sit amet erat. Nulla tempus. Vivamus in felis eu sapien cursus vestibulum. Proin eu mi. Nulla ac enim. In tempor, turpis nec euismod scelerisque, quam turpis adipiscing lorem, vitae mattis nibh ligula nec sem.', '2019-05-14 07:38:48');
insert into content (id, author, body, creation_time) values (334, 46, 'In hac habitasse platea dictumst.', '2019-11-06 22:42:26');
insert into content (id, author, body, creation_time) values (335, 48, 'Nulla neque libero, convallis eget, eleifend luctus, ultricies eu, nibh. Quisque id justo sit amet sapien dignissim vestibulum. Vestibulum ante ipsum primis in faucibus orci luctus et ultrices posuere cubilia Curae; Nulla dapibus dolor vel est. Donec odio justo, sollicitudin ut, suscipit a, feugiat et, eros. Vestibulum ac est lacinia nisi venenatis tristique. Fusce congue, diam id ornare imperdiet, sapien urna pretium nisl, ut volutpat sapien arcu sed augue. Aliquam erat volutpat. In congue. Etiam justo.', '2019-06-12 04:34:10');
insert into content (id, author, body, creation_time) values (336, 80, 'Mauris sit amet eros. Suspendisse accumsan tortor quis turpis. Sed ante. Vivamus tortor.', '2019-07-23 18:07:37');
insert into content (id, author, body, creation_time) values (337, 26, 'Integer non velit. Donec diam neque, vestibulum eget, vulputate ut, ultrices vel, augue. Vestibulum ante ipsum primis in faucibus orci luctus et ultrices posuere cubilia Curae; Donec pharetra, magna vestibulum aliquet ultrices, erat tortor sollicitudin mi, sit amet lobortis sapien sapien non mi. Integer ac neque. Duis bibendum. Morbi non quam nec dui luctus rutrum. Nulla tellus. In sagittis dui vel nisl.', '2019-11-26 00:21:39');
insert into content (id, author, body, creation_time) values (338, 42, 'Morbi ut odio. Cras mi pede, malesuada in, imperdiet et, commodo vulputate, justo. In blandit ultrices enim. Lorem ipsum dolor sit amet, consectetuer adipiscing elit. Proin interdum mauris non ligula pellentesque ultrices.', '2019-09-29 21:19:13');
insert into content (id, author, body, creation_time) values (339, 47, 'In eleifend quam a odio. In hac habitasse platea dictumst. Maecenas ut massa quis augue luctus tincidunt. Nulla mollis molestie lorem. Quisque ut erat. Curabitur gravida nisi at nibh.', '2019-04-26 05:43:02');
insert into content (id, author, body, creation_time) values (340, 21, 'Maecenas tincidunt lacus at velit. Vivamus vel nulla eget eros elementum pellentesque. Quisque porta volutpat erat. Quisque erat eros, viverra eget, congue eget, semper rutrum, nulla. Nunc purus. Phasellus in felis. Donec semper sapien a libero. Nam dui.', '2019-10-13 05:18:55');
insert into content (id, author, body, creation_time) values (341, 59, 'Integer tincidunt ante vel ipsum. Praesent blandit lacinia erat. Vestibulum sed magna at nunc commodo placerat. Praesent blandit. Nam nulla. Integer pede justo, lacinia eget, tincidunt eget, tempus vel, pede. Morbi porttitor lorem id ligula.', '2020-03-01 14:19:29');
insert into content (id, author, body, creation_time) values (342, 63, 'Vestibulum quam sapien, varius ut, blandit non, interdum in, ante. Vestibulum ante ipsum primis in faucibus orci luctus et ultrices posuere cubilia Curae; Duis faucibus accumsan odio. Curabitur convallis. Duis consequat dui nec nisi volutpat eleifend. Donec ut dolor. Morbi vel lectus in quam fringilla rhoncus.', '2019-06-04 16:26:36');
insert into content (id, author, body, creation_time) values (343, 57, 'Curabitur in libero ut massa volutpat convallis.', '2019-03-30 06:33:24');
insert into content (id, author, body, creation_time) values (344, null, 'Nullam varius. Nulla facilisi. Cras non velit nec nisi vulputate nonummy. Maecenas tincidunt lacus at velit. Vivamus vel nulla eget eros elementum pellentesque. Quisque porta volutpat erat.', '2020-02-29 18:08:37');
insert into content (id, author, body, creation_time) values (345, 38, 'Cras non velit nec nisi vulputate nonummy. Maecenas tincidunt lacus at velit. Vivamus vel nulla eget eros elementum pellentesque. Quisque porta volutpat erat.', '2019-04-18 20:20:54');
insert into content (id, author, body, creation_time) values (346, 96, 'Nunc purus. Phasellus in felis. Donec semper sapien a libero. Nam dui. Proin leo odio, porttitor id, consequat in, consequat ut, nulla. Sed accumsan felis. Ut at dolor quis odio consequat varius. Integer ac leo. Pellentesque ultrices mattis odio. Donec vitae nisi. Nam ultrices, libero non mattis pulvinar, nulla pede ullamcorper augue, a suscipit nulla elit ac nulla. Sed vel enim sit amet nunc viverra dapibus. Nulla suscipit ligula in lacus. Curabitur at ipsum ac tellus semper interdum.', '2020-01-31 08:55:06');
insert into content (id, author, body, creation_time) values (347, 83, 'Cras pellentesque volutpat dui. Maecenas tristique, est et tempus semper, est quam pharetra magna, ac consequat metus sapien ut nunc. Vestibulum ante ipsum primis in faucibus orci luctus et ultrices posuere cubilia Curae; Mauris viverra diam vitae quam.', '2019-10-13 13:21:02');
insert into content (id, author, body, creation_time) values (348, 75, 'Etiam justo. Etiam pretium iaculis justo. In hac habitasse platea dictumst. Etiam faucibus cursus urna. Ut tellus. Nulla ut erat id mauris vulputate elementum. Nullam varius. Nulla facilisi. Cras non velit nec nisi vulputate nonummy. Maecenas tincidunt lacus at velit. Vivamus vel nulla eget eros elementum pellentesque. Quisque porta volutpat erat. Quisque erat eros, viverra eget, congue eget, semper rutrum, nulla.', '2019-04-09 17:53:02');
insert into content (id, author, body, creation_time) values (349, 4, 'Vestibulum ante ipsum primis in faucibus orci luctus et ultrices posuere cubilia Curae; Mauris viverra diam vitae quam. Suspendisse potenti. Nullam porttitor lacus at turpis. Donec posuere metus vitae ipsum. Aliquam non mauris.', '2020-02-12 22:45:54');
insert into content (id, author, body, creation_time) values (350, 81, 'Nulla justo. Aliquam quis turpis eget elit sodales scelerisque. Mauris sit amet eros. Suspendisse accumsan tortor quis turpis. Sed ante. Vivamus tortor. Duis mattis egestas metus. Aenean fermentum. Donec ut mauris eget massa tempor convallis. Nulla neque libero, convallis eget, eleifend luctus, ultricies eu, nibh. Quisque id justo sit amet sapien dignissim vestibulum.', '2020-01-21 02:22:57');
insert into content (id, author, body, creation_time) values (351, 57, 'Pellentesque viverra pede ac diam. Cras pellentesque volutpat dui. Maecenas tristique, est et tempus semper, est quam pharetra magna, ac consequat metus sapien ut nunc. Vestibulum ante ipsum primis in faucibus orci luctus et ultrices posuere cubilia Curae; Mauris viverra diam vitae quam. Suspendisse potenti. Nullam porttitor lacus at turpis. Donec posuere metus vitae ipsum. Aliquam non mauris. Morbi non lectus. Aliquam sit amet diam in magna bibendum imperdiet. Nullam orci pede, venenatis non, sodales sed, tincidunt eu, felis. Fusce posuere felis sed lacus. Morbi sem mauris, laoreet ut, rhoncus aliquet, pulvinar sed, nisl. Nunc rhoncus dui vel sem.', '2019-04-19 20:41:10');
insert into content (id, author, body, creation_time) values (352, 5, 'Proin leo odio, porttitor id, consequat in, consequat ut, nulla. Sed accumsan felis. Ut at dolor quis odio consequat varius. Integer ac leo.', '2019-10-11 12:55:53');
insert into content (id, author, body, creation_time) values (353, 62, 'Maecenas pulvinar lobortis est. Phasellus sit amet erat. Nulla tempus.', '2019-04-07 19:32:23');
insert into content (id, author, body, creation_time) values (354, 31, 'Morbi ut odio.', '2019-07-29 12:03:42');
insert into content (id, author, body, creation_time) values (355, 92, 'In hac habitasse platea dictumst. Maecenas ut massa quis augue luctus tincidunt. Nulla mollis molestie lorem. Quisque ut erat. Curabitur gravida nisi at nibh. In hac habitasse platea dictumst. Aliquam augue quam, sollicitudin vitae, consectetuer eget, rutrum at, lorem. Integer tincidunt ante vel ipsum. Praesent blandit lacinia erat. Vestibulum sed magna at nunc commodo placerat. Praesent blandit. Nam nulla. Integer pede justo, lacinia eget, tincidunt eget, tempus vel, pede. Morbi porttitor lorem id ligula. Suspendisse ornare consequat lectus.', '2019-06-18 00:50:43');
insert into content (id, author, body, creation_time) values (356, 15, 'Fusce lacus purus, aliquet at, feugiat non, pretium quis, lectus. Suspendisse potenti. In eleifend quam a odio. In hac habitasse platea dictumst.', '2019-07-08 11:31:12');
insert into content (id, author, body, creation_time) values (357, 67, 'Vestibulum quam sapien, varius ut, blandit non, interdum in, ante. Vestibulum ante ipsum primis in faucibus orci luctus et ultrices posuere cubilia Curae; Duis faucibus accumsan odio. Curabitur convallis. Duis consequat dui nec nisi volutpat eleifend. Donec ut dolor. Morbi vel lectus in quam fringilla rhoncus. Mauris enim leo, rhoncus sed, vestibulum sit amet, cursus id, turpis. Integer aliquet, massa id lobortis convallis, tortor risus dapibus augue, vel accumsan tellus nisi eu orci.', '2019-05-05 16:14:14');
insert into content (id, author, body, creation_time) values (358, 32, 'Integer ac neque. Duis bibendum. Morbi non quam nec dui luctus rutrum. Nulla tellus. In sagittis dui vel nisl. Duis ac nibh. Fusce lacus purus, aliquet at, feugiat non, pretium quis, lectus. Suspendisse potenti.', '2019-10-06 09:16:48');
insert into content (id, author, body, creation_time) values (359, null, 'Morbi quis tortor id nulla ultrices aliquet. Maecenas leo odio, condimentum id, luctus nec, molestie sed, justo. Pellentesque viverra pede ac diam. Cras pellentesque volutpat dui. Maecenas tristique, est et tempus semper, est quam pharetra magna, ac consequat metus sapien ut nunc. Vestibulum ante ipsum primis in faucibus orci luctus et ultrices posuere cubilia Curae; Mauris viverra diam vitae quam. Suspendisse potenti. Nullam porttitor lacus at turpis. Donec posuere metus vitae ipsum. Aliquam non mauris. Morbi non lectus. Aliquam sit amet diam in magna bibendum imperdiet. Nullam orci pede, venenatis non, sodales sed, tincidunt eu, felis.', '2019-06-09 02:19:41');
insert into content (id, author, body, creation_time) values (360, 45, 'Vestibulum sed magna at nunc commodo placerat. Praesent blandit. Nam nulla.', '2019-06-13 06:45:13');
insert into content (id, author, body, creation_time) values (361, 7, 'Curabitur convallis. Duis consequat dui nec nisi volutpat eleifend. Donec ut dolor. Morbi vel lectus in quam fringilla rhoncus. Mauris enim leo, rhoncus sed, vestibulum sit amet, cursus id, turpis. Integer aliquet, massa id lobortis convallis, tortor risus dapibus augue, vel accumsan tellus nisi eu orci. Mauris lacinia sapien quis libero. Nullam sit amet turpis elementum ligula vehicula consequat. Morbi a ipsum.', '2020-02-06 07:29:36');
insert into content (id, author, body, creation_time) values (362, 18, 'Mauris lacinia sapien quis libero. Nullam sit amet turpis elementum ligula vehicula consequat. Morbi a ipsum. Integer a nibh. In quis justo. Maecenas rhoncus aliquam lacus. Morbi quis tortor id nulla ultrices aliquet. Maecenas leo odio, condimentum id, luctus nec, molestie sed, justo. Pellentesque viverra pede ac diam. Cras pellentesque volutpat dui. Maecenas tristique, est et tempus semper, est quam pharetra magna, ac consequat metus sapien ut nunc. Vestibulum ante ipsum primis in faucibus orci luctus et ultrices posuere cubilia Curae; Mauris viverra diam vitae quam. Suspendisse potenti. Nullam porttitor lacus at turpis. Donec posuere metus vitae ipsum.', '2019-09-09 12:56:08');
insert into content (id, author, body, creation_time) values (363, 45, 'Vivamus metus arcu, adipiscing molestie, hendrerit at, vulputate vitae, nisl. Aenean lectus. Pellentesque eget nunc. Donec quis orci eget orci vehicula condimentum. Curabitur in libero ut massa volutpat convallis. Morbi odio odio, elementum eu, interdum eu, tincidunt in, leo. Maecenas pulvinar lobortis est. Phasellus sit amet erat. Nulla tempus. Vivamus in felis eu sapien cursus vestibulum. Proin eu mi. Nulla ac enim. In tempor, turpis nec euismod scelerisque, quam turpis adipiscing lorem, vitae mattis nibh ligula nec sem. Duis aliquam convallis nunc. Proin at turpis a pede posuere nonummy.', '2019-11-05 09:49:52');
insert into content (id, author, body, creation_time) values (364, 75, 'Nulla tempus. Vivamus in felis eu sapien cursus vestibulum. Proin eu mi. Nulla ac enim. In tempor, turpis nec euismod scelerisque, quam turpis adipiscing lorem, vitae mattis nibh ligula nec sem. Duis aliquam convallis nunc. Proin at turpis a pede posuere nonummy. Integer non velit. Donec diam neque, vestibulum eget, vulputate ut, ultrices vel, augue. Vestibulum ante ipsum primis in faucibus orci luctus et ultrices posuere cubilia Curae; Donec pharetra, magna vestibulum aliquet ultrices, erat tortor sollicitudin mi, sit amet lobortis sapien sapien non mi. Integer ac neque. Duis bibendum. Morbi non quam nec dui luctus rutrum.', '2019-11-09 21:15:24');
insert into content (id, author, body, creation_time) values (365, 65, 'Etiam faucibus cursus urna. Ut tellus. Nulla ut erat id mauris vulputate elementum. Nullam varius. Nulla facilisi. Cras non velit nec nisi vulputate nonummy. Maecenas tincidunt lacus at velit.', '2020-02-16 01:28:26');
insert into content (id, author, body, creation_time) values (366, 2, 'Nulla mollis molestie lorem.', '2019-03-28 11:58:03');
insert into content (id, author, body, creation_time) values (367, 43, 'Vivamus in felis eu sapien cursus vestibulum. Proin eu mi. Nulla ac enim. In tempor, turpis nec euismod scelerisque, quam turpis adipiscing lorem, vitae mattis nibh ligula nec sem. Duis aliquam convallis nunc. Proin at turpis a pede posuere nonummy. Integer non velit. Donec diam neque, vestibulum eget, vulputate ut, ultrices vel, augue. Vestibulum ante ipsum primis in faucibus orci luctus et ultrices posuere cubilia Curae; Donec pharetra, magna vestibulum aliquet ultrices, erat tortor sollicitudin mi, sit amet lobortis sapien sapien non mi. Integer ac neque. Duis bibendum. Morbi non quam nec dui luctus rutrum. Nulla tellus.', '2019-11-01 17:27:05');
insert into content (id, author, body, creation_time) values (368, null, 'Etiam faucibus cursus urna. Ut tellus.', '2019-12-20 17:54:38');
insert into content (id, author, body, creation_time) values (369, null, 'In hac habitasse platea dictumst. Aliquam augue quam, sollicitudin vitae, consectetuer eget, rutrum at, lorem. Integer tincidunt ante vel ipsum. Praesent blandit lacinia erat. Vestibulum sed magna at nunc commodo placerat. Praesent blandit. Nam nulla. Integer pede justo, lacinia eget, tincidunt eget, tempus vel, pede. Morbi porttitor lorem id ligula. Suspendisse ornare consequat lectus.', '2019-06-12 16:20:29');
insert into content (id, author, body, creation_time) values (370, 87, 'Nam congue, risus semper porta volutpat, quam pede lobortis ligula, sit amet eleifend pede libero quis orci. Nullam molestie nibh in lectus. Pellentesque at nulla. Suspendisse potenti. Cras in purus eu magna vulputate luctus. Cum sociis natoque penatibus et magnis dis parturient montes, nascetur ridiculus mus. Vivamus vestibulum sagittis sapien. Cum sociis natoque penatibus et magnis dis parturient montes, nascetur ridiculus mus. Etiam vel augue. Vestibulum rutrum rutrum neque. Aenean auctor gravida sem. Praesent id massa id nisl venenatis lacinia.', '2020-01-08 07:33:03');
insert into content (id, author, body, creation_time) values (371, 78, 'Nullam varius. Nulla facilisi. Cras non velit nec nisi vulputate nonummy. Maecenas tincidunt lacus at velit.', '2020-01-12 00:22:40');
insert into content (id, author, body, creation_time) values (372, 19, 'Proin eu mi. Nulla ac enim. In tempor, turpis nec euismod scelerisque, quam turpis adipiscing lorem, vitae mattis nibh ligula nec sem. Duis aliquam convallis nunc. Proin at turpis a pede posuere nonummy. Integer non velit. Donec diam neque, vestibulum eget, vulputate ut, ultrices vel, augue. Vestibulum ante ipsum primis in faucibus orci luctus et ultrices posuere cubilia Curae; Donec pharetra, magna vestibulum aliquet ultrices, erat tortor sollicitudin mi, sit amet lobortis sapien sapien non mi. Integer ac neque. Duis bibendum. Morbi non quam nec dui luctus rutrum. Nulla tellus. In sagittis dui vel nisl. Duis ac nibh. Fusce lacus purus, aliquet at, feugiat non, pretium quis, lectus.', '2020-01-17 14:23:59');
insert into content (id, author, body, creation_time) values (373, null, 'Morbi porttitor lorem id ligula. Suspendisse ornare consequat lectus. In est risus, auctor sed, tristique in, tempus sit amet, sem. Fusce consequat. Nulla nisl. Nunc nisl. Duis bibendum, felis sed interdum venenatis, turpis enim blandit mi, in porttitor pede justo eu massa. Donec dapibus. Duis at velit eu est congue elementum. In hac habitasse platea dictumst. Morbi vestibulum, velit id pretium iaculis, diam erat fermentum justo, nec condimentum neque sapien placerat ante. Nulla justo. Aliquam quis turpis eget elit sodales scelerisque. Mauris sit amet eros. Suspendisse accumsan tortor quis turpis.', '2019-05-03 07:30:12');
insert into content (id, author, body, creation_time) values (374, 20, 'Aenean lectus. Pellentesque eget nunc. Donec quis orci eget orci vehicula condimentum. Curabitur in libero ut massa volutpat convallis. Morbi odio odio, elementum eu, interdum eu, tincidunt in, leo. Maecenas pulvinar lobortis est. Phasellus sit amet erat. Nulla tempus. Vivamus in felis eu sapien cursus vestibulum. Proin eu mi. Nulla ac enim.', '2019-05-14 14:02:16');
insert into content (id, author, body, creation_time) values (375, 68, 'Integer non velit. Donec diam neque, vestibulum eget, vulputate ut, ultrices vel, augue. Vestibulum ante ipsum primis in faucibus orci luctus et ultrices posuere cubilia Curae; Donec pharetra, magna vestibulum aliquet ultrices, erat tortor sollicitudin mi, sit amet lobortis sapien sapien non mi. Integer ac neque. Duis bibendum. Morbi non quam nec dui luctus rutrum. Nulla tellus.', '2019-08-09 08:44:31');
insert into content (id, author, body, creation_time) values (376, 56, 'Duis consequat dui nec nisi volutpat eleifend. Donec ut dolor. Morbi vel lectus in quam fringilla rhoncus. Mauris enim leo, rhoncus sed, vestibulum sit amet, cursus id, turpis. Integer aliquet, massa id lobortis convallis, tortor risus dapibus augue, vel accumsan tellus nisi eu orci. Mauris lacinia sapien quis libero. Nullam sit amet turpis elementum ligula vehicula consequat. Morbi a ipsum.', '2020-01-05 02:34:55');
insert into content (id, author, body, creation_time) values (377, 59, 'Morbi a ipsum. Integer a nibh. In quis justo. Maecenas rhoncus aliquam lacus. Morbi quis tortor id nulla ultrices aliquet. Maecenas leo odio, condimentum id, luctus nec, molestie sed, justo. Pellentesque viverra pede ac diam. Cras pellentesque volutpat dui. Maecenas tristique, est et tempus semper, est quam pharetra magna, ac consequat metus sapien ut nunc. Vestibulum ante ipsum primis in faucibus orci luctus et ultrices posuere cubilia Curae; Mauris viverra diam vitae quam. Suspendisse potenti. Nullam porttitor lacus at turpis. Donec posuere metus vitae ipsum. Aliquam non mauris.', '2019-08-03 02:51:26');
insert into content (id, author, body, creation_time) values (378, 42, 'Duis consequat dui nec nisi volutpat eleifend.', '2020-02-27 07:16:25');
insert into content (id, author, body, creation_time) values (379, null, 'Aenean sit amet justo. Morbi ut odio. Cras mi pede, malesuada in, imperdiet et, commodo vulputate, justo. In blandit ultrices enim. Lorem ipsum dolor sit amet, consectetuer adipiscing elit. Proin interdum mauris non ligula pellentesque ultrices. Phasellus id sapien in sapien iaculis congue. Vivamus metus arcu, adipiscing molestie, hendrerit at, vulputate vitae, nisl. Aenean lectus. Pellentesque eget nunc. Donec quis orci eget orci vehicula condimentum. Curabitur in libero ut massa volutpat convallis. Morbi odio odio, elementum eu, interdum eu, tincidunt in, leo. Maecenas pulvinar lobortis est. Phasellus sit amet erat.', '2020-02-11 23:17:49');
insert into content (id, author, body, creation_time) values (380, 79, 'Nulla facilisi. Cras non velit nec nisi vulputate nonummy. Maecenas tincidunt lacus at velit. Vivamus vel nulla eget eros elementum pellentesque.', '2019-09-30 18:06:53');
insert into content (id, author, body, creation_time) values (381, 26, 'Nulla mollis molestie lorem. Quisque ut erat. Curabitur gravida nisi at nibh. In hac habitasse platea dictumst. Aliquam augue quam, sollicitudin vitae, consectetuer eget, rutrum at, lorem. Integer tincidunt ante vel ipsum. Praesent blandit lacinia erat. Vestibulum sed magna at nunc commodo placerat. Praesent blandit. Nam nulla. Integer pede justo, lacinia eget, tincidunt eget, tempus vel, pede.', '2020-01-01 06:17:37');
insert into content (id, author, body, creation_time) values (382, null, 'Suspendisse potenti. Nullam porttitor lacus at turpis. Donec posuere metus vitae ipsum. Aliquam non mauris. Morbi non lectus. Aliquam sit amet diam in magna bibendum imperdiet. Nullam orci pede, venenatis non, sodales sed, tincidunt eu, felis. Fusce posuere felis sed lacus. Morbi sem mauris, laoreet ut, rhoncus aliquet, pulvinar sed, nisl. Nunc rhoncus dui vel sem. Sed sagittis. Nam congue, risus semper porta volutpat, quam pede lobortis ligula, sit amet eleifend pede libero quis orci. Nullam molestie nibh in lectus.', '2020-03-15 05:14:40');
insert into content (id, author, body, creation_time) values (383, 9, 'Morbi ut odio. Cras mi pede, malesuada in, imperdiet et, commodo vulputate, justo. In blandit ultrices enim. Lorem ipsum dolor sit amet, consectetuer adipiscing elit. Proin interdum mauris non ligula pellentesque ultrices. Phasellus id sapien in sapien iaculis congue. Vivamus metus arcu, adipiscing molestie, hendrerit at, vulputate vitae, nisl. Aenean lectus. Pellentesque eget nunc. Donec quis orci eget orci vehicula condimentum. Curabitur in libero ut massa volutpat convallis. Morbi odio odio, elementum eu, interdum eu, tincidunt in, leo.', '2019-04-23 11:45:42');
insert into content (id, author, body, creation_time) values (384, 10, 'Vivamus in felis eu sapien cursus vestibulum. Proin eu mi. Nulla ac enim. In tempor, turpis nec euismod scelerisque, quam turpis adipiscing lorem, vitae mattis nibh ligula nec sem. Duis aliquam convallis nunc. Proin at turpis a pede posuere nonummy. Integer non velit. Donec diam neque, vestibulum eget, vulputate ut, ultrices vel, augue. Vestibulum ante ipsum primis in faucibus orci luctus et ultrices posuere cubilia Curae; Donec pharetra, magna vestibulum aliquet ultrices, erat tortor sollicitudin mi, sit amet lobortis sapien sapien non mi. Integer ac neque. Duis bibendum. Morbi non quam nec dui luctus rutrum.', '2020-02-07 22:28:08');
insert into content (id, author, body, creation_time) values (385, 82, 'Sed sagittis. Nam congue, risus semper porta volutpat, quam pede lobortis ligula, sit amet eleifend pede libero quis orci. Nullam molestie nibh in lectus. Pellentesque at nulla. Suspendisse potenti. Cras in purus eu magna vulputate luctus.', '2019-07-31 13:11:46');
insert into content (id, author, body, creation_time) values (386, 78, 'Nam congue, risus semper porta volutpat, quam pede lobortis ligula, sit amet eleifend pede libero quis orci. Nullam molestie nibh in lectus. Pellentesque at nulla. Suspendisse potenti. Cras in purus eu magna vulputate luctus. Cum sociis natoque penatibus et magnis dis parturient montes, nascetur ridiculus mus. Vivamus vestibulum sagittis sapien. Cum sociis natoque penatibus et magnis dis parturient montes, nascetur ridiculus mus. Etiam vel augue. Vestibulum rutrum rutrum neque. Aenean auctor gravida sem. Praesent id massa id nisl venenatis lacinia. Aenean sit amet justo. Morbi ut odio. Cras mi pede, malesuada in, imperdiet et, commodo vulputate, justo.', '2019-06-11 00:22:07');
insert into content (id, author, body, creation_time) values (387, null, 'Quisque porta volutpat erat. Quisque erat eros, viverra eget, congue eget, semper rutrum, nulla. Nunc purus. Phasellus in felis. Donec semper sapien a libero. Nam dui. Proin leo odio, porttitor id, consequat in, consequat ut, nulla. Sed accumsan felis. Ut at dolor quis odio consequat varius. Integer ac leo. Pellentesque ultrices mattis odio. Donec vitae nisi. Nam ultrices, libero non mattis pulvinar, nulla pede ullamcorper augue, a suscipit nulla elit ac nulla.', '2019-05-04 13:33:25');
insert into content (id, author, body, creation_time) values (388, 15, 'Ut at dolor quis odio consequat varius. Integer ac leo.', '2019-03-29 12:21:43');
insert into content (id, author, body, creation_time) values (389, 42, 'Suspendisse accumsan tortor quis turpis. Sed ante.', '2019-07-25 20:56:00');
insert into content (id, author, body, creation_time) values (390, 14, 'Aenean lectus. Pellentesque eget nunc. Donec quis orci eget orci vehicula condimentum. Curabitur in libero ut massa volutpat convallis. Morbi odio odio, elementum eu, interdum eu, tincidunt in, leo. Maecenas pulvinar lobortis est. Phasellus sit amet erat. Nulla tempus. Vivamus in felis eu sapien cursus vestibulum. Proin eu mi. Nulla ac enim. In tempor, turpis nec euismod scelerisque, quam turpis adipiscing lorem, vitae mattis nibh ligula nec sem. Duis aliquam convallis nunc. Proin at turpis a pede posuere nonummy.', '2019-05-10 04:23:21');
insert into content (id, author, body, creation_time) values (391, 45, 'Aenean auctor gravida sem. Praesent id massa id nisl venenatis lacinia. Aenean sit amet justo. Morbi ut odio. Cras mi pede, malesuada in, imperdiet et, commodo vulputate, justo.', '2020-03-09 07:42:01');
insert into content (id, author, body, creation_time) values (392, 12, 'Morbi non quam nec dui luctus rutrum. Nulla tellus. In sagittis dui vel nisl. Duis ac nibh. Fusce lacus purus, aliquet at, feugiat non, pretium quis, lectus. Suspendisse potenti. In eleifend quam a odio. In hac habitasse platea dictumst. Maecenas ut massa quis augue luctus tincidunt. Nulla mollis molestie lorem. Quisque ut erat. Curabitur gravida nisi at nibh.', '2019-09-03 09:40:34');
insert into content (id, author, body, creation_time) values (393, 34, 'Duis mattis egestas metus. Aenean fermentum. Donec ut mauris eget massa tempor convallis. Nulla neque libero, convallis eget, eleifend luctus, ultricies eu, nibh. Quisque id justo sit amet sapien dignissim vestibulum. Vestibulum ante ipsum primis in faucibus orci luctus et ultrices posuere cubilia Curae; Nulla dapibus dolor vel est. Donec odio justo, sollicitudin ut, suscipit a, feugiat et, eros. Vestibulum ac est lacinia nisi venenatis tristique. Fusce congue, diam id ornare imperdiet, sapien urna pretium nisl, ut volutpat sapien arcu sed augue. Aliquam erat volutpat.', '2019-09-01 06:27:20');
insert into content (id, author, body, creation_time) values (394, 1, 'Nulla mollis molestie lorem. Quisque ut erat. Curabitur gravida nisi at nibh.', '2019-08-30 23:58:22');
insert into content (id, author, body, creation_time) values (395, 26, 'Pellentesque viverra pede ac diam. Cras pellentesque volutpat dui. Maecenas tristique, est et tempus semper, est quam pharetra magna, ac consequat metus sapien ut nunc. Vestibulum ante ipsum primis in faucibus orci luctus et ultrices posuere cubilia Curae; Mauris viverra diam vitae quam. Suspendisse potenti. Nullam porttitor lacus at turpis. Donec posuere metus vitae ipsum. Aliquam non mauris. Morbi non lectus. Aliquam sit amet diam in magna bibendum imperdiet. Nullam orci pede, venenatis non, sodales sed, tincidunt eu, felis. Fusce posuere felis sed lacus. Morbi sem mauris, laoreet ut, rhoncus aliquet, pulvinar sed, nisl.', '2019-08-01 05:57:17');
insert into content (id, author, body, creation_time) values (396, null, 'Integer non velit. Donec diam neque, vestibulum eget, vulputate ut, ultrices vel, augue.', '2019-12-14 22:31:20');
insert into content (id, author, body, creation_time) values (397, 79, 'Duis consequat dui nec nisi volutpat eleifend. Donec ut dolor. Morbi vel lectus in quam fringilla rhoncus.', '2020-02-25 18:13:25');
insert into content (id, author, body, creation_time) values (398, 9, 'Praesent id massa id nisl venenatis lacinia.', '2019-07-27 05:53:09');
insert into content (id, author, body, creation_time) values (399, 11, 'Quisque ut erat. Curabitur gravida nisi at nibh. In hac habitasse platea dictumst. Aliquam augue quam, sollicitudin vitae, consectetuer eget, rutrum at, lorem. Integer tincidunt ante vel ipsum. Praesent blandit lacinia erat. Vestibulum sed magna at nunc commodo placerat. Praesent blandit. Nam nulla. Integer pede justo, lacinia eget, tincidunt eget, tempus vel, pede. Morbi porttitor lorem id ligula. Suspendisse ornare consequat lectus. In est risus, auctor sed, tristique in, tempus sit amet, sem.', '2019-06-07 04:39:08');
insert into content (id, author, body, creation_time) values (400, 25, 'Nulla mollis molestie lorem. Quisque ut erat. Curabitur gravida nisi at nibh. In hac habitasse platea dictumst. Aliquam augue quam, sollicitudin vitae, consectetuer eget, rutrum at, lorem. Integer tincidunt ante vel ipsum. Praesent blandit lacinia erat. Vestibulum sed magna at nunc commodo placerat. Praesent blandit. Nam nulla. Integer pede justo, lacinia eget, tincidunt eget, tempus vel, pede. Morbi porttitor lorem id ligula. Suspendisse ornare consequat lectus.', '2020-03-21 18:07:40');

select setval('content_id_seq', 400);


-- insert posts (100)
insert into post (id, title) values (1, 'Suspendisse potenti. In eleifend quam a odio.');
insert into post (id, title) values (2, 'Curabitur gravida nisi at nibh.');
insert into post (id, title) values (3, 'In est risus, auctor sed, tristique in, tempus sit amet, sem.');
insert into post (id, title) values (4, 'In hac habitasse platea dictumst. Morbi vestibulum, velit id pretium iaculis, diam erat fermentum justo, nec condimentum neque sapien placerat ante.');
insert into post (id, title) values (5, 'In blandit ultrices enim.');
insert into post (id, title) values (6, 'Suspendisse potenti.');
insert into post (id, title) values (7, 'Nam nulla.');
insert into post (id, title) values (8, 'Curabitur in libero ut massa volutpat convallis.');
insert into post (id, title) values (9, 'Aliquam sit amet diam in magna bibendum imperdiet.');
insert into post (id, title) values (10, 'Nulla facilisi.');
insert into post (id, title) values (11, 'Vestibulum ante ipsum primis in faucibus orci luctus et ultrices posuere cubilia Curae; Mauris viverra diam vitae quam. Suspendisse potenti.');
insert into post (id, title) values (12, 'Morbi ut odio. Cras mi pede, malesuada in, imperdiet et, commodo vulputate, justo.');
insert into post (id, title) values (13, 'Aliquam sit amet diam in magna bibendum imperdiet. Nullam orci pede, venenatis non, sodales sed, tincidunt eu, felis.');
insert into post (id, title) values (14, 'Integer ac neque.');
insert into post (id, title) values (15, 'Aliquam quis turpis eget elit sodales scelerisque.');
insert into post (id, title) values (16, 'Morbi quis tortor id nulla ultrices aliquet.');
insert into post (id, title) values (17, 'Morbi non lectus.');
insert into post (id, title) values (18, 'Curabitur in libero ut massa volutpat convallis.');
insert into post (id, title) values (19, 'Nam nulla.');
insert into post (id, title) values (20, 'Maecenas tristique, est et tempus semper, est quam pharetra magna, ac consequat metus sapien ut nunc.');
insert into post (id, title) values (21, 'Curabitur in libero ut massa volutpat convallis. Morbi odio odio, elementum eu, interdum eu, tincidunt in, leo.');
insert into post (id, title) values (22, 'Donec odio justo, sollicitudin ut, suscipit a, feugiat et, eros.');
insert into post (id, title) values (23, 'Fusce lacus purus, aliquet at, feugiat non, pretium quis, lectus. Suspendisse potenti.');
insert into post (id, title) values (24, 'Vivamus tortor. Duis mattis egestas metus.');
insert into post (id, title) values (25, 'Vestibulum ante ipsum primis in faucibus orci luctus et ultrices posuere cubilia Curae; Mauris viverra diam vitae quam.');
insert into post (id, title) values (26, 'Vestibulum ante ipsum primis in faucibus orci luctus et ultrices posuere cubilia Curae; Nulla dapibus dolor vel est.');
insert into post (id, title) values (27, 'Donec vitae nisi. Nam ultrices, libero non mattis pulvinar, nulla pede ullamcorper augue, a suscipit nulla elit ac nulla.');
insert into post (id, title) values (28, 'Donec ut mauris eget massa tempor convallis.');
insert into post (id, title) values (29, 'Curabitur in libero ut massa volutpat convallis. Morbi odio odio, elementum eu, interdum eu, tincidunt in, leo.');
insert into post (id, title) values (30, 'Nulla neque libero, convallis eget, eleifend luctus, ultricies eu, nibh.');
insert into post (id, title) values (31, 'Vestibulum ante ipsum primis in faucibus orci luctus et ultrices posuere cubilia Curae; Mauris viverra diam vitae quam.');
insert into post (id, title) values (32, 'Maecenas tincidunt lacus at velit. Vivamus vel nulla eget eros elementum pellentesque.');
insert into post (id, title) values (33, 'Morbi porttitor lorem id ligula.');
insert into post (id, title) values (34, 'Donec diam neque, vestibulum eget, vulputate ut, ultrices vel, augue. Vestibulum ante ipsum primis in faucibus orci luctus et ultrices posuere cubilia Curae; Donec pharetra, magna vestibulum aliquet ultrices, erat tortor sollicitudin mi, sit amet lobortis sapien sapien non mi.');
insert into post (id, title) values (35, 'Morbi ut odio. Cras mi pede, malesuada in, imperdiet et, commodo vulputate, justo.');
insert into post (id, title) values (36, 'Nulla nisl.');
insert into post (id, title) values (37, 'Aenean fermentum. Donec ut mauris eget massa tempor convallis.');
insert into post (id, title) values (38, 'Nullam varius.');
insert into post (id, title) values (39, 'Duis bibendum. Morbi non quam nec dui luctus rutrum.');
insert into post (id, title) values (40, 'Etiam vel augue. Vestibulum rutrum rutrum neque.');
insert into post (id, title) values (41, 'Cras in purus eu magna vulputate luctus.');
insert into post (id, title) values (42, 'Cum sociis natoque penatibus et magnis dis parturient montes, nascetur ridiculus mus.');
insert into post (id, title) values (43, 'Aenean sit amet justo.');
insert into post (id, title) values (44, 'Curabitur convallis.');
insert into post (id, title) values (45, 'Proin risus. Praesent lectus.');
insert into post (id, title) values (46, 'Phasellus sit amet erat. Nulla tempus.');
insert into post (id, title) values (47, 'Donec ut mauris eget massa tempor convallis. Nulla neque libero, convallis eget, eleifend luctus, ultricies eu, nibh.');
insert into post (id, title) values (48, 'Etiam vel augue.');
insert into post (id, title) values (49, 'In hac habitasse platea dictumst. Aliquam augue quam, sollicitudin vitae, consectetuer eget, rutrum at, lorem.');
insert into post (id, title) values (50, 'Proin eu mi.');
insert into post (id, title) values (51, 'Vestibulum ante ipsum primis in faucibus orci luctus et ultrices posuere cubilia Curae; Donec pharetra, magna vestibulum aliquet ultrices, erat tortor sollicitudin mi, sit amet lobortis sapien sapien non mi.');
insert into post (id, title) values (52, 'Fusce consequat. Nulla nisl.');
insert into post (id, title) values (53, 'Etiam justo.');
insert into post (id, title) values (54, 'Donec dapibus. Duis at velit eu est congue elementum.');
insert into post (id, title) values (55, 'In quis justo. Maecenas rhoncus aliquam lacus.');
insert into post (id, title) values (56, 'Duis ac nibh. Fusce lacus purus, aliquet at, feugiat non, pretium quis, lectus.');
insert into post (id, title) values (57, 'Donec diam neque, vestibulum eget, vulputate ut, ultrices vel, augue.');
insert into post (id, title) values (58, 'Mauris lacinia sapien quis libero. Nullam sit amet turpis elementum ligula vehicula consequat.');
insert into post (id, title) values (59, 'Vivamus vel nulla eget eros elementum pellentesque. Quisque porta volutpat erat.');
insert into post (id, title) values (60, 'Lorem ipsum dolor sit amet, consectetuer adipiscing elit.');
insert into post (id, title) values (61, 'Aenean sit amet justo. Morbi ut odio.');
insert into post (id, title) values (62, 'Quisque arcu libero, rutrum ac, lobortis vel, dapibus at, diam.');
insert into post (id, title) values (63, 'In est risus, auctor sed, tristique in, tempus sit amet, sem. Fusce consequat.');
insert into post (id, title) values (64, 'Integer non velit. Donec diam neque, vestibulum eget, vulputate ut, ultrices vel, augue.');
insert into post (id, title) values (65, 'Vestibulum rutrum rutrum neque. Aenean auctor gravida sem.');
insert into post (id, title) values (66, 'Praesent blandit lacinia erat.');
insert into post (id, title) values (67, 'Morbi porttitor lorem id ligula. Suspendisse ornare consequat lectus.');
insert into post (id, title) values (68, 'Suspendisse accumsan tortor quis turpis.');
insert into post (id, title) values (69, 'Mauris lacinia sapien quis libero.');
insert into post (id, title) values (70, 'Nulla nisl. Nunc nisl.');
insert into post (id, title) values (71, 'Etiam faucibus cursus urna. Ut tellus.');
insert into post (id, title) values (72, 'Vivamus vestibulum sagittis sapien.');
insert into post (id, title) values (73, 'Pellentesque ultrices mattis odio.');
insert into post (id, title) values (74, 'Curabitur convallis. Duis consequat dui nec nisi volutpat eleifend.');
insert into post (id, title) values (75, 'Integer non velit.');
insert into post (id, title) values (76, 'In quis justo. Maecenas rhoncus aliquam lacus.');
insert into post (id, title) values (77, 'Donec vitae nisi.');
insert into post (id, title) values (78, 'Mauris lacinia sapien quis libero. Nullam sit amet turpis elementum ligula vehicula consequat.');
insert into post (id, title) values (79, 'Integer tincidunt ante vel ipsum.');
insert into post (id, title) values (80, 'Cras non velit nec nisi vulputate nonummy.');
insert into post (id, title) values (81, 'Nulla nisl.');
insert into post (id, title) values (82, 'Etiam justo.');
insert into post (id, title) values (83, 'In hac habitasse platea dictumst.');
insert into post (id, title) values (84, 'Mauris enim leo, rhoncus sed, vestibulum sit amet, cursus id, turpis.');
insert into post (id, title) values (85, 'Duis at velit eu est congue elementum. In hac habitasse platea dictumst.');
insert into post (id, title) values (86, 'Integer pede justo, lacinia eget, tincidunt eget, tempus vel, pede.');
insert into post (id, title) values (87, 'Vestibulum ante ipsum primis in faucibus orci luctus et ultrices posuere cubilia Curae; Nulla dapibus dolor vel est. Donec odio justo, sollicitudin ut, suscipit a, feugiat et, eros.');
insert into post (id, title) values (88, 'Duis aliquam convallis nunc. Proin at turpis a pede posuere nonummy.');
insert into post (id, title) values (89, 'Vivamus vel nulla eget eros elementum pellentesque. Quisque porta volutpat erat.');
insert into post (id, title) values (90, 'Donec dapibus. Duis at velit eu est congue elementum.');
insert into post (id, title) values (91, 'In hac habitasse platea dictumst.');
insert into post (id, title) values (92, 'Morbi sem mauris, laoreet ut, rhoncus aliquet, pulvinar sed, nisl.');
insert into post (id, title) values (93, 'Fusce congue, diam id ornare imperdiet, sapien urna pretium nisl, ut volutpat sapien arcu sed augue. Aliquam erat volutpat.');
insert into post (id, title) values (94, 'Cras mi pede, malesuada in, imperdiet et, commodo vulputate, justo. In blandit ultrices enim.');
insert into post (id, title) values (95, 'Phasellus sit amet erat. Nulla tempus.');
insert into post (id, title) values (96, 'Aliquam augue quam, sollicitudin vitae, consectetuer eget, rutrum at, lorem. Integer tincidunt ante vel ipsum.');
insert into post (id, title) values (97, 'Nunc nisl. Duis bibendum, felis sed interdum venenatis, turpis enim blandit mi, in porttitor pede justo eu massa.');
insert into post (id, title) values (98, 'Nullam porttitor lacus at turpis. Donec posuere metus vitae ipsum.');
insert into post (id, title) values (99, 'Aliquam sit amet diam in magna bibendum imperdiet. Nullam orci pede, venenatis non, sodales sed, tincidunt eu, felis.');
insert into post (id, title) values (100, 'Praesent blandit.');


-- insert comments (300)
insert into comment (id) values (101);
insert into comment (id) values (102);
insert into comment (id) values (103);
insert into comment (id) values (104);
insert into comment (id) values (105);
insert into comment (id) values (106);
insert into comment (id) values (107);
insert into comment (id) values (108);
insert into comment (id) values (109);
insert into comment (id) values (110);
insert into comment (id) values (111);
insert into comment (id) values (112);
insert into comment (id) values (113);
insert into comment (id) values (114);
insert into comment (id) values (115);
insert into comment (id) values (116);
insert into comment (id) values (117);
insert into comment (id) values (118);
insert into comment (id) values (119);
insert into comment (id) values (120);
insert into comment (id) values (121);
insert into comment (id) values (122);
insert into comment (id) values (123);
insert into comment (id) values (124);
insert into comment (id) values (125);
insert into comment (id) values (126);
insert into comment (id) values (127);
insert into comment (id) values (128);
insert into comment (id) values (129);
insert into comment (id) values (130);
insert into comment (id) values (131);
insert into comment (id) values (132);
insert into comment (id) values (133);
insert into comment (id) values (134);
insert into comment (id) values (135);
insert into comment (id) values (136);
insert into comment (id) values (137);
insert into comment (id) values (138);
insert into comment (id) values (139);
insert into comment (id) values (140);
insert into comment (id) values (141);
insert into comment (id) values (142);
insert into comment (id) values (143);
insert into comment (id) values (144);
insert into comment (id) values (145);
insert into comment (id) values (146);
insert into comment (id) values (147);
insert into comment (id) values (148);
insert into comment (id) values (149);
insert into comment (id) values (150);
insert into comment (id) values (151);
insert into comment (id) values (152);
insert into comment (id) values (153);
insert into comment (id) values (154);
insert into comment (id) values (155);
insert into comment (id) values (156);
insert into comment (id) values (157);
insert into comment (id) values (158);
insert into comment (id) values (159);
insert into comment (id) values (160);
insert into comment (id) values (161);
insert into comment (id) values (162);
insert into comment (id) values (163);
insert into comment (id) values (164);
insert into comment (id) values (165);
insert into comment (id) values (166);
insert into comment (id) values (167);
insert into comment (id) values (168);
insert into comment (id) values (169);
insert into comment (id) values (170);
insert into comment (id) values (171);
insert into comment (id) values (172);
insert into comment (id) values (173);
insert into comment (id) values (174);
insert into comment (id) values (175);
insert into comment (id) values (176);
insert into comment (id) values (177);
insert into comment (id) values (178);
insert into comment (id) values (179);
insert into comment (id) values (180);
insert into comment (id) values (181);
insert into comment (id) values (182);
insert into comment (id) values (183);
insert into comment (id) values (184);
insert into comment (id) values (185);
insert into comment (id) values (186);
insert into comment (id) values (187);
insert into comment (id) values (188);
insert into comment (id) values (189);
insert into comment (id) values (190);
insert into comment (id) values (191);
insert into comment (id) values (192);
insert into comment (id) values (193);
insert into comment (id) values (194);
insert into comment (id) values (195);
insert into comment (id) values (196);
insert into comment (id) values (197);
insert into comment (id) values (198);
insert into comment (id) values (199);
insert into comment (id) values (200);
insert into comment (id) values (201);
insert into comment (id) values (202);
insert into comment (id) values (203);
insert into comment (id) values (204);
insert into comment (id) values (205);
insert into comment (id) values (206);
insert into comment (id) values (207);
insert into comment (id) values (208);
insert into comment (id) values (209);
insert into comment (id) values (210);
insert into comment (id) values (211);
insert into comment (id) values (212);
insert into comment (id) values (213);
insert into comment (id) values (214);
insert into comment (id) values (215);
insert into comment (id) values (216);
insert into comment (id) values (217);
insert into comment (id) values (218);
insert into comment (id) values (219);
insert into comment (id) values (220);
insert into comment (id) values (221);
insert into comment (id) values (222);
insert into comment (id) values (223);
insert into comment (id) values (224);
insert into comment (id) values (225);
insert into comment (id) values (226);
insert into comment (id) values (227);
insert into comment (id) values (228);
insert into comment (id) values (229);
insert into comment (id) values (230);
insert into comment (id) values (231);
insert into comment (id) values (232);
insert into comment (id) values (233);
insert into comment (id) values (234);
insert into comment (id) values (235);
insert into comment (id) values (236);
insert into comment (id) values (237);
insert into comment (id) values (238);
insert into comment (id) values (239);
insert into comment (id) values (240);
insert into comment (id) values (241);
insert into comment (id) values (242);
insert into comment (id) values (243);
insert into comment (id) values (244);
insert into comment (id) values (245);
insert into comment (id) values (246);
insert into comment (id) values (247);
insert into comment (id) values (248);
insert into comment (id) values (249);
insert into comment (id) values (250);
insert into comment (id) values (251);
insert into comment (id) values (252);
insert into comment (id) values (253);
insert into comment (id) values (254);
insert into comment (id) values (255);
insert into comment (id) values (256);
insert into comment (id) values (257);
insert into comment (id) values (258);
insert into comment (id) values (259);
insert into comment (id) values (260);
insert into comment (id) values (261);
insert into comment (id) values (262);
insert into comment (id) values (263);
insert into comment (id) values (264);
insert into comment (id) values (265);
insert into comment (id) values (266);
insert into comment (id) values (267);
insert into comment (id) values (268);
insert into comment (id) values (269);
insert into comment (id) values (270);
insert into comment (id) values (271);
insert into comment (id) values (272);
insert into comment (id) values (273);
insert into comment (id) values (274);
insert into comment (id) values (275);
insert into comment (id) values (276);
insert into comment (id) values (277);
insert into comment (id) values (278);
insert into comment (id) values (279);
insert into comment (id) values (280);
insert into comment (id) values (281);
insert into comment (id) values (282);
insert into comment (id) values (283);
insert into comment (id) values (284);
insert into comment (id) values (285);
insert into comment (id) values (286);
insert into comment (id) values (287);
insert into comment (id) values (288);
insert into comment (id) values (289);
insert into comment (id) values (290);
insert into comment (id) values (291);
insert into comment (id) values (292);
insert into comment (id) values (293);
insert into comment (id) values (294);
insert into comment (id) values (295);
insert into comment (id) values (296);
insert into comment (id) values (297);
insert into comment (id) values (298);
insert into comment (id) values (299);
insert into comment (id) values (300);
insert into comment (id) values (301);
insert into comment (id) values (302);
insert into comment (id) values (303);
insert into comment (id) values (304);
insert into comment (id) values (305);
insert into comment (id) values (306);
insert into comment (id) values (307);
insert into comment (id) values (308);
insert into comment (id) values (309);
insert into comment (id) values (310);
insert into comment (id) values (311);
insert into comment (id) values (312);
insert into comment (id) values (313);
insert into comment (id) values (314);
insert into comment (id) values (315);
insert into comment (id) values (316);
insert into comment (id) values (317);
insert into comment (id) values (318);
insert into comment (id) values (319);
insert into comment (id) values (320);
insert into comment (id) values (321);
insert into comment (id) values (322);
insert into comment (id) values (323);
insert into comment (id) values (324);
insert into comment (id) values (325);
insert into comment (id) values (326);
insert into comment (id) values (327);
insert into comment (id) values (328);
insert into comment (id) values (329);
insert into comment (id) values (330);
insert into comment (id) values (331);
insert into comment (id) values (332);
insert into comment (id) values (333);
insert into comment (id) values (334);
insert into comment (id) values (335);
insert into comment (id) values (336);
insert into comment (id) values (337);
insert into comment (id) values (338);
insert into comment (id) values (339);
insert into comment (id) values (340);
insert into comment (id) values (341);
insert into comment (id) values (342);
insert into comment (id) values (343);
insert into comment (id) values (344);
insert into comment (id) values (345);
insert into comment (id) values (346);
insert into comment (id) values (347);
insert into comment (id) values (348);
insert into comment (id) values (349);
insert into comment (id) values (350);
insert into comment (id) values (351);
insert into comment (id) values (352);
insert into comment (id) values (353);
insert into comment (id) values (354);
insert into comment (id) values (355);
insert into comment (id) values (356);
insert into comment (id) values (357);
insert into comment (id) values (358);
insert into comment (id) values (359);
insert into comment (id) values (360);
insert into comment (id) values (361);
insert into comment (id) values (362);
insert into comment (id) values (363);
insert into comment (id) values (364);
insert into comment (id) values (365);
insert into comment (id) values (366);
insert into comment (id) values (367);
insert into comment (id) values (368);
insert into comment (id) values (369);
insert into comment (id) values (370);
insert into comment (id) values (371);
insert into comment (id) values (372);
insert into comment (id) values (373);
insert into comment (id) values (374);
insert into comment (id) values (375);
insert into comment (id) values (376);
insert into comment (id) values (377);
insert into comment (id) values (378);
insert into comment (id) values (379);
insert into comment (id) values (380);
insert into comment (id) values (381);
insert into comment (id) values (382);
insert into comment (id) values (383);
insert into comment (id) values (384);
insert into comment (id) values (385);
insert into comment (id) values (386);
insert into comment (id) values (387);
insert into comment (id) values (388);
insert into comment (id) values (389);
insert into comment (id) values (390);
insert into comment (id) values (391);
insert into comment (id) values (392);
insert into comment (id) values (393);
insert into comment (id) values (394);
insert into comment (id) values (395);
insert into comment (id) values (396);
insert into comment (id) values (397);
insert into comment (id) values (398);
insert into comment (id) values (399);
insert into comment (id) values (400);


-- insert threads (100)
insert into thread (id, post, main_comment) values (1, 11, 101);
insert into thread (id, post, main_comment) values (2, 36, 102);
insert into thread (id, post, main_comment) values (3, 36, 103);
insert into thread (id, post, main_comment) values (4, 34, 104);
insert into thread (id, post, main_comment) values (5, 94, 105);
insert into thread (id, post, main_comment) values (6, 22, 106);
insert into thread (id, post, main_comment) values (7, 3, 107);
insert into thread (id, post, main_comment) values (8, 82, 108);
insert into thread (id, post, main_comment) values (9, 80, 109);
insert into thread (id, post, main_comment) values (10, 76, 110);
insert into thread (id, post, main_comment) values (11, 60, 111);
insert into thread (id, post, main_comment) values (12, 69, 112);
insert into thread (id, post, main_comment) values (13, 89, 113);
insert into thread (id, post, main_comment) values (14, 91, 114);
insert into thread (id, post, main_comment) values (15, 33, 115);
insert into thread (id, post, main_comment) values (16, 8, 116);
insert into thread (id, post, main_comment) values (17, 82, 117);
insert into thread (id, post, main_comment) values (18, 25, 118);
insert into thread (id, post, main_comment) values (19, 94, 119);
insert into thread (id, post, main_comment) values (20, 95, 120);
insert into thread (id, post, main_comment) values (21, 34, 121);
insert into thread (id, post, main_comment) values (22, 60, 122);
insert into thread (id, post, main_comment) values (23, 54, 123);
insert into thread (id, post, main_comment) values (24, 25, 124);
insert into thread (id, post, main_comment) values (25, 91, 125);
insert into thread (id, post, main_comment) values (26, 46, 126);
insert into thread (id, post, main_comment) values (27, 16, 127);
insert into thread (id, post, main_comment) values (28, 48, 128);
insert into thread (id, post, main_comment) values (29, 26, 129);
insert into thread (id, post, main_comment) values (30, 36, 130);
insert into thread (id, post, main_comment) values (31, 10, 131);
insert into thread (id, post, main_comment) values (32, 43, 132);
insert into thread (id, post, main_comment) values (33, 90, 133);
insert into thread (id, post, main_comment) values (34, 97, 134);
insert into thread (id, post, main_comment) values (35, 39, 135);
insert into thread (id, post, main_comment) values (36, 47, 136);
insert into thread (id, post, main_comment) values (37, 48, 137);
insert into thread (id, post, main_comment) values (38, 91, 138);
insert into thread (id, post, main_comment) values (39, 10, 139);
insert into thread (id, post, main_comment) values (40, 91, 140);
insert into thread (id, post, main_comment) values (41, 32, 141);
insert into thread (id, post, main_comment) values (42, 88, 142);
insert into thread (id, post, main_comment) values (43, 20, 143);
insert into thread (id, post, main_comment) values (44, 99, 144);
insert into thread (id, post, main_comment) values (45, 49, 145);
insert into thread (id, post, main_comment) values (46, 68, 146);
insert into thread (id, post, main_comment) values (47, 90, 147);
insert into thread (id, post, main_comment) values (48, 10, 148);
insert into thread (id, post, main_comment) values (49, 66, 149);
insert into thread (id, post, main_comment) values (50, 90, 150);
insert into thread (id, post, main_comment) values (51, 66, 151);
insert into thread (id, post, main_comment) values (52, 78, 152);
insert into thread (id, post, main_comment) values (53, 67, 153);
insert into thread (id, post, main_comment) values (54, 47, 154);
insert into thread (id, post, main_comment) values (55, 44, 155);
insert into thread (id, post, main_comment) values (56, 48, 156);
insert into thread (id, post, main_comment) values (57, 51, 157);
insert into thread (id, post, main_comment) values (58, 20, 158);
insert into thread (id, post, main_comment) values (59, 71, 159);
insert into thread (id, post, main_comment) values (60, 11, 160);
insert into thread (id, post, main_comment) values (61, 76, 161);
insert into thread (id, post, main_comment) values (62, 79, 162);
insert into thread (id, post, main_comment) values (63, 28, 163);
insert into thread (id, post, main_comment) values (64, 65, 164);
insert into thread (id, post, main_comment) values (65, 17, 165);
insert into thread (id, post, main_comment) values (66, 60, 166);
insert into thread (id, post, main_comment) values (67, 25, 167);
insert into thread (id, post, main_comment) values (68, 69, 168);
insert into thread (id, post, main_comment) values (69, 66, 169);
insert into thread (id, post, main_comment) values (70, 23, 170);
insert into thread (id, post, main_comment) values (71, 21, 171);
insert into thread (id, post, main_comment) values (72, 82, 172);
insert into thread (id, post, main_comment) values (73, 83, 173);
insert into thread (id, post, main_comment) values (74, 68, 174);
insert into thread (id, post, main_comment) values (75, 6, 175);
insert into thread (id, post, main_comment) values (76, 54, 176);
insert into thread (id, post, main_comment) values (77, 76, 177);
insert into thread (id, post, main_comment) values (78, 21, 178);
insert into thread (id, post, main_comment) values (79, 40, 179);
insert into thread (id, post, main_comment) values (80, 28, 180);
insert into thread (id, post, main_comment) values (81, 53, 181);
insert into thread (id, post, main_comment) values (82, 58, 182);
insert into thread (id, post, main_comment) values (83, 36, 183);
insert into thread (id, post, main_comment) values (84, 89, 184);
insert into thread (id, post, main_comment) values (85, 12, 185);
insert into thread (id, post, main_comment) values (86, 52, 186);
insert into thread (id, post, main_comment) values (87, 17, 187);
insert into thread (id, post, main_comment) values (88, 94, 188);
insert into thread (id, post, main_comment) values (89, 51, 189);
insert into thread (id, post, main_comment) values (90, 76, 190);
insert into thread (id, post, main_comment) values (91, 83, 191);
insert into thread (id, post, main_comment) values (92, 73, 192);
insert into thread (id, post, main_comment) values (93, 38, 193);
insert into thread (id, post, main_comment) values (94, 68, 194);
insert into thread (id, post, main_comment) values (95, 50, 195);
insert into thread (id, post, main_comment) values (96, 48, 196);
insert into thread (id, post, main_comment) values (97, 19, 197);
insert into thread (id, post, main_comment) values (98, 48, 198);
insert into thread (id, post, main_comment) values (99, 68, 199);
insert into thread (id, post, main_comment) values (100, 74, 200);

select setval('thread_id_seq', 100);


-- insert replies (200)
insert into reply (comment, thread) values (201, 47);
insert into reply (comment, thread) values (202, 59);
insert into reply (comment, thread) values (203, 16);
insert into reply (comment, thread) values (204, 92);
insert into reply (comment, thread) values (205, 77);
insert into reply (comment, thread) values (206, 52);
insert into reply (comment, thread) values (207, 1);
insert into reply (comment, thread) values (208, 27);
insert into reply (comment, thread) values (209, 48);
insert into reply (comment, thread) values (210, 41);
insert into reply (comment, thread) values (211, 48);
insert into reply (comment, thread) values (212, 79);
insert into reply (comment, thread) values (213, 55);
insert into reply (comment, thread) values (214, 53);
insert into reply (comment, thread) values (215, 97);
insert into reply (comment, thread) values (216, 25);
insert into reply (comment, thread) values (217, 61);
insert into reply (comment, thread) values (218, 20);
insert into reply (comment, thread) values (219, 82);
insert into reply (comment, thread) values (220, 47);
insert into reply (comment, thread) values (221, 48);
insert into reply (comment, thread) values (222, 50);
insert into reply (comment, thread) values (223, 67);
insert into reply (comment, thread) values (224, 28);
insert into reply (comment, thread) values (225, 65);
insert into reply (comment, thread) values (226, 66);
insert into reply (comment, thread) values (227, 30);
insert into reply (comment, thread) values (228, 90);
insert into reply (comment, thread) values (229, 57);
insert into reply (comment, thread) values (230, 74);
insert into reply (comment, thread) values (231, 53);
insert into reply (comment, thread) values (232, 14);
insert into reply (comment, thread) values (233, 30);
insert into reply (comment, thread) values (234, 99);
insert into reply (comment, thread) values (235, 81);
insert into reply (comment, thread) values (236, 21);
insert into reply (comment, thread) values (237, 35);
insert into reply (comment, thread) values (238, 52);
insert into reply (comment, thread) values (239, 4);
insert into reply (comment, thread) values (240, 94);
insert into reply (comment, thread) values (241, 33);
insert into reply (comment, thread) values (242, 53);
insert into reply (comment, thread) values (243, 37);
insert into reply (comment, thread) values (244, 55);
insert into reply (comment, thread) values (245, 75);
insert into reply (comment, thread) values (246, 66);
insert into reply (comment, thread) values (247, 79);
insert into reply (comment, thread) values (248, 51);
insert into reply (comment, thread) values (249, 66);
insert into reply (comment, thread) values (250, 80);
insert into reply (comment, thread) values (251, 18);
insert into reply (comment, thread) values (252, 20);
insert into reply (comment, thread) values (253, 21);
insert into reply (comment, thread) values (254, 62);
insert into reply (comment, thread) values (255, 85);
insert into reply (comment, thread) values (256, 55);
insert into reply (comment, thread) values (257, 93);
insert into reply (comment, thread) values (258, 16);
insert into reply (comment, thread) values (259, 12);
insert into reply (comment, thread) values (260, 98);
insert into reply (comment, thread) values (261, 100);
insert into reply (comment, thread) values (262, 9);
insert into reply (comment, thread) values (263, 44);
insert into reply (comment, thread) values (264, 19);
insert into reply (comment, thread) values (265, 12);
insert into reply (comment, thread) values (266, 28);
insert into reply (comment, thread) values (267, 37);
insert into reply (comment, thread) values (268, 72);
insert into reply (comment, thread) values (269, 42);
insert into reply (comment, thread) values (270, 22);
insert into reply (comment, thread) values (271, 33);
insert into reply (comment, thread) values (272, 4);
insert into reply (comment, thread) values (273, 17);
insert into reply (comment, thread) values (274, 83);
insert into reply (comment, thread) values (275, 93);
insert into reply (comment, thread) values (276, 2);
insert into reply (comment, thread) values (277, 95);
insert into reply (comment, thread) values (278, 39);
insert into reply (comment, thread) values (279, 92);
insert into reply (comment, thread) values (280, 35);
insert into reply (comment, thread) values (281, 82);
insert into reply (comment, thread) values (282, 9);
insert into reply (comment, thread) values (283, 97);
insert into reply (comment, thread) values (284, 79);
insert into reply (comment, thread) values (285, 18);
insert into reply (comment, thread) values (286, 74);
insert into reply (comment, thread) values (287, 75);
insert into reply (comment, thread) values (288, 89);
insert into reply (comment, thread) values (289, 73);
insert into reply (comment, thread) values (290, 24);
insert into reply (comment, thread) values (291, 1);
insert into reply (comment, thread) values (292, 85);
insert into reply (comment, thread) values (293, 45);
insert into reply (comment, thread) values (294, 41);
insert into reply (comment, thread) values (295, 96);
insert into reply (comment, thread) values (296, 87);
insert into reply (comment, thread) values (297, 61);
insert into reply (comment, thread) values (298, 64);
insert into reply (comment, thread) values (299, 38);
insert into reply (comment, thread) values (300, 86);
insert into reply (comment, thread) values (301, 91);
insert into reply (comment, thread) values (302, 6);
insert into reply (comment, thread) values (303, 20);
insert into reply (comment, thread) values (304, 79);
insert into reply (comment, thread) values (305, 75);
insert into reply (comment, thread) values (306, 44);
insert into reply (comment, thread) values (307, 7);
insert into reply (comment, thread) values (308, 24);
insert into reply (comment, thread) values (309, 100);
insert into reply (comment, thread) values (310, 23);
insert into reply (comment, thread) values (311, 58);
insert into reply (comment, thread) values (312, 82);
insert into reply (comment, thread) values (313, 10);
insert into reply (comment, thread) values (314, 25);
insert into reply (comment, thread) values (315, 71);
insert into reply (comment, thread) values (316, 27);
insert into reply (comment, thread) values (317, 8);
insert into reply (comment, thread) values (318, 20);
insert into reply (comment, thread) values (319, 31);
insert into reply (comment, thread) values (320, 31);
insert into reply (comment, thread) values (321, 42);
insert into reply (comment, thread) values (322, 88);
insert into reply (comment, thread) values (323, 50);
insert into reply (comment, thread) values (324, 78);
insert into reply (comment, thread) values (325, 43);
insert into reply (comment, thread) values (326, 52);
insert into reply (comment, thread) values (327, 27);
insert into reply (comment, thread) values (328, 14);
insert into reply (comment, thread) values (329, 37);
insert into reply (comment, thread) values (330, 78);
insert into reply (comment, thread) values (331, 45);
insert into reply (comment, thread) values (332, 61);
insert into reply (comment, thread) values (333, 35);
insert into reply (comment, thread) values (334, 66);
insert into reply (comment, thread) values (335, 10);
insert into reply (comment, thread) values (336, 20);
insert into reply (comment, thread) values (337, 2);
insert into reply (comment, thread) values (338, 13);
insert into reply (comment, thread) values (339, 64);
insert into reply (comment, thread) values (340, 14);
insert into reply (comment, thread) values (341, 26);
insert into reply (comment, thread) values (342, 17);
insert into reply (comment, thread) values (343, 2);
insert into reply (comment, thread) values (344, 20);
insert into reply (comment, thread) values (345, 45);
insert into reply (comment, thread) values (346, 11);
insert into reply (comment, thread) values (347, 6);
insert into reply (comment, thread) values (348, 19);
insert into reply (comment, thread) values (349, 52);
insert into reply (comment, thread) values (350, 65);
insert into reply (comment, thread) values (351, 16);
insert into reply (comment, thread) values (352, 75);
insert into reply (comment, thread) values (353, 24);
insert into reply (comment, thread) values (354, 68);
insert into reply (comment, thread) values (355, 53);
insert into reply (comment, thread) values (356, 67);
insert into reply (comment, thread) values (357, 24);
insert into reply (comment, thread) values (358, 92);
insert into reply (comment, thread) values (359, 11);
insert into reply (comment, thread) values (360, 94);
insert into reply (comment, thread) values (361, 94);
insert into reply (comment, thread) values (362, 15);
insert into reply (comment, thread) values (363, 47);
insert into reply (comment, thread) values (364, 74);
insert into reply (comment, thread) values (365, 14);
insert into reply (comment, thread) values (366, 74);
insert into reply (comment, thread) values (367, 55);
insert into reply (comment, thread) values (368, 45);
insert into reply (comment, thread) values (369, 88);
insert into reply (comment, thread) values (370, 60);
insert into reply (comment, thread) values (371, 98);
insert into reply (comment, thread) values (372, 99);
insert into reply (comment, thread) values (373, 40);
insert into reply (comment, thread) values (374, 56);
insert into reply (comment, thread) values (375, 90);
insert into reply (comment, thread) values (376, 40);
insert into reply (comment, thread) values (377, 90);
insert into reply (comment, thread) values (378, 43);
insert into reply (comment, thread) values (379, 42);
insert into reply (comment, thread) values (380, 28);
insert into reply (comment, thread) values (381, 79);
insert into reply (comment, thread) values (382, 94);
insert into reply (comment, thread) values (383, 29);
insert into reply (comment, thread) values (384, 60);
insert into reply (comment, thread) values (385, 31);
insert into reply (comment, thread) values (386, 60);
insert into reply (comment, thread) values (387, 34);
insert into reply (comment, thread) values (388, 47);
insert into reply (comment, thread) values (389, 78);
insert into reply (comment, thread) values (390, 36);
insert into reply (comment, thread) values (391, 71);
insert into reply (comment, thread) values (392, 40);
insert into reply (comment, thread) values (393, 9);
insert into reply (comment, thread) values (394, 88);
insert into reply (comment, thread) values (395, 8);
insert into reply (comment, thread) values (396, 85);
insert into reply (comment, thread) values (397, 43);
insert into reply (comment, thread) values (398, 25);
insert into reply (comment, thread) values (399, 29);
insert into reply (comment, thread) values (400, 67);


-- insert categories (50)
insert into category (id, title) values (1, 'Community News');
insert into category (id, title) values (2, 'Football');
insert into category (id, title) values (3,'Cycling');
insert into category (id, title) values (4, 'Surf');
insert into category (id, title) values (5, 'History');
insert into category (id, title) values (6, 'Anthropology');
insert into category (id, title) values (7, 'Philosophy');
insert into category (id, title) values (8, 'Biology');
insert into category (id, title) values (9, 'Physics');
insert into category (id, title) values (10, 'Chemistry');
insert into category (id, title) values (11, 'Technology');
insert into category (id, title) values (12, 'Programming');
insert into category (id, title) values (13, 'Nature');
insert into category (id, title) values (14, 'Animals');
insert into category (id, title) values (15, 'Gaming');
insert into category (id, title) values (16, 'Art');
insert into category (id, title) values (17, 'Fashion');
insert into category (id, title) values (18, 'Health');
insert into category (id, title) values (19, 'Cinema');
insert into category (id, title) values (20, 'Literature');
insert into category (id, title) values (21, 'Music');
insert into category (id, title) values (22, 'Economics');
insert into category (id, title) values (23, 'Politics');
insert into category (id, title) values (24, 'Theatre');
insert into category (id, title) values (25, 'Coronavirus');
insert into category (id, title) values (26, 'Accidents');
insert into category (id, title) values (27, 'Drugs');
insert into category (id, title) values (28, 'Funny Stories');
insert into category (id, title) values (29, 'Symetric Numbers');
insert into category (id, title) values (30, 'Love');
insert into category (id, title) values (31, 'LGBTQ');
insert into category (id, title) values (32, 'Trauma');
insert into category (id, title) values (33, 'Jobs');
insert into category (id, title) values (34, 'Supernatural');
insert into category (id, title) values (35, 'College');
insert into category (id, title) values (36, 'Deformaties');
insert into category (id, title) values (37, 'Countries');
insert into category (id, title) values (38, 'Disasters');
insert into category (id, title) values (39, 'Body Modifications');
insert into category (id, title) values (40, 'Food');
insert into category (id, title) values (41, 'Clubs');
insert into category (id, title) values (42, 'Travel');
insert into category (id, title) values (43, 'Business');
insert into category (id, title) values (44, 'Ethics');
insert into category (id, title) values (45, 'Acting');
insert into category (id, title) values (46, 'Fitness');
insert into category (id, title) values (47, 'Fears');
insert into category (id, title) values (48, 'Fetishes');
insert into category (id, title) values (49, 'Cringe');
insert into category (id, title) values (50, 'Other');

select setval('category_id_seq', 50);


-- insert post_category
insert into post_category (post, category) values (1, 30);
insert into post_category (post, category) values (2, 22);
insert into post_category (post, category) values (3, 45);
insert into post_category (post, category) values (4, 35);
insert into post_category (post, category) values (5, 46);
insert into post_category (post, category) values (6, 18);
insert into post_category (post, category) values (7, 5);
insert into post_category (post, category) values (8, 6);
insert into post_category (post, category) values (9, 50);
insert into post_category (post, category) values (10, 30);
insert into post_category (post, category) values (11, 30);
insert into post_category (post, category) values (12, 32);
insert into post_category (post, category) values (13, 41);
insert into post_category (post, category) values (14, 9);
insert into post_category (post, category) values (15, 43);
insert into post_category (post, category) values (16, 43);
insert into post_category (post, category) values (17, 2);
insert into post_category (post, category) values (18, 32);
insert into post_category (post, category) values (19, 2);
insert into post_category (post, category) values (20, 48);
insert into post_category (post, category) values (21, 31);
insert into post_category (post, category) values (22, 3);
insert into post_category (post, category) values (23, 35);
insert into post_category (post, category) values (24, 14);
insert into post_category (post, category) values (25, 47);
insert into post_category (post, category) values (26, 10);
insert into post_category (post, category) values (27, 28);
insert into post_category (post, category) values (28, 8);
insert into post_category (post, category) values (29, 50);
insert into post_category (post, category) values (30, 18);
insert into post_category (post, category) values (31, 17);
insert into post_category (post, category) values (32, 2);
insert into post_category (post, category) values (33, 5);
insert into post_category (post, category) values (34, 36);
insert into post_category (post, category) values (35, 3);
insert into post_category (post, category) values (36, 11);
insert into post_category (post, category) values (37, 22);
insert into post_category (post, category) values (38, 29);
insert into post_category (post, category) values (39, 50);
insert into post_category (post, category) values (40, 35);
insert into post_category (post, category) values (41, 39);
insert into post_category (post, category) values (42, 34);
insert into post_category (post, category) values (43, 40);
insert into post_category (post, category) values (44, 47);
insert into post_category (post, category) values (45, 17);
insert into post_category (post, category) values (46, 11);
insert into post_category (post, category) values (47, 42);
insert into post_category (post, category) values (48, 48);
insert into post_category (post, category) values (49, 27);
insert into post_category (post, category) values (50, 19);
insert into post_category (post, category) values (51, 45);
insert into post_category (post, category) values (52, 46);
insert into post_category (post, category) values (53, 36);
insert into post_category (post, category) values (54, 46);
insert into post_category (post, category) values (55, 40);
insert into post_category (post, category) values (56, 49);
insert into post_category (post, category) values (57, 33);
insert into post_category (post, category) values (58, 30);
insert into post_category (post, category) values (59, 26);
insert into post_category (post, category) values (60, 11);
insert into post_category (post, category) values (61, 30);
insert into post_category (post, category) values (62, 20);
insert into post_category (post, category) values (63, 11);
insert into post_category (post, category) values (64, 43);
insert into post_category (post, category) values (65, 20);
insert into post_category (post, category) values (66, 41);
insert into post_category (post, category) values (67, 48);
insert into post_category (post, category) values (68, 32);
insert into post_category (post, category) values (69, 25);
insert into post_category (post, category) values (70, 29);
insert into post_category (post, category) values (71, 29);
insert into post_category (post, category) values (72, 33);
insert into post_category (post, category) values (73, 40);
insert into post_category (post, category) values (74, 46);
insert into post_category (post, category) values (75, 37);
insert into post_category (post, category) values (76, 43);
insert into post_category (post, category) values (77, 45);
insert into post_category (post, category) values (78, 18);
insert into post_category (post, category) values (79, 50);
insert into post_category (post, category) values (80, 4);
insert into post_category (post, category) values (81, 10);
insert into post_category (post, category) values (82, 47);
insert into post_category (post, category) values (83, 14);
insert into post_category (post, category) values (84, 42);
insert into post_category (post, category) values (85, 19);
insert into post_category (post, category) values (86, 15);
insert into post_category (post, category) values (87, 31);
insert into post_category (post, category) values (88, 11);
insert into post_category (post, category) values (89, 17);
insert into post_category (post, category) values (90, 32);
insert into post_category (post, category) values (91, 7);
insert into post_category (post, category) values (92, 43);
insert into post_category (post, category) values (93, 48);
insert into post_category (post, category) values (94, 39);
insert into post_category (post, category) values (95, 45);
insert into post_category (post, category) values (96, 10);
insert into post_category (post, category) values (97, 36);
insert into post_category (post, category) values (98, 17);
insert into post_category (post, category) values (99, 33);
insert into post_category (post, category) values (100, 43);
insert into post_category (post, category) values (1, 50);
insert into post_category (post, category) values (2, 42);
insert into post_category (post, category) values (3, 32);
insert into post_category (post, category) values (4, 22);
insert into post_category (post, category) values (5, 50);
insert into post_category (post, category) values (6, 34);
insert into post_category (post, category) values (7, 38);
insert into post_category (post, category) values (8, 32);
insert into post_category (post, category) values (9, 20);
insert into post_category (post, category) values (10, 40);
insert into post_category (post, category) values (11, 9);
insert into post_category (post, category) values (12, 2);
insert into post_category (post, category) values (13, 6);
insert into post_category (post, category) values (14, 3);
insert into post_category (post, category) values (15, 48);
insert into post_category (post, category) values (16, 48);
insert into post_category (post, category) values (17, 25);
insert into post_category (post, category) values (18, 42);
insert into post_category (post, category) values (19, 13);
insert into post_category (post, category) values (20, 11);
insert into post_category (post, category) values (21, 3);
insert into post_category (post, category) values (22, 43);
insert into post_category (post, category) values (23, 3);
insert into post_category (post, category) values (24, 2);
insert into post_category (post, category) values (25, 7);
insert into post_category (post, category) values (26, 5);
insert into post_category (post, category) values (27, 3);
insert into post_category (post, category) values (28, 38);
insert into post_category (post, category) values (29, 39);
insert into post_category (post, category) values (30, 48);
insert into post_category (post, category) values (31, 16);
insert into post_category (post, category) values (32, 45);
insert into post_category (post, category) values (33, 50);
insert into post_category (post, category) values (34, 45);
insert into post_category (post, category) values (35, 34);
insert into post_category (post, category) values (36, 36);
insert into post_category (post, category) values (37, 24);
insert into post_category (post, category) values (38, 49);
insert into post_category (post, category) values (39, 4);
insert into post_category (post, category) values (40, 19);
insert into post_category (post, category) values (41, 9);
insert into post_category (post, category) values (42, 24);
insert into post_category (post, category) values (43, 15);
insert into post_category (post, category) values (44, 14);
insert into post_category (post, category) values (45, 23);
insert into post_category (post, category) values (46, 45);
insert into post_category (post, category) values (47, 31);
insert into post_category (post, category) values (48, 18);
insert into post_category (post, category) values (49, 46);
insert into post_category (post, category) values (50, 45);
insert into post_category (post, category) values (51, 49);
insert into post_category (post, category) values (52, 48);
insert into post_category (post, category) values (53, 32);
insert into post_category (post, category) values (54, 15);
insert into post_category (post, category) values (55, 39);
insert into post_category (post, category) values (56, 11);
insert into post_category (post, category) values (57, 43);
insert into post_category (post, category) values (58, 28);
insert into post_category (post, category) values (59, 48);
insert into post_category (post, category) values (60, 45);
insert into post_category (post, category) values (61, 28);
insert into post_category (post, category) values (62, 44);
insert into post_category (post, category) values (63, 21);
insert into post_category (post, category) values (64, 1);
insert into post_category (post, category) values (65, 47);
insert into post_category (post, category) values (66, 46);
insert into post_category (post, category) values (67, 39);
insert into post_category (post, category) values (68, 36);
insert into post_category (post, category) values (69, 27);
insert into post_category (post, category) values (70, 27);
insert into post_category (post, category) values (71, 1);
insert into post_category (post, category) values (72, 41);
insert into post_category (post, category) values (73, 39);
insert into post_category (post, category) values (74, 28);
insert into post_category (post, category) values (75, 9);
insert into post_category (post, category) values (76, 17);
insert into post_category (post, category) values (77, 36);
insert into post_category (post, category) values (78, 42);
insert into post_category (post, category) values (79, 44);
insert into post_category (post, category) values (80, 48);
insert into post_category (post, category) values (81, 34);
insert into post_category (post, category) values (82, 19);
insert into post_category (post, category) values (83, 34);
insert into post_category (post, category) values (84, 28);
insert into post_category (post, category) values (85, 40);
insert into post_category (post, category) values (86, 40);
insert into post_category (post, category) values (87, 4);
insert into post_category (post, category) values (88, 22);
insert into post_category (post, category) values (89, 33);
insert into post_category (post, category) values (90, 17);
insert into post_category (post, category) values (91, 18);
insert into post_category (post, category) values (92, 34);
insert into post_category (post, category) values (93, 33);
insert into post_category (post, category) values (94, 48);
insert into post_category (post, category) values (95, 21);
insert into post_category (post, category) values (96, 4);
insert into post_category (post, category) values (97, 47);
insert into post_category (post, category) values (98, 35);
insert into post_category (post, category) values (99, 14);
insert into post_category (post, category) values (100, 42);


-- insert star_post 
insert into star_post (user_id, post) values (10, 1);
insert into star_post (user_id, post) values (11, 2);
insert into star_post (user_id, post) values (12, 3);
insert into star_post (user_id, post) values (13, 4);
insert into star_post (user_id, post) values (14, 5);
insert into star_post (user_id, post) values (15, 6);
insert into star_post (user_id, post) values (16, 7);
insert into star_post (user_id, post) values (17, 8);
insert into star_post (user_id, post) values (18, 9);
insert into star_post (user_id, post) values (19, 10);


-- insert star_category
insert into star_category (user_id, category) values (10, 10);
insert into star_category (user_id, category) values (11, 11);
insert into star_category (user_id, category) values (12, 12);
insert into star_category (user_id, category) values (13, 13);
insert into star_category (user_id, category) values (14, 14);
insert into star_category (user_id, category) values (15, 15);
insert into star_category (user_id, category) values (16, 16);
insert into star_category (user_id, category) values (17, 17);
insert into star_category (user_id, category) values (18, 18);
insert into star_category (user_id, category) values (19, 19);


-- insert rating (1000)
insert into rating (user_id, content, rating, time) values (77, 129, 'upvote', '2020-03-09 08:32:48');
insert into rating (user_id, content, rating, time) values (87, 347, 'downvote', '2019-07-09 03:32:42');
insert into rating (user_id, content, rating, time) values (26, 144, 'downvote', '2019-06-30 06:56:13');
insert into rating (user_id, content, rating, time) values (26, 369, 'downvote', '2019-08-25 01:34:47');
insert into rating (user_id, content, rating, time) values (29, 168, 'downvote', '2019-04-17 17:25:23');
insert into rating (user_id, content, rating, time) values (15, 49, 'downvote', '2019-06-18 21:46:15');
insert into rating (user_id, content, rating, time) values (95, 122, 'downvote', '2019-12-13 14:14:25');
insert into rating (user_id, content, rating, time) values (42, 194, 'upvote', '2020-02-04 16:57:01');
insert into rating (user_id, content, rating, time) values (72, 142, 'upvote', '2020-03-11 17:54:11');
insert into rating (user_id, content, rating, time) values (99, 226, 'upvote', '2019-04-15 01:45:51');
insert into rating (user_id, content, rating, time) values (9, 381, 'upvote', '2019-11-15 18:01:34');
insert into rating (user_id, content, rating, time) values (47, 158, 'upvote', '2019-08-12 22:33:57');
insert into rating (user_id, content, rating, time) values (78, 164, 'downvote', '2019-10-10 17:05:31');
insert into rating (user_id, content, rating, time) values (34, 358, 'upvote', '2019-08-28 16:51:18');
insert into rating (user_id, content, rating, time) values (67, 252, 'downvote', '2019-06-15 03:04:44');
insert into rating (user_id, content, rating, time) values (64, 104, 'upvote', '2020-01-12 22:36:35');
insert into rating (user_id, content, rating, time) values (22, 155, 'downvote', '2019-10-20 16:59:35');
insert into rating (user_id, content, rating, time) values (3, 336, 'downvote', '2019-05-19 04:30:35');
insert into rating (user_id, content, rating, time) values (14, 147, 'upvote', '2020-02-06 04:48:00');
insert into rating (user_id, content, rating, time) values (50, 282, 'upvote', '2019-05-12 04:22:46');
insert into rating (user_id, content, rating, time) values (22, 114, 'downvote', '2020-01-21 05:22:37');
insert into rating (user_id, content, rating, time) values (26, 270, 'downvote', '2019-07-31 20:51:45');
insert into rating (user_id, content, rating, time) values (31, 211, 'upvote', '2019-05-17 10:02:31');
insert into rating (user_id, content, rating, time) values (16, 241, 'upvote', '2019-04-19 19:23:16');
insert into rating (user_id, content, rating, time) values (85, 249, 'downvote', '2019-11-09 23:47:18');
insert into rating (user_id, content, rating, time) values (5, 161, 'upvote', '2019-11-01 09:09:21');
insert into rating (user_id, content, rating, time) values (47, 11, 'upvote', '2019-04-29 23:02:30');
insert into rating (user_id, content, rating, time) values (43, 333, 'downvote', '2019-05-17 18:13:30');
insert into rating (user_id, content, rating, time) values (41, 398, 'downvote', '2019-10-19 00:22:19');
insert into rating (user_id, content, rating, time) values (75, 145, 'upvote', '2019-06-20 17:45:26');
insert into rating (user_id, content, rating, time) values (97, 149, 'downvote', '2019-08-25 13:06:56');
insert into rating (user_id, content, rating, time) values (26, 235, 'downvote', '2019-10-27 23:06:22');
insert into rating (user_id, content, rating, time) values (82, 295, 'upvote', '2020-02-01 23:04:40');
insert into rating (user_id, content, rating, time) values (28, 26, 'downvote', '2020-03-06 07:43:17');
insert into rating (user_id, content, rating, time) values (13, 351, 'upvote', '2020-03-20 20:55:16');
insert into rating (user_id, content, rating, time) values (72, 398, 'downvote', '2019-06-19 16:37:36');
insert into rating (user_id, content, rating, time) values (61, 272, 'downvote', '2019-10-03 01:16:08');
insert into rating (user_id, content, rating, time) values (41, 102, 'downvote', '2019-04-02 04:54:44');
insert into rating (user_id, content, rating, time) values (27, 328, 'downvote', '2020-03-01 20:01:20');
insert into rating (user_id, content, rating, time) values (48, 306, 'upvote', '2020-01-04 19:18:26');
insert into rating (user_id, content, rating, time) values (33, 3, 'downvote', '2019-06-19 17:32:16');
insert into rating (user_id, content, rating, time) values (3, 42, 'upvote', '2019-08-21 12:10:01');
insert into rating (user_id, content, rating, time) values (6, 17, 'upvote', '2019-12-25 02:49:29');
insert into rating (user_id, content, rating, time) values (79, 127, 'downvote', '2019-05-28 05:48:57');
insert into rating (user_id, content, rating, time) values (57, 383, 'downvote', '2020-02-04 07:36:34');
insert into rating (user_id, content, rating, time) values (31, 38, 'downvote', '2019-04-07 16:27:53');
insert into rating (user_id, content, rating, time) values (46, 135, 'downvote', '2019-04-29 10:30:21');
insert into rating (user_id, content, rating, time) values (63, 254, 'upvote', '2019-04-28 15:43:54');
insert into rating (user_id, content, rating, time) values (48, 21, 'downvote', '2019-06-28 08:57:37');
insert into rating (user_id, content, rating, time) values (75, 165, 'downvote', '2019-08-25 11:00:17');
insert into rating (user_id, content, rating, time) values (90, 206, 'upvote', '2019-08-28 16:32:20');
insert into rating (user_id, content, rating, time) values (44, 153, 'upvote', '2020-01-31 16:11:17');
insert into rating (user_id, content, rating, time) values (35, 356, 'downvote', '2019-07-20 23:39:03');
insert into rating (user_id, content, rating, time) values (69, 201, 'upvote', '2020-02-17 23:05:34');
insert into rating (user_id, content, rating, time) values (54, 50, 'downvote', '2019-10-01 09:53:57');
insert into rating (user_id, content, rating, time) values (55, 293, 'upvote', '2019-06-24 16:07:49');
insert into rating (user_id, content, rating, time) values (41, 125, 'upvote', '2020-01-22 06:44:11');
insert into rating (user_id, content, rating, time) values (55, 154, 'upvote', '2019-09-18 08:59:04');
insert into rating (user_id, content, rating, time) values (33, 229, 'upvote', '2020-03-06 09:37:36');
insert into rating (user_id, content, rating, time) values (69, 392, 'upvote', '2019-09-19 07:12:02');
insert into rating (user_id, content, rating, time) values (53, 399, 'downvote', '2019-09-17 04:13:52');
insert into rating (user_id, content, rating, time) values (10, 162, 'downvote', '2020-03-22 23:26:24');
insert into rating (user_id, content, rating, time) values (18, 329, 'downvote', '2019-08-07 13:25:33');
insert into rating (user_id, content, rating, time) values (73, 222, 'downvote', '2019-07-24 03:07:49');
insert into rating (user_id, content, rating, time) values (64, 202, 'downvote', '2019-11-17 20:48:17');
insert into rating (user_id, content, rating, time) values (10, 358, 'upvote', '2019-09-26 10:41:44');
insert into rating (user_id, content, rating, time) values (7, 294, 'upvote', '2020-02-14 02:14:01');
insert into rating (user_id, content, rating, time) values (51, 14, 'upvote', '2020-02-16 18:21:25');
insert into rating (user_id, content, rating, time) values (86, 328, 'upvote', '2019-10-22 20:02:13');
insert into rating (user_id, content, rating, time) values (9, 250, 'downvote', '2019-06-19 01:15:12');
insert into rating (user_id, content, rating, time) values (49, 286, 'upvote', '2020-03-03 07:40:26');
insert into rating (user_id, content, rating, time) values (42, 67, 'upvote', '2019-08-06 01:35:53');
insert into rating (user_id, content, rating, time) values (82, 237, 'upvote', '2019-10-06 12:05:21');
insert into rating (user_id, content, rating, time) values (40, 14, 'upvote', '2020-03-27 02:05:58');
insert into rating (user_id, content, rating, time) values (4, 148, 'upvote', '2019-04-16 03:38:20');
insert into rating (user_id, content, rating, time) values (84, 184, 'upvote', '2019-09-15 07:36:29');
insert into rating (user_id, content, rating, time) values (23, 3, 'downvote', '2019-04-08 19:31:33');
insert into rating (user_id, content, rating, time) values (70, 290, 'upvote', '2019-09-30 02:01:48');
insert into rating (user_id, content, rating, time) values (86, 320, 'downvote', '2019-06-15 21:46:14');
insert into rating (user_id, content, rating, time) values (85, 132, 'downvote', '2019-05-02 01:43:52');
insert into rating (user_id, content, rating, time) values (84, 167, 'downvote', '2019-05-14 17:40:38');
insert into rating (user_id, content, rating, time) values (24, 75, 'downvote', '2019-06-18 13:03:37');
insert into rating (user_id, content, rating, time) values (38, 370, 'downvote', '2019-09-04 20:08:28');
insert into rating (user_id, content, rating, time) values (99, 22, 'upvote', '2019-08-03 23:59:58');
insert into rating (user_id, content, rating, time) values (60, 154, 'upvote', '2019-06-10 00:42:57');
insert into rating (user_id, content, rating, time) values (26, 49, 'downvote', '2019-09-20 15:15:25');
insert into rating (user_id, content, rating, time) values (82, 133, 'upvote', '2019-09-05 15:05:59');
insert into rating (user_id, content, rating, time) values (69, 124, 'downvote', '2020-01-10 20:36:25');
insert into rating (user_id, content, rating, time) values (46, 274, 'upvote', '2020-02-29 12:22:43');
insert into rating (user_id, content, rating, time) values (78, 341, 'downvote', '2019-06-16 17:12:22');
insert into rating (user_id, content, rating, time) values (41, 244, 'downvote', '2020-03-03 22:58:40');
insert into rating (user_id, content, rating, time) values (86, 251, 'downvote', '2019-10-04 05:15:27');
insert into rating (user_id, content, rating, time) values (16, 279, 'downvote', '2020-03-26 06:28:33');
insert into rating (user_id, content, rating, time) values (69, 257, 'upvote', '2019-07-26 11:34:55');
insert into rating (user_id, content, rating, time) values (27, 348, 'upvote', '2019-08-16 03:57:41');
insert into rating (user_id, content, rating, time) values (77, 293, 'upvote', '2019-08-05 08:55:26');
insert into rating (user_id, content, rating, time) values (44, 352, 'upvote', '2019-07-01 16:57:54');
insert into rating (user_id, content, rating, time) values (74, 4, 'upvote', '2019-05-27 19:04:50');
insert into rating (user_id, content, rating, time) values (54, 286, 'upvote', '2019-05-15 02:03:42');
insert into rating (user_id, content, rating, time) values (1, 225, 'downvote', '2019-08-22 19:15:49');
insert into rating (user_id, content, rating, time) values (94, 233, 'upvote', '2019-04-23 03:00:37');
insert into rating (user_id, content, rating, time) values (21, 299, 'upvote', '2019-04-21 22:35:19');
insert into rating (user_id, content, rating, time) values (40, 388, 'downvote', '2019-09-27 00:23:46');
insert into rating (user_id, content, rating, time) values (71, 15, 'downvote', '2019-05-26 05:21:46');
insert into rating (user_id, content, rating, time) values (37, 217, 'downvote', '2019-05-31 20:12:03');
insert into rating (user_id, content, rating, time) values (61, 231, 'upvote', '2020-03-01 14:52:16');
insert into rating (user_id, content, rating, time) values (69, 301, 'upvote', '2019-07-29 07:25:54');
insert into rating (user_id, content, rating, time) values (91, 104, 'downvote', '2019-07-30 11:25:19');
insert into rating (user_id, content, rating, time) values (57, 372, 'downvote', '2020-03-05 11:37:43');
insert into rating (user_id, content, rating, time) values (23, 294, 'upvote', '2019-05-06 22:14:48');
insert into rating (user_id, content, rating, time) values (17, 197, 'upvote', '2019-08-21 16:56:40');
insert into rating (user_id, content, rating, time) values (39, 226, 'downvote', '2019-11-12 08:33:22');
insert into rating (user_id, content, rating, time) values (4, 265, 'downvote', '2019-08-17 15:01:32');
insert into rating (user_id, content, rating, time) values (49, 60, 'upvote', '2019-11-21 10:08:42');
insert into rating (user_id, content, rating, time) values (56, 329, 'upvote', '2019-06-18 04:41:32');
insert into rating (user_id, content, rating, time) values (93, 119, 'downvote', '2020-02-24 10:43:06');
insert into rating (user_id, content, rating, time) values (54, 188, 'upvote', '2019-07-24 02:20:03');
insert into rating (user_id, content, rating, time) values (98, 94, 'downvote', '2019-08-11 13:49:48');
insert into rating (user_id, content, rating, time) values (62, 28, 'upvote', '2019-07-14 21:47:46');
insert into rating (user_id, content, rating, time) values (76, 36, 'upvote', '2020-02-22 18:07:31');
insert into rating (user_id, content, rating, time) values (87, 377, 'downvote', '2020-02-01 11:02:48');
insert into rating (user_id, content, rating, time) values (4, 151, 'upvote', '2019-08-10 22:45:43');
insert into rating (user_id, content, rating, time) values (34, 62, 'downvote', '2019-10-21 14:21:04');
insert into rating (user_id, content, rating, time) values (58, 388, 'downvote', '2020-01-31 00:09:56');
insert into rating (user_id, content, rating, time) values (99, 156, 'downvote', '2020-01-29 07:37:07');
insert into rating (user_id, content, rating, time) values (25, 259, 'downvote', '2019-11-21 05:43:59');
insert into rating (user_id, content, rating, time) values (69, 399, 'downvote', '2019-08-18 14:58:50');
insert into rating (user_id, content, rating, time) values (84, 96, 'downvote', '2019-09-27 07:22:37');
insert into rating (user_id, content, rating, time) values (66, 89, 'downvote', '2019-04-15 08:40:12');
insert into rating (user_id, content, rating, time) values (69, 63, 'upvote', '2019-07-08 02:44:06');
insert into rating (user_id, content, rating, time) values (21, 112, 'downvote', '2019-06-01 01:54:28');
insert into rating (user_id, content, rating, time) values (24, 255, 'upvote', '2019-11-12 21:25:32');
insert into rating (user_id, content, rating, time) values (48, 112, 'downvote', '2019-12-28 16:40:40');
insert into rating (user_id, content, rating, time) values (12, 177, 'downvote', '2019-09-16 15:24:58');
insert into rating (user_id, content, rating, time) values (23, 339, 'upvote', '2019-05-22 11:17:31');
insert into rating (user_id, content, rating, time) values (68, 50, 'downvote', '2019-09-13 23:11:42');
insert into rating (user_id, content, rating, time) values (66, 281, 'downvote', '2020-03-02 16:12:57');
insert into rating (user_id, content, rating, time) values (44, 296, 'upvote', '2020-02-13 05:09:22');
insert into rating (user_id, content, rating, time) values (46, 386, 'upvote', '2019-07-12 15:43:03');
insert into rating (user_id, content, rating, time) values (11, 192, 'upvote', '2019-12-13 11:34:16');
insert into rating (user_id, content, rating, time) values (37, 343, 'upvote', '2019-06-03 16:55:39');
insert into rating (user_id, content, rating, time) values (76, 307, 'upvote', '2019-07-08 22:36:37');
insert into rating (user_id, content, rating, time) values (80, 37, 'downvote', '2020-01-05 23:07:48');
insert into rating (user_id, content, rating, time) values (38, 359, 'downvote', '2019-07-15 00:39:28');
insert into rating (user_id, content, rating, time) values (78, 215, 'downvote', '2019-10-10 13:33:48');
insert into rating (user_id, content, rating, time) values (44, 86, 'downvote', '2019-05-17 17:42:40');
insert into rating (user_id, content, rating, time) values (80, 282, 'downvote', '2020-03-18 13:11:54');
insert into rating (user_id, content, rating, time) values (21, 391, 'upvote', '2020-02-19 23:55:38');
insert into rating (user_id, content, rating, time) values (81, 126, 'upvote', '2020-03-27 12:27:40');
insert into rating (user_id, content, rating, time) values (12, 178, 'downvote', '2019-11-18 00:39:42');
insert into rating (user_id, content, rating, time) values (26, 105, 'downvote', '2019-11-19 23:52:37');
insert into rating (user_id, content, rating, time) values (44, 180, 'downvote', '2019-11-01 07:51:53');
insert into rating (user_id, content, rating, time) values (20, 257, 'downvote', '2019-10-01 18:09:02');
insert into rating (user_id, content, rating, time) values (11, 235, 'upvote', '2019-04-20 19:12:52');
insert into rating (user_id, content, rating, time) values (7, 26, 'upvote', '2019-06-16 08:50:43');
insert into rating (user_id, content, rating, time) values (20, 85, 'downvote', '2020-03-28 19:36:46');
insert into rating (user_id, content, rating, time) values (52, 261, 'upvote', '2019-11-19 15:21:01');
insert into rating (user_id, content, rating, time) values (56, 265, 'downvote', '2019-09-17 15:14:30');
insert into rating (user_id, content, rating, time) values (34, 263, 'downvote', '2020-02-23 00:25:25');
insert into rating (user_id, content, rating, time) values (80, 296, 'upvote', '2019-06-05 03:16:46');
insert into rating (user_id, content, rating, time) values (63, 145, 'upvote', '2019-12-02 13:52:41');
insert into rating (user_id, content, rating, time) values (14, 61, 'downvote', '2019-06-01 08:56:27');
insert into rating (user_id, content, rating, time) values (10, 149, 'upvote', '2019-09-26 18:29:32');
insert into rating (user_id, content, rating, time) values (84, 323, 'downvote', '2019-04-10 11:24:12');
insert into rating (user_id, content, rating, time) values (47, 220, 'upvote', '2020-03-15 18:49:42');
insert into rating (user_id, content, rating, time) values (53, 107, 'upvote', '2019-04-30 02:39:10');
insert into rating (user_id, content, rating, time) values (7, 185, 'upvote', '2019-04-25 20:18:16');
insert into rating (user_id, content, rating, time) values (72, 72, 'downvote', '2019-04-02 19:55:28');
insert into rating (user_id, content, rating, time) values (16, 39, 'downvote', '2019-08-08 19:38:17');
insert into rating (user_id, content, rating, time) values (18, 347, 'downvote', '2019-06-22 09:33:26');
insert into rating (user_id, content, rating, time) values (98, 209, 'upvote', '2019-12-27 00:01:02');
insert into rating (user_id, content, rating, time) values (94, 85, 'downvote', '2020-03-10 00:29:37');
insert into rating (user_id, content, rating, time) values (6, 83, 'downvote', '2019-09-01 11:18:50');
insert into rating (user_id, content, rating, time) values (67, 129, 'upvote', '2019-07-13 17:32:12');
insert into rating (user_id, content, rating, time) values (73, 124, 'upvote', '2019-12-11 03:17:07');
insert into rating (user_id, content, rating, time) values (9, 332, 'downvote', '2019-12-30 02:12:56');
insert into rating (user_id, content, rating, time) values (75, 106, 'downvote', '2019-05-08 04:30:51');
insert into rating (user_id, content, rating, time) values (40, 311, 'upvote', '2019-06-04 01:02:38');
insert into rating (user_id, content, rating, time) values (54, 152, 'upvote', '2019-12-07 17:41:18');
insert into rating (user_id, content, rating, time) values (6, 166, 'upvote', '2019-10-21 16:56:54');
insert into rating (user_id, content, rating, time) values (39, 35, 'downvote', '2019-11-30 12:38:07');
insert into rating (user_id, content, rating, time) values (14, 160, 'upvote', '2019-08-28 14:46:48');
insert into rating (user_id, content, rating, time) values (8, 382, 'downvote', '2019-10-28 14:54:16');
insert into rating (user_id, content, rating, time) values (70, 311, 'downvote', '2019-08-09 04:35:56');
insert into rating (user_id, content, rating, time) values (49, 398, 'upvote', '2019-09-13 12:15:46');
insert into rating (user_id, content, rating, time) values (4, 284, 'upvote', '2019-03-29 00:58:59');
insert into rating (user_id, content, rating, time) values (84, 12, 'downvote', '2019-06-18 06:25:29');
insert into rating (user_id, content, rating, time) values (58, 241, 'downvote', '2019-08-29 20:55:17');
insert into rating (user_id, content, rating, time) values (11, 373, 'downvote', '2020-03-21 19:57:18');
insert into rating (user_id, content, rating, time) values (47, 97, 'upvote', '2019-06-17 17:09:30');
insert into rating (user_id, content, rating, time) values (84, 255, 'upvote', '2019-03-31 14:54:27');
insert into rating (user_id, content, rating, time) values (23, 248, 'downvote', '2020-01-31 12:46:12');
insert into rating (user_id, content, rating, time) values (97, 11, 'upvote', '2020-01-26 14:03:34');
insert into rating (user_id, content, rating, time) values (57, 10, 'downvote', '2019-09-27 03:45:16');
insert into rating (user_id, content, rating, time) values (78, 396, 'upvote', '2019-04-01 07:08:03');
insert into rating (user_id, content, rating, time) values (86, 237, 'downvote', '2020-01-15 15:50:26');
insert into rating (user_id, content, rating, time) values (26, 1, 'upvote', '2019-07-01 01:49:55');
insert into rating (user_id, content, rating, time) values (30, 54, 'downvote', '2019-05-27 19:15:34');
insert into rating (user_id, content, rating, time) values (49, 87, 'downvote', '2019-08-19 12:08:20');
insert into rating (user_id, content, rating, time) values (91, 203, 'downvote', '2020-03-15 03:37:52');
insert into rating (user_id, content, rating, time) values (47, 332, 'upvote', '2019-06-10 13:55:14');
insert into rating (user_id, content, rating, time) values (46, 9, 'upvote', '2019-04-20 05:29:56');
insert into rating (user_id, content, rating, time) values (66, 79, 'downvote', '2019-06-19 07:17:51');
insert into rating (user_id, content, rating, time) values (88, 11, 'downvote', '2019-06-09 05:45:21');
insert into rating (user_id, content, rating, time) values (70, 174, 'downvote', '2019-07-10 13:20:13');
insert into rating (user_id, content, rating, time) values (64, 73, 'downvote', '2020-02-23 20:04:52');
insert into rating (user_id, content, rating, time) values (25, 183, 'upvote', '2019-06-06 15:13:33');
insert into rating (user_id, content, rating, time) values (91, 176, 'upvote', '2019-08-10 09:09:02');
insert into rating (user_id, content, rating, time) values (64, 95, 'downvote', '2020-01-26 11:40:57');
insert into rating (user_id, content, rating, time) values (55, 135, 'upvote', '2019-05-08 19:58:09');
insert into rating (user_id, content, rating, time) values (15, 246, 'downvote', '2019-04-09 05:22:06');
insert into rating (user_id, content, rating, time) values (84, 151, 'upvote', '2019-05-31 02:09:56');
insert into rating (user_id, content, rating, time) values (5, 146, 'downvote', '2019-04-22 17:34:15');
insert into rating (user_id, content, rating, time) values (41, 327, 'downvote', '2019-06-21 07:44:15');
insert into rating (user_id, content, rating, time) values (70, 224, 'upvote', '2020-03-14 12:22:09');
insert into rating (user_id, content, rating, time) values (58, 278, 'upvote', '2019-09-15 10:14:34');
insert into rating (user_id, content, rating, time) values (40, 24, 'upvote', '2020-03-07 06:18:50');
insert into rating (user_id, content, rating, time) values (86, 89, 'upvote', '2019-11-18 00:15:51');
insert into rating (user_id, content, rating, time) values (57, 103, 'upvote', '2019-10-04 09:58:32');
insert into rating (user_id, content, rating, time) values (45, 195, 'downvote', '2019-10-21 04:52:46');
insert into rating (user_id, content, rating, time) values (13, 274, 'downvote', '2019-11-18 11:35:16');
insert into rating (user_id, content, rating, time) values (31, 234, 'upvote', '2019-05-19 17:51:13');
insert into rating (user_id, content, rating, time) values (15, 152, 'downvote', '2019-05-11 09:51:25');
insert into rating (user_id, content, rating, time) values (31, 170, 'upvote', '2019-06-30 14:25:49');
insert into rating (user_id, content, rating, time) values (67, 395, 'upvote', '2019-12-01 11:18:25');
insert into rating (user_id, content, rating, time) values (94, 154, 'upvote', '2020-01-29 05:17:35');
insert into rating (user_id, content, rating, time) values (75, 122, 'downvote', '2019-05-21 01:32:52');
insert into rating (user_id, content, rating, time) values (75, 347, 'upvote', '2019-11-14 22:48:51');
insert into rating (user_id, content, rating, time) values (74, 42, 'upvote', '2019-04-26 17:44:27');
insert into rating (user_id, content, rating, time) values (98, 41, 'downvote', '2019-09-08 06:52:20');
insert into rating (user_id, content, rating, time) values (52, 287, 'downvote', '2019-10-19 04:52:59');
insert into rating (user_id, content, rating, time) values (6, 139, 'downvote', '2019-05-22 01:59:36');
insert into rating (user_id, content, rating, time) values (99, 131, 'downvote', '2020-01-10 10:35:36');
insert into rating (user_id, content, rating, time) values (74, 373, 'upvote', '2020-03-04 20:31:07');
insert into rating (user_id, content, rating, time) values (20, 226, 'downvote', '2019-05-13 08:07:05');
insert into rating (user_id, content, rating, time) values (21, 58, 'downvote', '2019-12-22 04:09:43');
insert into rating (user_id, content, rating, time) values (91, 217, 'upvote', '2019-06-25 22:56:10');
insert into rating (user_id, content, rating, time) values (55, 242, 'upvote', '2019-12-19 23:18:23');
insert into rating (user_id, content, rating, time) values (26, 113, 'downvote', '2020-03-14 03:50:14');
insert into rating (user_id, content, rating, time) values (7, 352, 'downvote', '2020-02-28 21:46:12');
insert into rating (user_id, content, rating, time) values (69, 192, 'downvote', '2019-07-25 01:27:16');
insert into rating (user_id, content, rating, time) values (25, 312, 'upvote', '2019-09-16 12:26:33');
insert into rating (user_id, content, rating, time) values (49, 174, 'downvote', '2019-12-31 02:42:55');
insert into rating (user_id, content, rating, time) values (67, 55, 'upvote', '2019-12-13 03:13:16');
insert into rating (user_id, content, rating, time) values (22, 6, 'downvote', '2020-03-15 07:55:47');
insert into rating (user_id, content, rating, time) values (31, 97, 'upvote', '2019-11-18 06:38:03');
insert into rating (user_id, content, rating, time) values (9, 210, 'downvote', '2020-03-08 16:21:37');
insert into rating (user_id, content, rating, time) values (10, 160, 'upvote', '2019-04-13 01:44:20');
insert into rating (user_id, content, rating, time) values (43, 72, 'downvote', '2019-06-04 04:48:26');
insert into rating (user_id, content, rating, time) values (24, 53, 'upvote', '2019-04-07 16:54:18');
insert into rating (user_id, content, rating, time) values (1, 256, 'upvote', '2020-03-10 09:34:37');
insert into rating (user_id, content, rating, time) values (2, 304, 'upvote', '2019-07-04 13:23:13');
insert into rating (user_id, content, rating, time) values (63, 19, 'downvote', '2020-02-24 13:16:10');
insert into rating (user_id, content, rating, time) values (48, 245, 'upvote', '2019-04-08 11:39:07');
insert into rating (user_id, content, rating, time) values (98, 247, 'upvote', '2019-04-09 19:11:57');
insert into rating (user_id, content, rating, time) values (45, 24, 'upvote', '2019-12-20 16:07:18');
insert into rating (user_id, content, rating, time) values (90, 122, 'downvote', '2019-11-02 09:58:22');
insert into rating (user_id, content, rating, time) values (18, 298, 'upvote', '2020-03-10 05:59:47');
insert into rating (user_id, content, rating, time) values (85, 102, 'upvote', '2019-06-05 19:35:48');
insert into rating (user_id, content, rating, time) values (20, 319, 'downvote', '2019-05-18 15:04:47');
insert into rating (user_id, content, rating, time) values (74, 352, 'upvote', '2019-04-08 10:12:33');
insert into rating (user_id, content, rating, time) values (88, 283, 'downvote', '2019-12-30 07:49:19');
insert into rating (user_id, content, rating, time) values (17, 131, 'upvote', '2019-11-30 15:32:26');
insert into rating (user_id, content, rating, time) values (5, 171, 'downvote', '2019-12-07 01:51:35');
insert into rating (user_id, content, rating, time) values (31, 105, 'upvote', '2019-05-09 05:33:24');
insert into rating (user_id, content, rating, time) values (85, 95, 'upvote', '2019-11-14 11:40:28');
insert into rating (user_id, content, rating, time) values (71, 13, 'upvote', '2020-01-29 17:05:31');
insert into rating (user_id, content, rating, time) values (29, 358, 'upvote', '2020-03-07 05:06:53');
insert into rating (user_id, content, rating, time) values (85, 316, 'upvote', '2020-01-07 04:54:20');
insert into rating (user_id, content, rating, time) values (83, 21, 'upvote', '2020-02-05 19:26:15');
insert into rating (user_id, content, rating, time) values (15, 332, 'upvote', '2019-05-11 05:51:12');
insert into rating (user_id, content, rating, time) values (30, 389, 'downvote', '2019-10-20 16:01:26');
insert into rating (user_id, content, rating, time) values (94, 89, 'downvote', '2019-07-07 11:01:43');
insert into rating (user_id, content, rating, time) values (13, 294, 'downvote', '2020-01-02 14:03:32');
insert into rating (user_id, content, rating, time) values (77, 73, 'downvote', '2019-09-16 21:44:51');
insert into rating (user_id, content, rating, time) values (31, 166, 'downvote', '2019-12-28 04:04:09');
insert into rating (user_id, content, rating, time) values (24, 224, 'downvote', '2019-12-04 00:25:55');
insert into rating (user_id, content, rating, time) values (48, 193, 'downvote', '2019-06-05 16:31:18');
insert into rating (user_id, content, rating, time) values (89, 81, 'downvote', '2019-05-21 16:28:08');
insert into rating (user_id, content, rating, time) values (61, 85, 'upvote', '2020-01-30 01:07:20');
insert into rating (user_id, content, rating, time) values (27, 275, 'downvote', '2019-07-11 00:02:00');
insert into rating (user_id, content, rating, time) values (3, 20, 'downvote', '2020-02-19 18:41:24');
insert into rating (user_id, content, rating, time) values (74, 235, 'upvote', '2019-11-16 15:45:09');
insert into rating (user_id, content, rating, time) values (58, 142, 'downvote', '2019-04-08 02:09:31');
insert into rating (user_id, content, rating, time) values (59, 17, 'upvote', '2019-08-28 09:48:25');
insert into rating (user_id, content, rating, time) values (51, 309, 'downvote', '2019-08-23 00:50:40');
insert into rating (user_id, content, rating, time) values (76, 379, 'upvote', '2020-02-19 20:27:26');
insert into rating (user_id, content, rating, time) values (92, 243, 'downvote', '2020-03-24 21:08:03');
insert into rating (user_id, content, rating, time) values (22, 197, 'downvote', '2019-12-23 15:20:27');
insert into rating (user_id, content, rating, time) values (43, 179, 'downvote', '2019-11-29 14:28:15');
insert into rating (user_id, content, rating, time) values (56, 230, 'upvote', '2019-05-06 22:46:07');
insert into rating (user_id, content, rating, time) values (50, 396, 'upvote', '2019-07-05 09:26:20');
insert into rating (user_id, content, rating, time) values (78, 198, 'downvote', '2019-06-11 10:12:50');
insert into rating (user_id, content, rating, time) values (71, 91, 'upvote', '2019-09-07 08:18:12');
insert into rating (user_id, content, rating, time) values (4, 85, 'downvote', '2019-12-04 20:03:43');
insert into rating (user_id, content, rating, time) values (67, 114, 'upvote', '2020-03-24 05:19:51');
insert into rating (user_id, content, rating, time) values (38, 264, 'upvote', '2020-02-19 15:45:03');
insert into rating (user_id, content, rating, time) values (74, 208, 'downvote', '2019-12-16 14:31:07');
insert into rating (user_id, content, rating, time) values (6, 10, 'upvote', '2019-07-06 12:17:09');
insert into rating (user_id, content, rating, time) values (83, 282, 'upvote', '2019-10-23 02:57:22');
insert into rating (user_id, content, rating, time) values (61, 207, 'downvote', '2019-04-23 05:34:03');
insert into rating (user_id, content, rating, time) values (72, 128, 'downvote', '2019-06-26 02:50:54');
insert into rating (user_id, content, rating, time) values (93, 380, 'downvote', '2019-10-31 05:48:44');
insert into rating (user_id, content, rating, time) values (44, 268, 'downvote', '2019-07-15 00:40:17');
insert into rating (user_id, content, rating, time) values (91, 207, 'downvote', '2019-03-29 02:39:01');
insert into rating (user_id, content, rating, time) values (72, 321, 'downvote', '2019-06-14 02:47:54');
insert into rating (user_id, content, rating, time) values (30, 202, 'downvote', '2019-09-20 23:44:44');
insert into rating (user_id, content, rating, time) values (3, 265, 'downvote', '2019-10-15 08:08:10');
insert into rating (user_id, content, rating, time) values (28, 32, 'downvote', '2019-05-23 09:25:28');
insert into rating (user_id, content, rating, time) values (84, 90, 'downvote', '2019-10-29 08:01:48');
insert into rating (user_id, content, rating, time) values (14, 383, 'upvote', '2020-02-13 16:11:09');
insert into rating (user_id, content, rating, time) values (43, 355, 'downvote', '2020-03-26 21:53:48');
insert into rating (user_id, content, rating, time) values (60, 219, 'downvote', '2019-06-05 10:27:12');
insert into rating (user_id, content, rating, time) values (34, 54, 'upvote', '2019-03-29 15:08:17');
insert into rating (user_id, content, rating, time) values (30, 205, 'downvote', '2019-12-16 17:30:56');
insert into rating (user_id, content, rating, time) values (97, 135, 'downvote', '2020-03-18 11:40:30');
insert into rating (user_id, content, rating, time) values (48, 223, 'upvote', '2019-10-30 09:48:06');
insert into rating (user_id, content, rating, time) values (68, 280, 'downvote', '2019-10-10 20:29:44');
insert into rating (user_id, content, rating, time) values (97, 392, 'downvote', '2019-07-26 20:16:42');
insert into rating (user_id, content, rating, time) values (81, 35, 'downvote', '2019-10-05 03:53:44');
insert into rating (user_id, content, rating, time) values (66, 48, 'upvote', '2019-05-17 17:20:09');
insert into rating (user_id, content, rating, time) values (100, 109, 'upvote', '2019-04-10 13:16:48');
insert into rating (user_id, content, rating, time) values (98, 350, 'downvote', '2019-08-28 19:35:04');
insert into rating (user_id, content, rating, time) values (55, 33, 'downvote', '2019-03-30 02:08:57');
insert into rating (user_id, content, rating, time) values (1, 171, 'upvote', '2020-02-15 17:24:39');
insert into rating (user_id, content, rating, time) values (54, 299, 'downvote', '2019-06-04 00:02:49');
insert into rating (user_id, content, rating, time) values (3, 224, 'downvote', '2019-11-13 06:53:20');
insert into rating (user_id, content, rating, time) values (16, 89, 'downvote', '2020-01-10 12:09:27');
insert into rating (user_id, content, rating, time) values (80, 333, 'upvote', '2019-12-22 07:25:45');
insert into rating (user_id, content, rating, time) values (68, 178, 'downvote', '2020-03-28 12:20:32');
insert into rating (user_id, content, rating, time) values (39, 157, 'downvote', '2019-12-17 19:41:20');
insert into rating (user_id, content, rating, time) values (73, 141, 'upvote', '2019-12-21 06:55:11');
insert into rating (user_id, content, rating, time) values (81, 311, 'downvote', '2019-10-04 17:11:21');
insert into rating (user_id, content, rating, time) values (78, 388, 'upvote', '2019-10-21 20:14:55');
insert into rating (user_id, content, rating, time) values (77, 28, 'downvote', '2020-03-28 09:17:00');
insert into rating (user_id, content, rating, time) values (99, 95, 'downvote', '2020-03-25 02:44:36');
insert into rating (user_id, content, rating, time) values (80, 311, 'upvote', '2019-08-13 05:03:52');
insert into rating (user_id, content, rating, time) values (29, 14, 'downvote', '2019-08-24 10:22:02');
insert into rating (user_id, content, rating, time) values (69, 39, 'upvote', '2019-04-18 12:23:43');
insert into rating (user_id, content, rating, time) values (22, 14, 'upvote', '2019-07-28 16:04:25');
insert into rating (user_id, content, rating, time) values (88, 89, 'upvote', '2019-10-06 11:09:01');
insert into rating (user_id, content, rating, time) values (51, 176, 'downvote', '2020-03-10 21:56:17');
insert into rating (user_id, content, rating, time) values (96, 282, 'upvote', '2019-09-01 21:53:42');
insert into rating (user_id, content, rating, time) values (90, 27, 'upvote', '2019-10-02 03:14:08');
insert into rating (user_id, content, rating, time) values (86, 72, 'downvote', '2019-05-06 19:51:12');
insert into rating (user_id, content, rating, time) values (97, 209, 'downvote', '2019-12-07 05:11:17');
insert into rating (user_id, content, rating, time) values (41, 139, 'upvote', '2019-05-28 20:19:55');
insert into rating (user_id, content, rating, time) values (48, 152, 'downvote', '2019-11-29 09:09:54');
insert into rating (user_id, content, rating, time) values (85, 366, 'upvote', '2020-02-10 16:40:19');
insert into rating (user_id, content, rating, time) values (49, 79, 'downvote', '2019-05-15 04:15:54');
insert into rating (user_id, content, rating, time) values (63, 108, 'downvote', '2020-01-16 05:04:48');
insert into rating (user_id, content, rating, time) values (80, 185, 'upvote', '2019-07-17 01:20:05');
insert into rating (user_id, content, rating, time) values (95, 129, 'upvote', '2020-01-23 00:42:43');
insert into rating (user_id, content, rating, time) values (96, 395, 'upvote', '2019-07-15 12:32:02');
insert into rating (user_id, content, rating, time) values (88, 24, 'downvote', '2019-11-24 02:27:05');
insert into rating (user_id, content, rating, time) values (74, 300, 'upvote', '2019-10-26 16:12:23');
insert into rating (user_id, content, rating, time) values (36, 386, 'upvote', '2019-08-07 17:57:10');
insert into rating (user_id, content, rating, time) values (33, 276, 'downvote', '2019-12-10 19:37:12');
insert into rating (user_id, content, rating, time) values (4, 60, 'downvote', '2020-02-06 23:03:27');
insert into rating (user_id, content, rating, time) values (53, 94, 'downvote', '2020-02-06 20:49:18');
insert into rating (user_id, content, rating, time) values (75, 336, 'upvote', '2019-12-25 10:01:51');
insert into rating (user_id, content, rating, time) values (28, 52, 'downvote', '2019-11-15 22:04:17');
insert into rating (user_id, content, rating, time) values (56, 235, 'downvote', '2019-04-07 16:04:31');
insert into rating (user_id, content, rating, time) values (73, 45, 'downvote', '2019-11-17 16:55:59');
insert into rating (user_id, content, rating, time) values (64, 129, 'upvote', '2020-01-23 08:04:51');
insert into rating (user_id, content, rating, time) values (72, 234, 'downvote', '2019-11-23 11:52:27');
insert into rating (user_id, content, rating, time) values (69, 297, 'downvote', '2019-08-11 05:04:21');
insert into rating (user_id, content, rating, time) values (2, 81, 'upvote', '2019-04-26 10:44:40');
insert into rating (user_id, content, rating, time) values (81, 161, 'upvote', '2019-06-25 14:57:40');
insert into rating (user_id, content, rating, time) values (46, 117, 'upvote', '2019-06-03 18:34:23');
insert into rating (user_id, content, rating, time) values (40, 23, 'upvote', '2019-04-27 11:03:58');
insert into rating (user_id, content, rating, time) values (15, 187, 'upvote', '2019-05-07 01:29:26');
insert into rating (user_id, content, rating, time) values (66, 31, 'downvote', '2019-09-29 05:55:15');
insert into rating (user_id, content, rating, time) values (43, 23, 'downvote', '2020-02-13 03:31:03');
insert into rating (user_id, content, rating, time) values (20, 273, 'upvote', '2019-10-04 04:29:06');
insert into rating (user_id, content, rating, time) values (97, 181, 'upvote', '2019-11-20 09:55:18');
insert into rating (user_id, content, rating, time) values (48, 43, 'downvote', '2019-10-07 18:48:26');
insert into rating (user_id, content, rating, time) values (64, 206, 'upvote', '2020-03-20 14:06:11');
insert into rating (user_id, content, rating, time) values (40, 276, 'upvote', '2020-03-16 13:47:45');
insert into rating (user_id, content, rating, time) values (66, 383, 'upvote', '2019-11-17 17:21:25');
insert into rating (user_id, content, rating, time) values (96, 317, 'upvote', '2020-02-23 13:22:26');
insert into rating (user_id, content, rating, time) values (64, 234, 'upvote', '2020-01-30 07:50:17');
insert into rating (user_id, content, rating, time) values (70, 381, 'upvote', '2020-02-14 08:42:45');
insert into rating (user_id, content, rating, time) values (84, 254, 'downvote', '2020-02-08 20:22:32');
insert into rating (user_id, content, rating, time) values (24, 34, 'downvote', '2019-09-14 19:33:55');
insert into rating (user_id, content, rating, time) values (6, 299, 'downvote', '2019-05-23 11:47:59');
insert into rating (user_id, content, rating, time) values (72, 197, 'downvote', '2019-05-14 11:39:38');
insert into rating (user_id, content, rating, time) values (41, 77, 'upvote', '2019-10-01 16:58:29');
insert into rating (user_id, content, rating, time) values (46, 151, 'downvote', '2019-06-10 15:13:33');
insert into rating (user_id, content, rating, time) values (16, 97, 'downvote', '2019-04-13 07:37:46');
insert into rating (user_id, content, rating, time) values (78, 135, 'upvote', '2019-12-21 02:49:44');
insert into rating (user_id, content, rating, time) values (90, 100, 'upvote', '2019-09-03 15:11:16');
insert into rating (user_id, content, rating, time) values (65, 337, 'downvote', '2019-07-06 21:22:53');
insert into rating (user_id, content, rating, time) values (11, 388, 'downvote', '2020-01-06 05:25:07');
insert into rating (user_id, content, rating, time) values (3, 183, 'upvote', '2019-08-06 22:10:59');
insert into rating (user_id, content, rating, time) values (57, 48, 'downvote', '2019-04-27 20:27:25');
insert into rating (user_id, content, rating, time) values (4, 174, 'downvote', '2019-06-14 10:01:19');
insert into rating (user_id, content, rating, time) values (58, 260, 'upvote', '2020-03-20 14:16:25');
insert into rating (user_id, content, rating, time) values (6, 54, 'upvote', '2020-02-04 12:25:15');
insert into rating (user_id, content, rating, time) values (41, 397, 'downvote', '2019-10-07 00:51:45');
insert into rating (user_id, content, rating, time) values (25, 205, 'downvote', '2019-11-17 03:53:24');
insert into rating (user_id, content, rating, time) values (32, 121, 'downvote', '2020-02-24 20:26:56');
insert into rating (user_id, content, rating, time) values (48, 103, 'downvote', '2019-10-05 11:14:28');
insert into rating (user_id, content, rating, time) values (86, 112, 'downvote', '2020-02-11 13:59:12');
insert into rating (user_id, content, rating, time) values (91, 321, 'upvote', '2019-04-06 11:30:06');
insert into rating (user_id, content, rating, time) values (10, 92, 'upvote', '2019-04-15 09:27:11');
insert into rating (user_id, content, rating, time) values (48, 237, 'upvote', '2019-06-14 21:49:37');
insert into rating (user_id, content, rating, time) values (61, 102, 'downvote', '2019-10-05 20:16:34');
insert into rating (user_id, content, rating, time) values (36, 377, 'upvote', '2019-09-26 23:26:33');
insert into rating (user_id, content, rating, time) values (56, 158, 'upvote', '2019-07-31 04:48:02');
insert into rating (user_id, content, rating, time) values (29, 332, 'downvote', '2019-06-28 00:14:26');
insert into rating (user_id, content, rating, time) values (52, 196, 'downvote', '2019-12-17 18:43:15');
insert into rating (user_id, content, rating, time) values (16, 319, 'upvote', '2019-07-03 13:25:36');
insert into rating (user_id, content, rating, time) values (97, 332, 'downvote', '2019-06-15 13:49:04');
insert into rating (user_id, content, rating, time) values (56, 296, 'downvote', '2020-01-01 07:26:52');
insert into rating (user_id, content, rating, time) values (90, 83, 'downvote', '2019-08-22 16:59:26');
insert into rating (user_id, content, rating, time) values (86, 363, 'downvote', '2019-07-25 10:51:32');
insert into rating (user_id, content, rating, time) values (12, 26, 'downvote', '2019-09-11 23:47:48');
insert into rating (user_id, content, rating, time) values (72, 18, 'upvote', '2020-03-16 10:53:49');
insert into rating (user_id, content, rating, time) values (87, 2, 'upvote', '2019-06-04 20:50:40');
insert into rating (user_id, content, rating, time) values (67, 95, 'downvote', '2019-10-06 20:19:08');
insert into rating (user_id, content, rating, time) values (55, 355, 'upvote', '2019-10-20 06:03:53');
insert into rating (user_id, content, rating, time) values (20, 51, 'upvote', '2019-12-18 16:06:58');
insert into rating (user_id, content, rating, time) values (39, 154, 'upvote', '2019-12-31 22:11:23');
insert into rating (user_id, content, rating, time) values (24, 186, 'upvote', '2019-03-28 05:38:13');
insert into rating (user_id, content, rating, time) values (36, 201, 'upvote', '2019-11-23 11:47:10');
insert into rating (user_id, content, rating, time) values (22, 49, 'upvote', '2020-02-14 01:07:21');
insert into rating (user_id, content, rating, time) values (98, 65, 'downvote', '2019-07-19 07:39:37');
insert into rating (user_id, content, rating, time) values (56, 276, 'upvote', '2019-08-31 00:01:36');
insert into rating (user_id, content, rating, time) values (71, 317, 'downvote', '2019-10-08 23:49:42');
insert into rating (user_id, content, rating, time) values (59, 41, 'downvote', '2019-07-27 13:31:17');
insert into rating (user_id, content, rating, time) values (61, 394, 'downvote', '2020-02-17 23:14:32');
insert into rating (user_id, content, rating, time) values (65, 199, 'downvote', '2019-06-14 16:18:20');
insert into rating (user_id, content, rating, time) values (95, 363, 'downvote', '2019-08-11 23:04:48');
insert into rating (user_id, content, rating, time) values (78, 2, 'upvote', '2019-04-10 03:45:57');
insert into rating (user_id, content, rating, time) values (84, 375, 'upvote', '2019-08-23 02:30:17');
insert into rating (user_id, content, rating, time) values (48, 273, 'upvote', '2019-05-22 01:24:31');
insert into rating (user_id, content, rating, time) values (5, 243, 'downvote', '2019-03-30 14:52:10');
insert into rating (user_id, content, rating, time) values (96, 118, 'downvote', '2019-07-19 10:05:09');
insert into rating (user_id, content, rating, time) values (100, 385, 'downvote', '2019-08-28 22:05:30');
insert into rating (user_id, content, rating, time) values (99, 386, 'downvote', '2019-07-27 02:20:54');
insert into rating (user_id, content, rating, time) values (46, 288, 'downvote', '2020-03-18 23:09:24');
insert into rating (user_id, content, rating, time) values (88, 217, 'upvote', '2019-07-20 02:51:51');
insert into rating (user_id, content, rating, time) values (47, 64, 'upvote', '2020-01-04 07:56:14');
insert into rating (user_id, content, rating, time) values (57, 51, 'downvote', '2019-11-21 08:44:55');
insert into rating (user_id, content, rating, time) values (47, 73, 'downvote', '2019-07-09 19:47:23');
insert into rating (user_id, content, rating, time) values (84, 212, 'upvote', '2019-04-12 09:11:59');
insert into rating (user_id, content, rating, time) values (49, 40, 'upvote', '2020-01-05 01:21:03');
insert into rating (user_id, content, rating, time) values (17, 36, 'downvote', '2019-10-15 10:25:17');
insert into rating (user_id, content, rating, time) values (27, 244, 'downvote', '2019-03-31 06:59:37');
insert into rating (user_id, content, rating, time) values (55, 346, 'downvote', '2019-12-25 16:13:00');
insert into rating (user_id, content, rating, time) values (41, 263, 'downvote', '2020-01-20 10:44:08');
insert into rating (user_id, content, rating, time) values (79, 322, 'upvote', '2019-06-10 00:17:37');
insert into rating (user_id, content, rating, time) values (50, 4, 'upvote', '2019-04-09 07:52:09');
insert into rating (user_id, content, rating, time) values (65, 270, 'upvote', '2020-01-20 15:49:06');
insert into rating (user_id, content, rating, time) values (44, 244, 'downvote', '2019-06-04 06:29:02');
insert into rating (user_id, content, rating, time) values (24, 214, 'upvote', '2020-03-06 06:09:20');
insert into rating (user_id, content, rating, time) values (48, 232, 'downvote', '2019-07-21 21:05:26');
insert into rating (user_id, content, rating, time) values (57, 307, 'downvote', '2019-08-28 02:03:50');
insert into rating (user_id, content, rating, time) values (86, 194, 'upvote', '2020-01-20 00:57:05');
insert into rating (user_id, content, rating, time) values (65, 374, 'upvote', '2020-01-24 17:36:11');
insert into rating (user_id, content, rating, time) values (76, 269, 'downvote', '2019-07-29 23:01:59');
insert into rating (user_id, content, rating, time) values (3, 274, 'upvote', '2019-05-24 10:10:08');
insert into rating (user_id, content, rating, time) values (87, 87, 'downvote', '2019-12-19 20:17:26');
insert into rating (user_id, content, rating, time) values (65, 330, 'upvote', '2019-07-17 17:19:16');
insert into rating (user_id, content, rating, time) values (7, 16, 'downvote', '2020-03-25 07:27:57');
insert into rating (user_id, content, rating, time) values (6, 153, 'downvote', '2019-12-11 12:16:32');
insert into rating (user_id, content, rating, time) values (8, 330, 'downvote', '2019-08-03 17:45:52');
insert into rating (user_id, content, rating, time) values (29, 146, 'upvote', '2019-09-10 16:10:44');
insert into rating (user_id, content, rating, time) values (51, 87, 'upvote', '2019-08-17 19:22:49');
insert into rating (user_id, content, rating, time) values (96, 326, 'downvote', '2019-12-29 09:26:05');
insert into rating (user_id, content, rating, time) values (79, 290, 'downvote', '2020-01-15 21:50:49');
insert into rating (user_id, content, rating, time) values (60, 220, 'upvote', '2019-04-19 08:51:25');
insert into rating (user_id, content, rating, time) values (47, 185, 'upvote', '2019-11-23 17:08:17');
insert into rating (user_id, content, rating, time) values (49, 139, 'upvote', '2019-12-08 16:45:41');
insert into rating (user_id, content, rating, time) values (40, 341, 'upvote', '2019-12-30 16:02:30');
insert into rating (user_id, content, rating, time) values (100, 397, 'downvote', '2019-05-16 06:33:12');
insert into rating (user_id, content, rating, time) values (11, 250, 'upvote', '2020-03-23 20:49:58');
insert into rating (user_id, content, rating, time) values (89, 250, 'downvote', '2019-05-02 23:36:46');
insert into rating (user_id, content, rating, time) values (91, 18, 'downvote', '2019-08-23 16:42:35');
insert into rating (user_id, content, rating, time) values (5, 45, 'downvote', '2020-02-09 01:26:35');
insert into rating (user_id, content, rating, time) values (89, 188, 'downvote', '2019-05-19 19:53:44');
insert into rating (user_id, content, rating, time) values (7, 290, 'upvote', '2019-05-09 16:33:51');
insert into rating (user_id, content, rating, time) values (76, 33, 'downvote', '2019-11-28 17:03:56');
insert into rating (user_id, content, rating, time) values (77, 115, 'downvote', '2019-04-12 04:03:18');
insert into rating (user_id, content, rating, time) values (33, 295, 'upvote', '2019-07-16 23:45:42');
insert into rating (user_id, content, rating, time) values (31, 325, 'upvote', '2019-10-01 04:19:01');
insert into rating (user_id, content, rating, time) values (52, 77, 'upvote', '2019-06-05 01:26:07');
insert into rating (user_id, content, rating, time) values (10, 45, 'upvote', '2019-08-12 23:06:59');
insert into rating (user_id, content, rating, time) values (56, 263, 'upvote', '2019-12-25 07:11:15');
insert into rating (user_id, content, rating, time) values (69, 52, 'downvote', '2020-02-13 03:05:27');
insert into rating (user_id, content, rating, time) values (29, 180, 'downvote', '2019-08-26 08:07:24');
insert into rating (user_id, content, rating, time) values (8, 11, 'upvote', '2019-12-15 05:25:59');
insert into rating (user_id, content, rating, time) values (56, 160, 'upvote', '2019-07-19 22:53:47');
insert into rating (user_id, content, rating, time) values (7, 282, 'upvote', '2019-07-06 10:10:22');
insert into rating (user_id, content, rating, time) values (54, 345, 'upvote', '2019-08-28 06:43:17');
insert into rating (user_id, content, rating, time) values (76, 351, 'downvote', '2019-08-27 21:39:16');
insert into rating (user_id, content, rating, time) values (45, 238, 'upvote', '2019-05-16 11:59:31');
insert into rating (user_id, content, rating, time) values (77, 183, 'downvote', '2019-05-01 01:37:41');
insert into rating (user_id, content, rating, time) values (73, 325, 'downvote', '2019-09-27 20:48:01');
insert into rating (user_id, content, rating, time) values (34, 155, 'downvote', '2020-03-25 08:00:39');
insert into rating (user_id, content, rating, time) values (54, 317, 'downvote', '2019-12-10 14:25:10');
insert into rating (user_id, content, rating, time) values (17, 1, 'downvote', '2020-01-20 09:27:29');
insert into rating (user_id, content, rating, time) values (2, 369, 'downvote', '2020-03-22 09:06:54');
insert into rating (user_id, content, rating, time) values (4, 311, 'upvote', '2019-12-01 22:35:41');
insert into rating (user_id, content, rating, time) values (72, 149, 'upvote', '2019-11-27 19:20:00');
insert into rating (user_id, content, rating, time) values (94, 176, 'upvote', '2019-12-03 14:22:56');
insert into rating (user_id, content, rating, time) values (54, 36, 'downvote', '2019-05-31 03:43:37');
insert into rating (user_id, content, rating, time) values (62, 38, 'downvote', '2020-01-07 05:29:24');
insert into rating (user_id, content, rating, time) values (86, 51, 'upvote', '2019-07-23 02:04:17');
insert into rating (user_id, content, rating, time) values (11, 252, 'upvote', '2019-08-12 18:40:52');
insert into rating (user_id, content, rating, time) values (10, 108, 'upvote', '2019-12-14 17:26:48');
insert into rating (user_id, content, rating, time) values (21, 86, 'upvote', '2020-01-06 10:13:51');
insert into rating (user_id, content, rating, time) values (15, 57, 'upvote', '2019-07-05 18:10:36');
insert into rating (user_id, content, rating, time) values (59, 50, 'downvote', '2019-06-03 22:33:54');
insert into rating (user_id, content, rating, time) values (23, 118, 'downvote', '2019-09-02 23:29:15');
insert into rating (user_id, content, rating, time) values (81, 45, 'downvote', '2019-05-01 06:41:11');
insert into rating (user_id, content, rating, time) values (16, 151, 'upvote', '2019-07-10 07:38:57');
insert into rating (user_id, content, rating, time) values (61, 58, 'downvote', '2019-10-13 06:27:01');
insert into rating (user_id, content, rating, time) values (92, 122, 'downvote', '2019-10-16 03:14:48');
insert into rating (user_id, content, rating, time) values (4, 300, 'downvote', '2019-08-24 00:17:48');
insert into rating (user_id, content, rating, time) values (6, 21, 'downvote', '2020-01-31 21:30:08');
insert into rating (user_id, content, rating, time) values (16, 175, 'upvote', '2019-05-23 04:04:51');
insert into rating (user_id, content, rating, time) values (18, 335, 'upvote', '2019-07-14 23:05:42');
insert into rating (user_id, content, rating, time) values (89, 285, 'downvote', '2019-08-06 09:59:25');
insert into rating (user_id, content, rating, time) values (94, 384, 'downvote', '2019-09-24 23:26:31');
insert into rating (user_id, content, rating, time) values (74, 36, 'downvote', '2019-11-09 06:48:58');
insert into rating (user_id, content, rating, time) values (4, 20, 'downvote', '2019-08-27 13:09:59');
insert into rating (user_id, content, rating, time) values (71, 90, 'upvote', '2019-07-14 13:18:55');
insert into rating (user_id, content, rating, time) values (1, 221, 'downvote', '2019-11-22 17:42:14');
insert into rating (user_id, content, rating, time) values (5, 375, 'downvote', '2019-08-19 02:27:26');
insert into rating (user_id, content, rating, time) values (60, 391, 'downvote', '2019-08-18 07:06:08');
insert into rating (user_id, content, rating, time) values (96, 58, 'downvote', '2019-08-10 21:51:15');
insert into rating (user_id, content, rating, time) values (19, 226, 'upvote', '2019-09-03 11:43:37');
insert into rating (user_id, content, rating, time) values (79, 53, 'downvote', '2019-12-29 07:40:58');
insert into rating (user_id, content, rating, time) values (9, 29, 'upvote', '2020-03-12 07:57:49');
insert into rating (user_id, content, rating, time) values (67, 73, 'downvote', '2020-02-10 19:01:05');
insert into rating (user_id, content, rating, time) values (9, 161, 'downvote', '2020-02-22 17:45:15');
insert into rating (user_id, content, rating, time) values (98, 322, 'upvote', '2019-12-21 09:59:04');
insert into rating (user_id, content, rating, time) values (1, 219, 'downvote', '2019-12-30 17:42:46');
insert into rating (user_id, content, rating, time) values (42, 180, 'downvote', '2019-06-12 20:22:36');
insert into rating (user_id, content, rating, time) values (47, 156, 'upvote', '2019-05-05 14:28:59');
insert into rating (user_id, content, rating, time) values (82, 315, 'downvote', '2019-05-13 13:17:33');
insert into rating (user_id, content, rating, time) values (50, 232, 'upvote', '2019-07-29 04:35:07');
insert into rating (user_id, content, rating, time) values (47, 173, 'upvote', '2020-03-26 07:26:09');
insert into rating (user_id, content, rating, time) values (55, 32, 'upvote', '2019-12-30 20:21:32');
insert into rating (user_id, content, rating, time) values (49, 45, 'downvote', '2019-08-02 14:27:20');
insert into rating (user_id, content, rating, time) values (21, 97, 'upvote', '2019-03-29 00:42:50');
insert into rating (user_id, content, rating, time) values (59, 77, 'downvote', '2019-07-01 21:30:01');
insert into rating (user_id, content, rating, time) values (30, 163, 'downvote', '2019-12-15 01:19:53');
insert into rating (user_id, content, rating, time) values (36, 327, 'downvote', '2019-04-09 20:09:27');
insert into rating (user_id, content, rating, time) values (36, 35, 'upvote', '2020-01-11 02:48:26');
insert into rating (user_id, content, rating, time) values (30, 197, 'upvote', '2019-12-16 15:55:27');
insert into rating (user_id, content, rating, time) values (31, 336, 'downvote', '2019-11-29 05:37:31');
insert into rating (user_id, content, rating, time) values (34, 335, 'upvote', '2020-01-04 00:31:06');
insert into rating (user_id, content, rating, time) values (96, 170, 'upvote', '2019-07-13 21:50:05');
insert into rating (user_id, content, rating, time) values (21, 89, 'upvote', '2019-04-30 00:16:03');
insert into rating (user_id, content, rating, time) values (99, 203, 'upvote', '2019-09-30 17:52:27');
insert into rating (user_id, content, rating, time) values (15, 87, 'downvote', '2019-10-17 03:36:50');
insert into rating (user_id, content, rating, time) values (84, 105, 'upvote', '2019-04-26 16:36:39');
insert into rating (user_id, content, rating, time) values (23, 394, 'upvote', '2019-08-30 16:55:53');
insert into rating (user_id, content, rating, time) values (41, 155, 'upvote', '2020-03-26 05:23:47');
insert into rating (user_id, content, rating, time) values (43, 312, 'downvote', '2020-02-17 16:30:39');
insert into rating (user_id, content, rating, time) values (60, 327, 'upvote', '2019-04-10 16:29:49');
insert into rating (user_id, content, rating, time) values (20, 157, 'upvote', '2019-10-25 14:56:22');
insert into rating (user_id, content, rating, time) values (89, 204, 'downvote', '2020-01-28 07:46:35');
insert into rating (user_id, content, rating, time) values (94, 165, 'upvote', '2019-04-03 05:30:49');
insert into rating (user_id, content, rating, time) values (47, 324, 'upvote', '2019-11-28 19:56:17');
insert into rating (user_id, content, rating, time) values (82, 183, 'upvote', '2020-03-18 18:21:28');
insert into rating (user_id, content, rating, time) values (13, 9, 'upvote', '2019-11-07 16:18:29');
insert into rating (user_id, content, rating, time) values (92, 128, 'upvote', '2019-11-14 12:25:51');
insert into rating (user_id, content, rating, time) values (56, 9, 'upvote', '2020-03-11 17:11:47');
insert into rating (user_id, content, rating, time) values (9, 178, 'upvote', '2019-04-21 15:40:34');
insert into rating (user_id, content, rating, time) values (36, 154, 'downvote', '2020-03-01 06:41:28');
insert into rating (user_id, content, rating, time) values (29, 390, 'downvote', '2020-01-11 08:42:31');
insert into rating (user_id, content, rating, time) values (38, 219, 'downvote', '2020-03-09 09:44:27');
insert into rating (user_id, content, rating, time) values (81, 283, 'downvote', '2020-01-02 17:08:39');
insert into rating (user_id, content, rating, time) values (55, 134, 'downvote', '2019-06-13 16:32:36');
insert into rating (user_id, content, rating, time) values (34, 385, 'upvote', '2019-12-10 06:04:11');
insert into rating (user_id, content, rating, time) values (62, 189, 'downvote', '2020-01-23 23:41:26');
insert into rating (user_id, content, rating, time) values (73, 385, 'downvote', '2019-03-30 01:22:02');
insert into rating (user_id, content, rating, time) values (36, 199, 'downvote', '2019-05-10 06:21:07');
insert into rating (user_id, content, rating, time) values (36, 363, 'downvote', '2019-05-09 02:39:11');
insert into rating (user_id, content, rating, time) values (56, 23, 'upvote', '2019-10-25 02:08:10');
insert into rating (user_id, content, rating, time) values (45, 244, 'downvote', '2019-08-02 19:02:48');
insert into rating (user_id, content, rating, time) values (58, 332, 'downvote', '2019-08-05 08:55:02');
insert into rating (user_id, content, rating, time) values (59, 174, 'upvote', '2019-12-14 02:11:30');
insert into rating (user_id, content, rating, time) values (50, 234, 'upvote', '2019-04-06 06:48:02');
insert into rating (user_id, content, rating, time) values (100, 73, 'upvote', '2019-08-28 05:35:52');
insert into rating (user_id, content, rating, time) values (6, 9, 'downvote', '2019-07-11 02:56:17');
insert into rating (user_id, content, rating, time) values (21, 303, 'upvote', '2019-07-24 11:13:23');
insert into rating (user_id, content, rating, time) values (58, 311, 'upvote', '2020-03-27 13:12:12');
insert into rating (user_id, content, rating, time) values (64, 380, 'upvote', '2020-03-02 13:38:54');
insert into rating (user_id, content, rating, time) values (44, 377, 'downvote', '2020-02-18 03:58:54');
insert into rating (user_id, content, rating, time) values (66, 253, 'upvote', '2019-04-28 10:39:46');
insert into rating (user_id, content, rating, time) values (10, 369, 'upvote', '2020-03-13 05:49:39');
insert into rating (user_id, content, rating, time) values (95, 156, 'downvote', '2019-04-17 14:37:09');
insert into rating (user_id, content, rating, time) values (64, 227, 'upvote', '2019-11-27 01:07:59');
insert into rating (user_id, content, rating, time) values (16, 332, 'downvote', '2019-06-22 09:31:12');
insert into rating (user_id, content, rating, time) values (6, 355, 'upvote', '2019-12-22 12:48:19');
insert into rating (user_id, content, rating, time) values (46, 140, 'upvote', '2019-06-26 21:40:24');
insert into rating (user_id, content, rating, time) values (97, 189, 'downvote', '2020-03-08 22:53:27');
insert into rating (user_id, content, rating, time) values (19, 39, 'upvote', '2020-02-17 19:37:43');
insert into rating (user_id, content, rating, time) values (31, 357, 'downvote', '2019-06-12 18:12:59');
insert into rating (user_id, content, rating, time) values (76, 340, 'downvote', '2019-06-04 14:27:31');
insert into rating (user_id, content, rating, time) values (40, 368, 'downvote', '2019-12-03 03:01:27');
insert into rating (user_id, content, rating, time) values (81, 227, 'upvote', '2020-03-15 04:09:59');
insert into rating (user_id, content, rating, time) values (91, 113, 'upvote', '2019-10-05 06:15:37');
insert into rating (user_id, content, rating, time) values (51, 380, 'upvote', '2019-05-19 10:35:17');
insert into rating (user_id, content, rating, time) values (48, 33, 'downvote', '2019-04-05 16:14:27');
insert into rating (user_id, content, rating, time) values (43, 389, 'downvote', '2019-07-11 20:04:11');
insert into rating (user_id, content, rating, time) values (12, 310, 'upvote', '2019-09-15 08:48:22');
insert into rating (user_id, content, rating, time) values (14, 285, 'upvote', '2019-12-01 13:53:11');
insert into rating (user_id, content, rating, time) values (26, 250, 'downvote', '2019-09-13 12:51:48');
insert into rating (user_id, content, rating, time) values (9, 349, 'upvote', '2019-05-01 15:23:58');
insert into rating (user_id, content, rating, time) values (33, 70, 'downvote', '2020-01-12 17:25:15');
insert into rating (user_id, content, rating, time) values (79, 102, 'downvote', '2019-09-03 15:51:57');
insert into rating (user_id, content, rating, time) values (9, 96, 'upvote', '2019-09-12 16:04:19');
insert into rating (user_id, content, rating, time) values (42, 56, 'downvote', '2020-02-01 02:17:28');
insert into rating (user_id, content, rating, time) values (71, 318, 'downvote', '2019-06-30 00:51:15');
insert into rating (user_id, content, rating, time) values (77, 89, 'upvote', '2019-07-25 06:42:34');
insert into rating (user_id, content, rating, time) values (22, 111, 'upvote', '2019-08-26 23:37:45');
insert into rating (user_id, content, rating, time) values (57, 58, 'upvote', '2019-08-18 22:05:49');
insert into rating (user_id, content, rating, time) values (38, 329, 'upvote', '2020-02-11 20:57:14');
insert into rating (user_id, content, rating, time) values (94, 150, 'downvote', '2020-02-02 02:41:10');
insert into rating (user_id, content, rating, time) values (27, 190, 'upvote', '2019-09-08 07:20:24');
insert into rating (user_id, content, rating, time) values (43, 30, 'upvote', '2019-09-21 12:55:02');
insert into rating (user_id, content, rating, time) values (48, 139, 'upvote', '2019-08-22 20:12:19');
insert into rating (user_id, content, rating, time) values (60, 11, 'upvote', '2019-07-25 15:55:26');
insert into rating (user_id, content, rating, time) values (42, 73, 'downvote', '2019-08-25 17:34:56');
insert into rating (user_id, content, rating, time) values (70, 334, 'upvote', '2019-09-08 20:00:20');
insert into rating (user_id, content, rating, time) values (81, 51, 'downvote', '2019-10-13 13:53:34');
insert into rating (user_id, content, rating, time) values (95, 279, 'downvote', '2020-01-02 09:36:14');
insert into rating (user_id, content, rating, time) values (2, 250, 'upvote', '2019-11-28 02:48:09');
insert into rating (user_id, content, rating, time) values (8, 357, 'upvote', '2019-08-17 05:06:37');
insert into rating (user_id, content, rating, time) values (26, 273, 'downvote', '2019-10-15 06:15:10');
insert into rating (user_id, content, rating, time) values (93, 86, 'upvote', '2019-11-06 17:32:27');
insert into rating (user_id, content, rating, time) values (90, 163, 'upvote', '2019-05-16 02:26:36');
insert into rating (user_id, content, rating, time) values (73, 112, 'downvote', '2019-04-09 13:27:06');
insert into rating (user_id, content, rating, time) values (71, 50, 'downvote', '2020-02-16 01:56:18');
insert into rating (user_id, content, rating, time) values (35, 295, 'upvote', '2019-12-19 09:05:37');
insert into rating (user_id, content, rating, time) values (61, 372, 'downvote', '2019-07-29 15:13:06');
insert into rating (user_id, content, rating, time) values (3, 397, 'downvote', '2019-10-20 00:53:35');
insert into rating (user_id, content, rating, time) values (59, 306, 'upvote', '2019-06-19 07:32:19');
insert into rating (user_id, content, rating, time) values (42, 117, 'downvote', '2019-05-01 09:02:01');
insert into rating (user_id, content, rating, time) values (73, 175, 'downvote', '2019-10-06 21:00:18');
insert into rating (user_id, content, rating, time) values (98, 286, 'downvote', '2019-07-04 23:20:10');
insert into rating (user_id, content, rating, time) values (66, 69, 'upvote', '2019-11-20 05:34:31');
insert into rating (user_id, content, rating, time) values (46, 198, 'upvote', '2019-10-25 05:56:10');
insert into rating (user_id, content, rating, time) values (10, 86, 'downvote', '2019-10-21 18:12:08');
insert into rating (user_id, content, rating, time) values (85, 361, 'downvote', '2020-02-12 20:57:09');
insert into rating (user_id, content, rating, time) values (38, 230, 'downvote', '2019-12-10 03:37:08');
insert into rating (user_id, content, rating, time) values (85, 298, 'upvote', '2020-03-20 00:24:26');
insert into rating (user_id, content, rating, time) values (24, 14, 'downvote', '2020-01-26 12:11:30');
insert into rating (user_id, content, rating, time) values (12, 346, 'upvote', '2020-03-11 10:43:59');
insert into rating (user_id, content, rating, time) values (96, 261, 'upvote', '2020-02-12 14:57:29');
insert into rating (user_id, content, rating, time) values (28, 213, 'downvote', '2019-08-30 18:38:06');
insert into rating (user_id, content, rating, time) values (95, 289, 'downvote', '2019-08-28 08:29:05');
insert into rating (user_id, content, rating, time) values (1, 188, 'upvote', '2019-10-06 12:50:33');
insert into rating (user_id, content, rating, time) values (93, 230, 'upvote', '2019-08-03 12:52:10');
insert into rating (user_id, content, rating, time) values (82, 380, 'downvote', '2019-06-19 18:07:39');
insert into rating (user_id, content, rating, time) values (68, 279, 'upvote', '2019-05-09 15:17:45');
insert into rating (user_id, content, rating, time) values (49, 216, 'downvote', '2019-04-18 10:27:42');
insert into rating (user_id, content, rating, time) values (47, 128, 'downvote', '2019-04-24 04:24:08');
insert into rating (user_id, content, rating, time) values (92, 173, 'upvote', '2020-01-19 17:16:37');
insert into rating (user_id, content, rating, time) values (2, 109, 'upvote', '2020-01-19 15:47:34');
insert into rating (user_id, content, rating, time) values (99, 9, 'upvote', '2019-07-30 11:52:25');
insert into rating (user_id, content, rating, time) values (62, 240, 'downvote', '2019-04-26 00:36:27');
insert into rating (user_id, content, rating, time) values (76, 300, 'upvote', '2019-05-26 19:03:51');
insert into rating (user_id, content, rating, time) values (36, 277, 'downvote', '2019-10-25 01:54:52');
insert into rating (user_id, content, rating, time) values (61, 42, 'upvote', '2019-10-07 22:35:39');
insert into rating (user_id, content, rating, time) values (79, 198, 'downvote', '2019-04-19 13:59:34');
insert into rating (user_id, content, rating, time) values (65, 24, 'downvote', '2019-12-14 05:18:20');
insert into rating (user_id, content, rating, time) values (43, 17, 'upvote', '2019-09-10 17:17:01');
insert into rating (user_id, content, rating, time) values (10, 158, 'upvote', '2020-02-15 07:09:35');
insert into rating (user_id, content, rating, time) values (25, 58, 'downvote', '2019-06-19 01:40:33');
insert into rating (user_id, content, rating, time) values (91, 351, 'upvote', '2019-09-15 20:39:18');
insert into rating (user_id, content, rating, time) values (11, 119, 'upvote', '2019-10-13 20:27:52');
insert into rating (user_id, content, rating, time) values (70, 342, 'downvote', '2019-03-29 10:28:43');
insert into rating (user_id, content, rating, time) values (29, 272, 'downvote', '2019-08-23 08:21:46');
insert into rating (user_id, content, rating, time) values (35, 64, 'downvote', '2019-05-08 13:53:52');
insert into rating (user_id, content, rating, time) values (44, 230, 'upvote', '2020-01-20 13:37:34');
insert into rating (user_id, content, rating, time) values (57, 247, 'downvote', '2019-04-01 23:41:52');
insert into rating (user_id, content, rating, time) values (20, 156, 'upvote', '2019-06-23 20:39:36');
insert into rating (user_id, content, rating, time) values (22, 129, 'downvote', '2019-08-03 22:55:09');
insert into rating (user_id, content, rating, time) values (64, 204, 'upvote', '2019-07-01 20:58:11');
insert into rating (user_id, content, rating, time) values (61, 258, 'downvote', '2019-03-28 02:01:47');
insert into rating (user_id, content, rating, time) values (57, 180, 'upvote', '2019-12-10 16:49:12');
insert into rating (user_id, content, rating, time) values (69, 171, 'downvote', '2019-08-12 08:36:02');
insert into rating (user_id, content, rating, time) values (85, 396, 'upvote', '2020-03-02 00:44:55');
insert into rating (user_id, content, rating, time) values (29, 33, 'downvote', '2019-04-17 00:39:36');
insert into rating (user_id, content, rating, time) values (91, 325, 'upvote', '2019-06-20 01:05:02');
insert into rating (user_id, content, rating, time) values (76, 392, 'downvote', '2020-01-22 23:01:02');
insert into rating (user_id, content, rating, time) values (81, 211, 'downvote', '2020-01-26 02:51:59');
insert into rating (user_id, content, rating, time) values (16, 14, 'downvote', '2020-02-13 15:35:25');
insert into rating (user_id, content, rating, time) values (34, 356, 'upvote', '2020-03-01 19:00:42');
insert into rating (user_id, content, rating, time) values (17, 72, 'upvote', '2019-08-22 22:22:18');
insert into rating (user_id, content, rating, time) values (9, 338, 'upvote', '2019-05-06 02:39:30');
insert into rating (user_id, content, rating, time) values (1, 276, 'upvote', '2020-02-19 07:01:33');
insert into rating (user_id, content, rating, time) values (22, 37, 'downvote', '2019-08-27 07:43:42');
insert into rating (user_id, content, rating, time) values (71, 368, 'upvote', '2019-11-02 09:58:28');
insert into rating (user_id, content, rating, time) values (82, 179, 'upvote', '2019-04-15 15:20:05');
insert into rating (user_id, content, rating, time) values (1, 164, 'downvote', '2020-02-22 07:35:04');
insert into rating (user_id, content, rating, time) values (58, 37, 'upvote', '2019-05-18 08:04:37');
insert into rating (user_id, content, rating, time) values (53, 16, 'upvote', '2019-07-31 23:30:56');
insert into rating (user_id, content, rating, time) values (61, 96, 'upvote', '2019-07-21 10:33:42');
insert into rating (user_id, content, rating, time) values (61, 150, 'downvote', '2019-11-16 17:23:46');
insert into rating (user_id, content, rating, time) values (91, 352, 'downvote', '2020-03-15 06:03:30');
insert into rating (user_id, content, rating, time) values (73, 114, 'upvote', '2019-08-01 09:07:22');
insert into rating (user_id, content, rating, time) values (80, 144, 'downvote', '2019-11-14 22:15:10');
insert into rating (user_id, content, rating, time) values (28, 393, 'downvote', '2020-03-15 18:48:52');
insert into rating (user_id, content, rating, time) values (12, 274, 'downvote', '2020-01-29 21:53:42');
insert into rating (user_id, content, rating, time) values (18, 1, 'downvote', '2020-02-03 11:28:22');
insert into rating (user_id, content, rating, time) values (91, 270, 'upvote', '2019-04-05 13:29:38');
insert into rating (user_id, content, rating, time) values (99, 29, 'downvote', '2019-06-08 22:00:27');
insert into rating (user_id, content, rating, time) values (86, 322, 'upvote', '2020-01-20 05:52:30');
insert into rating (user_id, content, rating, time) values (96, 205, 'downvote', '2019-12-12 18:16:19');
insert into rating (user_id, content, rating, time) values (90, 162, 'upvote', '2019-07-05 11:53:48');
insert into rating (user_id, content, rating, time) values (17, 75, 'downvote', '2019-08-10 03:58:51');
insert into rating (user_id, content, rating, time) values (57, 292, 'upvote', '2019-12-22 08:13:39');
insert into rating (user_id, content, rating, time) values (71, 68, 'downvote', '2020-03-24 15:10:35');
insert into rating (user_id, content, rating, time) values (47, 31, 'upvote', '2019-10-03 21:10:01');
insert into rating (user_id, content, rating, time) values (97, 208, 'downvote', '2020-03-25 08:50:31');
insert into rating (user_id, content, rating, time) values (3, 337, 'upvote', '2019-06-28 21:20:37');
insert into rating (user_id, content, rating, time) values (12, 4, 'upvote', '2019-12-24 06:50:36');
insert into rating (user_id, content, rating, time) values (99, 311, 'upvote', '2019-10-06 03:57:58');
insert into rating (user_id, content, rating, time) values (47, 49, 'downvote', '2019-06-13 02:24:25');
insert into rating (user_id, content, rating, time) values (37, 351, 'downvote', '2019-06-13 16:25:19');
insert into rating (user_id, content, rating, time) values (88, 79, 'downvote', '2019-09-19 06:26:22');
insert into rating (user_id, content, rating, time) values (75, 223, 'downvote', '2019-04-13 22:44:19');
insert into rating (user_id, content, rating, time) values (42, 278, 'downvote', '2019-10-19 23:21:37');
insert into rating (user_id, content, rating, time) values (33, 344, 'upvote', '2019-12-13 14:00:54');
insert into rating (user_id, content, rating, time) values (72, 27, 'upvote', '2020-03-15 07:14:52');
insert into rating (user_id, content, rating, time) values (28, 125, 'upvote', '2019-11-20 13:37:04');
insert into rating (user_id, content, rating, time) values (56, 225, 'downvote', '2019-05-18 05:04:47');
insert into rating (user_id, content, rating, time) values (16, 287, 'downvote', '2019-12-23 08:20:37');
insert into rating (user_id, content, rating, time) values (79, 79, 'upvote', '2020-03-14 14:16:26');
insert into rating (user_id, content, rating, time) values (88, 295, 'downvote', '2020-01-08 17:50:38');
insert into rating (user_id, content, rating, time) values (51, 24, 'upvote', '2019-12-26 15:36:44');
insert into rating (user_id, content, rating, time) values (45, 159, 'downvote', '2019-07-27 19:53:17');
insert into rating (user_id, content, rating, time) values (49, 183, 'downvote', '2019-12-09 16:44:10');
insert into rating (user_id, content, rating, time) values (22, 328, 'upvote', '2019-11-17 16:07:56');
insert into rating (user_id, content, rating, time) values (20, 392, 'downvote', '2019-05-06 21:38:05');
insert into rating (user_id, content, rating, time) values (59, 348, 'downvote', '2020-03-14 00:57:58');
insert into rating (user_id, content, rating, time) values (70, 304, 'upvote', '2019-12-03 18:29:34');
insert into rating (user_id, content, rating, time) values (24, 112, 'downvote', '2019-06-06 01:46:05');
insert into rating (user_id, content, rating, time) values (36, 350, 'upvote', '2020-03-06 03:19:26');
insert into rating (user_id, content, rating, time) values (3, 334, 'downvote', '2019-11-27 14:59:35');
insert into rating (user_id, content, rating, time) values (92, 285, 'downvote', '2020-01-14 06:05:26');
insert into rating (user_id, content, rating, time) values (52, 344, 'downvote', '2020-03-18 05:34:44');
insert into rating (user_id, content, rating, time) values (80, 320, 'downvote', '2019-09-02 07:19:19');
insert into rating (user_id, content, rating, time) values (89, 317, 'upvote', '2019-08-23 19:26:09');
insert into rating (user_id, content, rating, time) values (89, 368, 'upvote', '2019-08-29 10:53:03');
insert into rating (user_id, content, rating, time) values (48, 59, 'upvote', '2020-03-27 17:36:53');
insert into rating (user_id, content, rating, time) values (41, 34, 'upvote', '2020-01-07 10:46:14');
insert into rating (user_id, content, rating, time) values (17, 202, 'upvote', '2019-08-18 21:55:24');
insert into rating (user_id, content, rating, time) values (83, 123, 'upvote', '2019-06-16 15:33:54');
insert into rating (user_id, content, rating, time) values (100, 355, 'downvote', '2019-05-07 01:32:42');
insert into rating (user_id, content, rating, time) values (88, 300, 'upvote', '2020-02-27 21:24:19');
insert into rating (user_id, content, rating, time) values (17, 266, 'upvote', '2020-03-12 07:34:22');
insert into rating (user_id, content, rating, time) values (82, 292, 'upvote', '2019-05-16 15:44:58');
insert into rating (user_id, content, rating, time) values (91, 67, 'downvote', '2019-12-06 00:42:58');
insert into rating (user_id, content, rating, time) values (63, 10, 'upvote', '2019-04-02 09:00:43');
insert into rating (user_id, content, rating, time) values (44, 55, 'upvote', '2019-05-28 20:59:34');
insert into rating (user_id, content, rating, time) values (91, 324, 'upvote', '2019-04-24 13:54:29');
insert into rating (user_id, content, rating, time) values (64, 163, 'upvote', '2020-02-03 08:57:13');
insert into rating (user_id, content, rating, time) values (79, 208, 'downvote', '2020-03-10 15:26:18');
insert into rating (user_id, content, rating, time) values (100, 159, 'downvote', '2019-03-30 19:33:01');
insert into rating (user_id, content, rating, time) values (97, 179, 'downvote', '2019-10-08 04:58:40');
insert into rating (user_id, content, rating, time) values (1, 103, 'downvote', '2020-02-02 11:02:54');
insert into rating (user_id, content, rating, time) values (80, 142, 'downvote', '2019-07-22 23:10:00');
insert into rating (user_id, content, rating, time) values (83, 44, 'upvote', '2020-02-06 08:13:16');
insert into rating (user_id, content, rating, time) values (22, 118, 'downvote', '2020-01-06 00:02:47');
insert into rating (user_id, content, rating, time) values (73, 96, 'downvote', '2019-08-01 11:27:49');
insert into rating (user_id, content, rating, time) values (65, 49, 'upvote', '2019-05-27 01:58:48');
insert into rating (user_id, content, rating, time) values (70, 274, 'downvote', '2019-12-17 23:16:27');
insert into rating (user_id, content, rating, time) values (19, 90, 'downvote', '2020-01-18 03:14:40');
insert into rating (user_id, content, rating, time) values (52, 45, 'downvote', '2019-06-15 04:30:10');
insert into rating (user_id, content, rating, time) values (2, 236, 'upvote', '2019-07-01 17:53:08');
insert into rating (user_id, content, rating, time) values (3, 174, 'upvote', '2019-10-10 13:30:48');
insert into rating (user_id, content, rating, time) values (69, 348, 'downvote', '2019-10-01 02:48:24');
insert into rating (user_id, content, rating, time) values (9, 156, 'upvote', '2019-10-02 00:29:31');
insert into rating (user_id, content, rating, time) values (77, 55, 'downvote', '2019-08-16 00:37:23');
insert into rating (user_id, content, rating, time) values (63, 130, 'downvote', '2019-11-11 10:58:01');
insert into rating (user_id, content, rating, time) values (11, 6, 'downvote', '2019-08-19 07:35:00');
insert into rating (user_id, content, rating, time) values (87, 9, 'downvote', '2020-03-07 00:22:02');
insert into rating (user_id, content, rating, time) values (26, 43, 'upvote', '2019-10-22 02:58:34');
insert into rating (user_id, content, rating, time) values (73, 380, 'upvote', '2019-09-16 13:32:25');
insert into rating (user_id, content, rating, time) values (92, 338, 'upvote', '2019-07-29 10:21:22');
insert into rating (user_id, content, rating, time) values (22, 282, 'upvote', '2019-03-28 14:39:32');
insert into rating (user_id, content, rating, time) values (16, 326, 'upvote', '2019-08-29 18:16:50');
insert into rating (user_id, content, rating, time) values (27, 349, 'upvote', '2019-09-16 14:46:51');
insert into rating (user_id, content, rating, time) values (84, 74, 'downvote', '2019-07-19 11:11:50');
insert into rating (user_id, content, rating, time) values (51, 72, 'downvote', '2019-06-12 02:31:42');
insert into rating (user_id, content, rating, time) values (97, 67, 'downvote', '2019-06-26 08:20:05');
insert into rating (user_id, content, rating, time) values (15, 172, 'downvote', '2019-05-11 15:13:41');
insert into rating (user_id, content, rating, time) values (65, 190, 'downvote', '2019-04-09 16:21:27');
insert into rating (user_id, content, rating, time) values (30, 274, 'downvote', '2020-03-22 19:05:33');
insert into rating (user_id, content, rating, time) values (69, 173, 'upvote', '2019-12-03 09:45:01');
insert into rating (user_id, content, rating, time) values (61, 192, 'downvote', '2019-05-02 01:27:55');
insert into rating (user_id, content, rating, time) values (73, 274, 'downvote', '2019-10-28 20:19:53');
insert into rating (user_id, content, rating, time) values (19, 77, 'downvote', '2020-03-22 15:18:26');
insert into rating (user_id, content, rating, time) values (67, 222, 'downvote', '2020-01-21 03:23:48');
insert into rating (user_id, content, rating, time) values (36, 198, 'upvote', '2019-04-02 07:06:13');
insert into rating (user_id, content, rating, time) values (21, 114, 'downvote', '2019-04-21 10:46:40');
insert into rating (user_id, content, rating, time) values (22, 329, 'upvote', '2019-12-04 16:39:33');
insert into rating (user_id, content, rating, time) values (74, 20, 'downvote', '2020-03-17 02:32:01');
insert into rating (user_id, content, rating, time) values (64, 327, 'upvote', '2020-01-12 15:19:38');
insert into rating (user_id, content, rating, time) values (69, 294, 'downvote', '2019-09-28 15:41:37');
insert into rating (user_id, content, rating, time) values (17, 201, 'upvote', '2019-09-27 18:05:18');
insert into rating (user_id, content, rating, time) values (60, 265, 'downvote', '2019-10-18 12:57:23');
insert into rating (user_id, content, rating, time) values (3, 303, 'downvote', '2019-10-08 06:18:10');
insert into rating (user_id, content, rating, time) values (35, 151, 'upvote', '2019-07-03 01:04:31');
insert into rating (user_id, content, rating, time) values (77, 71, 'upvote', '2019-05-06 08:20:45');
insert into rating (user_id, content, rating, time) values (22, 184, 'upvote', '2019-11-30 14:08:36');
insert into rating (user_id, content, rating, time) values (57, 302, 'downvote', '2019-10-16 12:13:30');
insert into rating (user_id, content, rating, time) values (85, 320, 'downvote', '2020-02-13 09:21:37');
insert into rating (user_id, content, rating, time) values (20, 125, 'downvote', '2019-10-05 20:59:45');
insert into rating (user_id, content, rating, time) values (96, 236, 'upvote', '2019-07-25 00:42:41');
insert into rating (user_id, content, rating, time) values (9, 257, 'upvote', '2019-07-15 02:45:14');
insert into rating (user_id, content, rating, time) values (25, 131, 'downvote', '2019-07-20 01:52:55');
insert into rating (user_id, content, rating, time) values (99, 25, 'downvote', '2019-04-15 20:08:14');
insert into rating (user_id, content, rating, time) values (73, 89, 'upvote', '2020-03-24 18:02:23');
insert into rating (user_id, content, rating, time) values (98, 162, 'upvote', '2019-06-03 13:30:24');
insert into rating (user_id, content, rating, time) values (12, 292, 'upvote', '2019-05-31 07:48:18');
insert into rating (user_id, content, rating, time) values (30, 119, 'upvote', '2019-06-29 11:18:54');
insert into rating (user_id, content, rating, time) values (16, 20, 'upvote', '2019-10-28 10:24:49');
insert into rating (user_id, content, rating, time) values (52, 241, 'downvote', '2019-05-26 15:41:08');
insert into rating (user_id, content, rating, time) values (28, 61, 'upvote', '2019-06-29 20:04:35');
insert into rating (user_id, content, rating, time) values (9, 155, 'upvote', '2019-06-11 20:30:39');
insert into rating (user_id, content, rating, time) values (58, 259, 'upvote', '2019-11-18 06:55:13');
insert into rating (user_id, content, rating, time) values (22, 167, 'downvote', '2020-02-03 02:50:02');
insert into rating (user_id, content, rating, time) values (15, 293, 'upvote', '2019-12-21 00:51:55');
insert into rating (user_id, content, rating, time) values (98, 184, 'upvote', '2019-11-09 04:01:28');
insert into rating (user_id, content, rating, time) values (22, 371, 'downvote', '2019-10-07 20:44:49');
insert into rating (user_id, content, rating, time) values (1, 59, 'downvote', '2019-10-10 16:55:18');
insert into rating (user_id, content, rating, time) values (34, 37, 'upvote', '2019-11-02 12:55:34');
insert into rating (user_id, content, rating, time) values (39, 376, 'downvote', '2019-08-23 13:58:18');
insert into rating (user_id, content, rating, time) values (74, 290, 'upvote', '2019-10-18 03:31:28');
insert into rating (user_id, content, rating, time) values (24, 50, 'downvote', '2019-12-01 01:37:08');
insert into rating (user_id, content, rating, time) values (66, 186, 'upvote', '2019-12-18 23:31:07');
insert into rating (user_id, content, rating, time) values (82, 14, 'upvote', '2020-03-03 13:37:36');
insert into rating (user_id, content, rating, time) values (98, 171, 'downvote', '2020-03-16 09:00:10');
insert into rating (user_id, content, rating, time) values (2, 55, 'downvote', '2019-10-03 05:15:38');
insert into rating (user_id, content, rating, time) values (20, 132, 'downvote', '2019-06-01 13:48:27');
insert into rating (user_id, content, rating, time) values (22, 95, 'upvote', '2019-07-17 22:15:19');
insert into rating (user_id, content, rating, time) values (19, 220, 'downvote', '2019-07-22 12:43:31');
insert into rating (user_id, content, rating, time) values (41, 103, 'upvote', '2019-07-20 09:29:19');
insert into rating (user_id, content, rating, time) values (27, 350, 'upvote', '2019-04-01 02:52:25');
insert into rating (user_id, content, rating, time) values (4, 1, 'downvote', '2020-03-28 01:45:32');
insert into rating (user_id, content, rating, time) values (5, 79, 'upvote', '2019-08-26 08:47:20');
insert into rating (user_id, content, rating, time) values (97, 367, 'downvote', '2019-06-19 21:43:05');
insert into rating (user_id, content, rating, time) values (52, 265, 'downvote', '2019-08-12 11:00:24');
insert into rating (user_id, content, rating, time) values (54, 293, 'upvote', '2020-01-06 18:35:43');
insert into rating (user_id, content, rating, time) values (10, 146, 'upvote', '2019-12-26 00:48:18');
insert into rating (user_id, content, rating, time) values (51, 13, 'downvote', '2019-06-12 01:56:53');
insert into rating (user_id, content, rating, time) values (40, 106, 'upvote', '2019-05-11 10:29:54');
insert into rating (user_id, content, rating, time) values (32, 177, 'downvote', '2019-11-21 12:04:03');
insert into rating (user_id, content, rating, time) values (7, 241, 'upvote', '2020-02-16 02:58:04');
insert into rating (user_id, content, rating, time) values (90, 213, 'downvote', '2020-03-10 19:55:51');
insert into rating (user_id, content, rating, time) values (7, 251, 'upvote', '2019-08-26 07:43:17');
insert into rating (user_id, content, rating, time) values (54, 254, 'upvote', '2020-01-27 18:39:09');
insert into rating (user_id, content, rating, time) values (99, 391, 'downvote', '2019-07-02 13:23:49');
insert into rating (user_id, content, rating, time) values (58, 96, 'downvote', '2019-10-14 01:54:24');
insert into rating (user_id, content, rating, time) values (59, 182, 'downvote', '2020-01-19 03:42:40');
insert into rating (user_id, content, rating, time) values (42, 216, 'upvote', '2019-11-14 16:13:11');
insert into rating (user_id, content, rating, time) values (1, 350, 'upvote', '2019-10-16 17:09:59');
insert into rating (user_id, content, rating, time) values (27, 265, 'upvote', '2019-10-12 08:49:54');
insert into rating (user_id, content, rating, time) values (50, 205, 'downvote', '2019-07-16 19:47:33');
insert into rating (user_id, content, rating, time) values (49, 285, 'upvote', '2020-01-29 19:59:15');
insert into rating (user_id, content, rating, time) values (85, 310, 'upvote', '2019-12-28 20:06:59');
insert into rating (user_id, content, rating, time) values (73, 76, 'upvote', '2020-01-04 14:40:31');
insert into rating (user_id, content, rating, time) values (92, 64, 'downvote', '2020-02-21 23:12:48');
insert into rating (user_id, content, rating, time) values (68, 161, 'downvote', '2020-01-23 19:38:29');
insert into rating (user_id, content, rating, time) values (6, 248, 'downvote', '2019-10-01 18:30:48');
insert into rating (user_id, content, rating, time) values (3, 59, 'downvote', '2019-12-09 13:31:34');
insert into rating (user_id, content, rating, time) values (95, 309, 'downvote', '2019-11-30 00:15:56');
insert into rating (user_id, content, rating, time) values (91, 58, 'downvote', '2019-07-06 17:48:45');
insert into rating (user_id, content, rating, time) values (8, 154, 'downvote', '2019-10-04 12:51:04');
insert into rating (user_id, content, rating, time) values (53, 345, 'upvote', '2019-05-01 03:21:01');
insert into rating (user_id, content, rating, time) values (98, 95, 'upvote', '2019-10-26 21:33:05');
insert into rating (user_id, content, rating, time) values (16, 327, 'upvote', '2019-05-30 05:44:55');
insert into rating (user_id, content, rating, time) values (40, 240, 'upvote', '2019-11-10 18:57:36');
insert into rating (user_id, content, rating, time) values (94, 271, 'downvote', '2019-11-01 10:42:17');
insert into rating (user_id, content, rating, time) values (6, 15, 'upvote', '2020-02-28 19:32:56');
insert into rating (user_id, content, rating, time) values (50, 91, 'upvote', '2019-07-25 23:01:01');
insert into rating (user_id, content, rating, time) values (61, 129, 'downvote', '2019-04-02 11:29:19');
insert into rating (user_id, content, rating, time) values (14, 44, 'upvote', '2020-02-08 14:39:47');
insert into rating (user_id, content, rating, time) values (64, 274, 'upvote', '2019-07-06 00:19:59');
insert into rating (user_id, content, rating, time) values (90, 84, 'upvote', '2019-04-07 09:15:11');
insert into rating (user_id, content, rating, time) values (44, 354, 'downvote', '2019-06-02 22:17:07');
insert into rating (user_id, content, rating, time) values (16, 296, 'downvote', '2019-12-13 08:58:11');
insert into rating (user_id, content, rating, time) values (61, 316, 'upvote', '2019-06-29 23:19:00');
insert into rating (user_id, content, rating, time) values (62, 299, 'downvote', '2019-09-03 03:52:58');
insert into rating (user_id, content, rating, time) values (37, 292, 'downvote', '2019-07-31 16:44:40');
insert into rating (user_id, content, rating, time) values (77, 348, 'downvote', '2019-05-27 06:27:18');
insert into rating (user_id, content, rating, time) values (89, 2, 'downvote', '2019-07-30 23:59:22');
insert into rating (user_id, content, rating, time) values (36, 159, 'downvote', '2019-06-17 17:31:00');
insert into rating (user_id, content, rating, time) values (45, 152, 'upvote', '2019-12-23 04:39:43');
insert into rating (user_id, content, rating, time) values (86, 80, 'downvote', '2019-04-09 17:06:41');
insert into rating (user_id, content, rating, time) values (36, 108, 'downvote', '2019-11-20 21:36:55');
insert into rating (user_id, content, rating, time) values (6, 77, 'downvote', '2019-05-26 09:45:08');
insert into rating (user_id, content, rating, time) values (81, 265, 'downvote', '2019-11-20 08:17:18');
insert into rating (user_id, content, rating, time) values (75, 28, 'downvote', '2019-04-07 16:50:58');
insert into rating (user_id, content, rating, time) values (30, 286, 'upvote', '2019-07-14 22:55:42');
insert into rating (user_id, content, rating, time) values (97, 15, 'upvote', '2019-10-31 12:53:01');
insert into rating (user_id, content, rating, time) values (63, 324, 'upvote', '2019-11-09 03:26:01');
insert into rating (user_id, content, rating, time) values (10, 178, 'downvote', '2019-07-05 12:46:53');
insert into rating (user_id, content, rating, time) values (11, 111, 'upvote', '2019-09-18 15:19:35');
insert into rating (user_id, content, rating, time) values (93, 111, 'downvote', '2019-11-29 02:25:37');
insert into rating (user_id, content, rating, time) values (66, 76, 'upvote', '2020-01-23 04:51:38');
insert into rating (user_id, content, rating, time) values (76, 17, 'downvote', '2019-08-23 09:06:07');
insert into rating (user_id, content, rating, time) values (67, 152, 'downvote', '2019-10-05 11:44:40');
insert into rating (user_id, content, rating, time) values (92, 253, 'downvote', '2019-08-12 13:48:55');
insert into rating (user_id, content, rating, time) values (34, 365, 'downvote', '2019-05-09 07:06:02');
insert into rating (user_id, content, rating, time) values (33, 91, 'downvote', '2019-03-28 03:12:24');
insert into rating (user_id, content, rating, time) values (77, 331, 'upvote', '2019-04-28 02:11:01');
insert into rating (user_id, content, rating, time) values (55, 121, 'downvote', '2020-02-25 07:42:58');
insert into rating (user_id, content, rating, time) values (80, 228, 'downvote', '2019-09-08 05:46:07');
insert into rating (user_id, content, rating, time) values (95, 241, 'upvote', '2019-06-27 06:06:47');
insert into rating (user_id, content, rating, time) values (18, 234, 'downvote', '2019-04-23 20:11:32');
insert into rating (user_id, content, rating, time) values (64, 395, 'upvote', '2019-06-15 05:58:07');
insert into rating (user_id, content, rating, time) values (92, 141, 'downvote', '2020-01-27 10:29:11');
insert into rating (user_id, content, rating, time) values (93, 285, 'upvote', '2019-03-28 07:23:01');
insert into rating (user_id, content, rating, time) values (4, 293, 'downvote', '2019-09-18 21:45:56');
insert into rating (user_id, content, rating, time) values (96, 384, 'upvote', '2019-09-28 17:11:08');
insert into rating (user_id, content, rating, time) values (50, 180, 'downvote', '2019-11-15 21:01:51');
insert into rating (user_id, content, rating, time) values (22, 162, 'upvote', '2019-07-20 20:19:24');
insert into rating (user_id, content, rating, time) values (67, 16, 'upvote', '2019-10-04 03:51:36');
insert into rating (user_id, content, rating, time) values (16, 270, 'upvote', '2019-06-10 09:30:36');
insert into rating (user_id, content, rating, time) values (5, 99, 'downvote', '2019-05-03 10:52:05');
insert into rating (user_id, content, rating, time) values (92, 391, 'downvote', '2019-09-06 00:19:40');
insert into rating (user_id, content, rating, time) values (59, 181, 'upvote', '2020-01-07 06:09:27');
insert into rating (user_id, content, rating, time) values (38, 246, 'downvote', '2019-06-23 19:53:56');
insert into rating (user_id, content, rating, time) values (66, 355, 'upvote', '2019-09-20 20:03:01');
insert into rating (user_id, content, rating, time) values (11, 348, 'downvote', '2019-06-08 03:22:46');
insert into rating (user_id, content, rating, time) values (11, 106, 'downvote', '2019-12-21 13:05:53');
insert into rating (user_id, content, rating, time) values (40, 235, 'upvote', '2019-10-09 12:18:44');
insert into rating (user_id, content, rating, time) values (68, 372, 'downvote', '2020-03-13 23:24:16');
insert into rating (user_id, content, rating, time) values (65, 135, 'downvote', '2019-07-06 20:06:46');
insert into rating (user_id, content, rating, time) values (33, 303, 'upvote', '2019-08-02 02:02:32');
insert into rating (user_id, content, rating, time) values (1, 366, 'upvote', '2019-07-01 13:06:32');
insert into rating (user_id, content, rating, time) values (14, 240, 'downvote', '2019-11-15 23:48:46');
insert into rating (user_id, content, rating, time) values (48, 321, 'downvote', '2019-04-20 17:04:08');
insert into rating (user_id, content, rating, time) values (12, 80, 'upvote', '2020-01-16 06:41:32');
insert into rating (user_id, content, rating, time) values (39, 359, 'upvote', '2020-03-19 02:45:42');
insert into rating (user_id, content, rating, time) values (77, 212, 'upvote', '2020-01-30 14:45:18');
insert into rating (user_id, content, rating, time) values (3, 67, 'upvote', '2019-07-25 21:53:54');
insert into rating (user_id, content, rating, time) values (7, 289, 'downvote', '2019-08-04 19:13:07');
insert into rating (user_id, content, rating, time) values (68, 195, 'downvote', '2019-04-22 07:59:54');
insert into rating (user_id, content, rating, time) values (43, 247, 'upvote', '2020-03-07 02:50:22');
insert into rating (user_id, content, rating, time) values (40, 310, 'downvote', '2019-09-13 01:45:00');
insert into rating (user_id, content, rating, time) values (14, 138, 'downvote', '2019-06-21 08:34:13');
insert into rating (user_id, content, rating, time) values (70, 374, 'upvote', '2019-05-05 12:17:19');
insert into rating (user_id, content, rating, time) values (52, 100, 'downvote', '2019-10-04 21:44:04');
insert into rating (user_id, content, rating, time) values (56, 62, 'upvote', '2019-04-12 08:39:08');
insert into rating (user_id, content, rating, time) values (66, 134, 'upvote', '2019-10-22 06:58:05');
insert into rating (user_id, content, rating, time) values (2, 281, 'upvote', '2019-12-30 13:12:44');
insert into rating (user_id, content, rating, time) values (55, 183, 'downvote', '2020-02-24 18:37:11');
insert into rating (user_id, content, rating, time) values (78, 338, 'upvote', '2019-08-05 01:53:31');
insert into rating (user_id, content, rating, time) values (65, 56, 'downvote', '2019-12-15 02:42:09');
insert into rating (user_id, content, rating, time) values (15, 299, 'upvote', '2019-08-08 09:11:47');
insert into rating (user_id, content, rating, time) values (95, 198, 'upvote', '2019-07-26 06:45:36');
insert into rating (user_id, content, rating, time) values (40, 105, 'upvote', '2019-04-26 08:07:47');
insert into rating (user_id, content, rating, time) values (20, 317, 'downvote', '2019-07-22 16:16:39');
insert into rating (user_id, content, rating, time) values (45, 53, 'upvote', '2020-03-16 19:24:08');
insert into rating (user_id, content, rating, time) values (14, 345, 'downvote', '2020-03-28 00:43:10');
insert into rating (user_id, content, rating, time) values (84, 10, 'upvote', '2019-05-12 21:09:26');
insert into rating (user_id, content, rating, time) values (81, 341, 'upvote', '2020-01-23 12:52:43');
insert into rating (user_id, content, rating, time) values (93, 118, 'upvote', '2019-12-04 13:20:38');
insert into rating (user_id, content, rating, time) values (92, 249, 'upvote', '2019-06-13 05:02:39');
insert into rating (user_id, content, rating, time) values (89, 13, 'downvote', '2020-03-27 21:25:58');
insert into rating (user_id, content, rating, time) values (44, 183, 'downvote', '2019-12-20 10:27:41');
insert into rating (user_id, content, rating, time) values (68, 393, 'upvote', '2019-08-05 19:51:29');
insert into rating (user_id, content, rating, time) values (92, 288, 'downvote', '2019-06-28 16:47:27');
insert into rating (user_id, content, rating, time) values (54, 88, 'downvote', '2019-12-17 23:16:35');
insert into rating (user_id, content, rating, time) values (22, 204, 'downvote', '2020-01-26 11:22:00');
insert into rating (user_id, content, rating, time) values (59, 58, 'upvote', '2019-08-21 12:53:21');
insert into rating (user_id, content, rating, time) values (45, 72, 'upvote', '2019-09-16 19:54:44');
insert into rating (user_id, content, rating, time) values (91, 53, 'downvote', '2020-02-12 03:28:53');
insert into rating (user_id, content, rating, time) values (85, 87, 'downvote', '2019-06-17 23:38:53');
insert into rating (user_id, content, rating, time) values (61, 69, 'upvote', '2019-04-03 20:50:57');
insert into rating (user_id, content, rating, time) values (89, 140, 'upvote', '2019-10-16 18:28:56');
insert into rating (user_id, content, rating, time) values (94, 8, 'downvote', '2019-11-19 23:42:42');
insert into rating (user_id, content, rating, time) values (97, 259, 'upvote', '2019-11-28 00:05:26');
insert into rating (user_id, content, rating, time) values (74, 205, 'downvote', '2019-09-27 09:51:34');
insert into rating (user_id, content, rating, time) values (23, 172, 'upvote', '2019-10-28 02:49:29');
insert into rating (user_id, content, rating, time) values (17, 200, 'downvote', '2019-08-17 16:34:10');
insert into rating (user_id, content, rating, time) values (73, 257, 'upvote', '2020-03-21 10:23:51');
insert into rating (user_id, content, rating, time) values (40, 199, 'upvote', '2019-04-19 05:09:33');
insert into rating (user_id, content, rating, time) values (1, 368, 'upvote', '2019-04-04 07:41:27');
insert into rating (user_id, content, rating, time) values (80, 283, 'downvote', '2019-11-03 08:09:09');
insert into rating (user_id, content, rating, time) values (77, 343, 'downvote', '2019-04-24 18:12:16');
insert into rating (user_id, content, rating, time) values (82, 168, 'upvote', '2019-06-01 09:44:57');
insert into rating (user_id, content, rating, time) values (20, 182, 'upvote', '2020-01-14 02:10:03');
insert into rating (user_id, content, rating, time) values (88, 98, 'upvote', '2019-04-28 07:55:37');
insert into rating (user_id, content, rating, time) values (10, 161, 'upvote', '2019-12-04 21:02:52');
insert into rating (user_id, content, rating, time) values (39, 155, 'upvote', '2020-01-20 08:15:57');
insert into rating (user_id, content, rating, time) values (25, 326, 'downvote', '2019-08-30 06:46:26');
insert into rating (user_id, content, rating, time) values (89, 194, 'downvote', '2019-04-06 06:35:13');


-- insert report_file (20)
insert into report_file (id, content, reviewer) values (1, 1, 18);
insert into report_file (id, content, reviewer) values (2, 2, 10);
insert into report_file (id, content, reviewer) values (3, 3, null);
insert into report_file (id, content, reviewer) values (4, 4, null);
insert into report_file (id, content, reviewer) values (5, 5, 12);
insert into report_file (id, content, reviewer) values (6, 6, null);
insert into report_file (id, content, reviewer) values (7, 7, 15);
insert into report_file (id, content, reviewer) values (8, 8, 10);
insert into report_file (id, content, reviewer) values (9, 9, 13);
insert into report_file (id, content, reviewer) values (10, 10, 12);
insert into report_file (id, content, reviewer) values (11, 11, 19);
insert into report_file (id, content, reviewer) values (12, 12, 14);
insert into report_file (id, content, reviewer) values (13, 13, null);
insert into report_file (id, content, reviewer) values (14, 14, 17);
insert into report_file (id, content, reviewer) values (15, 15, 11);
insert into report_file (id, content, reviewer) values (16, 16, 17);
insert into report_file (id, content, reviewer) values (17, 17, null);
insert into report_file (id, content, reviewer) values (18, 18, null);
insert into report_file (id, content, reviewer) values (19, 19, 13);
insert into report_file (id, content, reviewer) values (20, 20, 14);

select setval('report_file_id_seq', 20);


-- insert reports (60)
insert into report (id, file, author, reason, time) values (1, 9, 16, 'Harassment', '2020-03-27 18:43:41');
insert into report (id, file, author, reason, time) values (2, 4, 31, 'Harmful', '2020-03-27 15:34:04');
insert into report (id, file, author, reason, time) values (3, 19, 53, 'Terrorism', '2020-03-27 15:27:08');
insert into report (id, file, author, reason, time) values (4, 11, 77, 'Wrong Category', '2020-03-27 00:40:43');
insert into report (id, file, author, reason, time) values (5, 11, 11, 'Harassment', '2020-03-27 04:21:55');
insert into report (id, file, author, reason, time) values (6, 15, 28, 'Offensive', '2020-03-27 16:22:48');
insert into report (id, file, author, reason, time) values (7, 19, 18, 'Sexually Explicit', '2020-03-27 22:45:32');
insert into report (id, file, author, reason, time) values (8, 9, 81, 'Violent', '2020-03-27 20:20:41');
insert into report (id, file, author, reason, time) values (9, 9, 93, 'Harmful', '2020-03-27 04:54:43');
insert into report (id, file, author, reason, time) values (10, 19, 28, 'Violent', '2020-03-27 06:06:47');
insert into report (id, file, author, reason, time) values (11, 11, 11, 'Spam', '2020-03-27 03:14:47');
insert into report (id, file, author, reason, time) values (12, 19, 97, 'Harmful', '2020-03-27 06:20:56');
insert into report (id, file, author, reason, time) values (13, 6, 1, 'Spam', '2020-03-27 02:18:52');
insert into report (id, file, author, reason, time) values (14, 19, 40, 'Violent', '2020-03-27 22:50:19');
insert into report (id, file, author, reason, time) values (15, 13, 62, 'Wrong Category', '2020-03-27 12:21:42');
insert into report (id, file, author, reason, time) values (16, 19, 79, 'Sexually Explicit', '2020-03-27 04:45:18');
insert into report (id, file, author, reason, time) values (17, 13, 100, 'Offensive', '2020-03-27 12:43:33');
insert into report (id, file, author, reason, time) values (18, 17, 84, 'Spam', '2020-03-27 19:11:26');
insert into report (id, file, author, reason, time) values (19, 1, 43, 'Wrong Category', '2020-03-27 20:56:33');
insert into report (id, file, author, reason, time) values (20, 8, 97, 'Harmful', '2020-03-27 21:39:34');
insert into report (id, file, author, reason, time) values (21, 8, 90, 'Repulsive', '2020-03-27 20:38:10');
insert into report (id, file, author, reason, time) values (22, 18, 15, 'Violent', '2020-03-27 08:10:41');
insert into report (id, file, author, reason, time) values (23, 12, 76, 'Spam', '2020-03-27 09:15:11');
insert into report (id, file, author, reason, time) values (24, 8, 47, 'Spam', '2020-03-27 04:53:48');
insert into report (id, file, author, reason, time) values (25, 13, 22, 'Sexually Explicit', '2020-03-27 03:01:13');
insert into report (id, file, author, reason, time) values (26, 12, 35, 'Repulsive', '2020-03-27 05:57:05');
insert into report (id, file, author, reason, time) values (27, 1, 77, 'Wrong Category', '2020-03-27 02:24:09');
insert into report (id, file, author, reason, time) values (28, 19, 14, 'Wrong Category', '2020-03-27 00:58:49');
insert into report (id, file, author, reason, time) values (29, 1, 20, 'Harmful', '2020-03-27 12:39:17');
insert into report (id, file, author, reason, time) values (30, 3, 29, 'Terrorism', '2020-03-27 04:27:41');
insert into report (id, file, author, reason, time) values (31, 14, 54, 'Harassment', '2020-03-27 01:33:46');
insert into report (id, file, author, reason, time) values (32, 14, 30, 'Harmful', '2020-03-27 15:22:29');
insert into report (id, file, author, reason, time) values (33, 4, 33, 'Harassment', '2020-03-27 03:45:49');
insert into report (id, file, author, reason, time) values (34, 16, 10, 'Offensive', '2020-03-27 13:00:52');
insert into report (id, file, author, reason, time) values (35, 16, 8, 'Sexually Explicit', '2020-03-27 15:25:34');
insert into report (id, file, author, reason, time) values (36, 3, 52, 'Sexually Explicit', '2020-03-27 06:55:32');
insert into report (id, file, author, reason, time) values (37, 7, 17, 'Harmful', '2020-03-27 00:24:29');
insert into report (id, file, author, reason, time) values (38, 6, 51, 'Harassment', '2020-03-27 15:17:13');
insert into report (id, file, author, reason, time) values (39, 6, 5, 'Repulsive', '2020-03-27 06:28:15');
insert into report (id, file, author, reason, time) values (40, 3, 36, 'Wrong Category', '2020-03-27 02:00:36');
insert into report (id, file, author, reason, time) values (41, 10, 84, 'Terrorism', '2020-03-27 10:25:29');
insert into report (id, file, author, reason, time) values (42, 9, 37, 'Harmful', '2020-03-27 03:51:43');
insert into report (id, file, author, reason, time) values (43, 13, 83, 'Harmful', '2020-03-27 01:46:47');
insert into report (id, file, author, reason, time) values (44, 12, 23, 'Violent', '2020-03-27 13:57:02');
insert into report (id, file, author, reason, time) values (45, 20, 28, 'Harassment', '2020-03-27 07:21:46');
insert into report (id, file, author, reason, time) values (46, 19, 39, 'Spam', '2020-03-27 10:30:14');
insert into report (id, file, author, reason, time) values (47, 6, 89, 'Wrong Category', '2020-03-27 11:55:19');
insert into report (id, file, author, reason, time) values (48, 18, 15, 'Harassment', '2020-03-27 07:34:51');
insert into report (id, file, author, reason, time) values (49, 11, 84, 'Terrorism', '2020-03-27 21:22:32');
insert into report (id, file, author, reason, time) values (50, 18, 10, 'Violent', '2020-03-27 10:46:23');
insert into report (id, file, author, reason, time) values (51, 20, 40, 'Terrorism', '2020-03-27 02:28:21');
insert into report (id, file, author, reason, time) values (52, 11, 65, 'Wrong Category', '2020-03-27 09:19:21');
insert into report (id, file, author, reason, time) values (53, 14, 50, 'Offensive', '2020-03-27 01:57:36');
insert into report (id, file, author, reason, time) values (54, 12, 85, 'Harassment', '2020-03-27 07:14:50');
insert into report (id, file, author, reason, time) values (55, 2, 64, 'Violent', '2020-03-27 00:27:10');
insert into report (id, file, author, reason, time) values (56, 12, 17, 'Offensive', '2020-03-27 05:20:23');
insert into report (id, file, author, reason, time) values (57, 5, 49, 'Spam', '2020-03-27 13:48:35');
insert into report (id, file, author, reason, time) values (58, 2, 53, 'Offensive', '2020-03-27 05:35:31');
insert into report (id, file, author, reason, time) values (59, 1, 88, 'Spam', '2020-03-27 06:00:34');
insert into report (id, file, author, reason, time) values (60, 1, 70, 'Harassment', '2020-03-27 12:03:23');

select setval('report_id_seq', 60);


-- insert contest (5)
insert into contest (id, report, justification, time) values (1, 11, 'Aenean auctor gravida sem. Praesent id massa id nisl venenatis lacinia. Aenean sit amet justo. Morbi ut odio.', '2020-03-29 16:27:53');
insert into contest (id, report, justification, time) values (2, 5, 'Praesent id massa id nisl venenatis lacinia. Aenean sit amet justo. Morbi ut odio. Cras mi pede, malesuada in, imperdiet et, commodo vulputate, justo. In blandit ultrices enim. Lorem ipsum dolor sit amet, consectetuer adipiscing elit. Proin interdum mauris non ligula pellentesque ultrices. Phasellus id sapien in sapien iaculis congue.', '2020-03-29 00:27:52');
insert into contest (id, report, justification, time) values (3, 15, 'Etiam justo. Etiam pretium iaculis justo. In hac habitasse platea dictumst. Etiam faucibus cursus urna. Ut tellus.', '2020-03-29 06:16:55');
insert into contest (id, report, justification, time) values (4, 2, 'Morbi vestibulum, velit id pretium iaculis, diam erat fermentum justo, nec condimentum neque sapien placerat ante. Nulla justo. Aliquam quis turpis eget elit sodales scelerisque. Mauris sit amet eros. Suspendisse accumsan tortor quis turpis. Sed ante.', '2020-03-29 09:32:45');
insert into contest (id, report, justification, time) values (5, 7, 'Praesent id massa id nisl venenatis lacinia. Aenean sit amet justo. Morbi ut odio. Cras mi pede, malesuada in, imperdiet et, commodo vulputate, justo. In blandit ultrices enim. Lorem ipsum dolor sit amet, consectetuer adipiscing elit. Proin interdum mauris non ligula pellentesque ultrices. Phasellus id sapien in sapien iaculis congue. Vivamus metus arcu, adipiscing molestie, hendrerit at, vulputate vitae, nisl.', '2020-03-29 07:14:02');

select setval('contest_id_seq', 5);


-- insert notifications
insert into notification (id, content, time, description, motive) values (1, 379, '2019-11-22 18:56:46', 'donec semper sapien a libero nam dui', 'Content Deleted');
insert into notification (id, content, time, description, motive) values (2, 94, '2019-07-04 21:57:03', 'proin at turpis a pede posuere nonummy integer non velit', 'Community Post');
insert into notification (id, content, time, description, motive) values (3, 347, '2019-08-21 04:18:45', 'in faucibus orci luctus et ultrices posuere cubilia', 'Content Deleted');
insert into notification (id, content, time, description, motive) values (4, 246, '2019-08-24 08:41:22', 'blandit non interdum in ante', 'Community Post');
insert into notification (id, content, time, description, motive) values (5, 348, '2019-10-13 23:29:40', 'pede posuere nonummy integer non velit donec diam', 'Block');
insert into notification (id, content, time, description, motive) values (6, 158, '2019-11-29 09:04:47', 'elit proin risus praesent lectus vestibulum quam sapien', 'Block');
insert into notification (id, content, time, description, motive) values (7, 190, '2020-03-16 03:31:28', 'maecenas tincidunt lacus at velit vivamus vel', 'Rating');
insert into notification (id, content, time, description, motive) values (8, 258, '2019-09-08 01:02:48', 'pretium iaculis justo in hac habitasse', 'Block');
insert into notification (id, content, time, description, motive) values (9, 168, '2020-02-15 03:54:19', 'pede ullamcorper augue a suscipit nulla elit ac nulla', 'Content Deleted');
insert into notification (id, content, time, description, motive) values (10, 275, '2019-07-02 05:33:35', 'blandit mi in porttitor pede justo', 'New Comment');
insert into notification (id, content, time, description, motive) values (11, 90, '2019-04-14 21:46:51', 'ullamcorper augue a suscipit nulla elit ac', 'New Comment');
insert into notification (id, content, time, description, motive) values (12, 396, '2019-10-18 13:05:08', 'proin interdum mauris non ligula pellentesque ultrices phasellus', 'New Comment');
insert into notification (id, content, time, description, motive) values (13, 2, '2019-04-25 17:25:47', 'in faucibus orci luctus et ultrices posuere cubilia', 'Content Deleted');
insert into notification (id, content, time, description, motive) values (14, 335, '2019-12-09 16:42:58', 'sit amet turpis elementum ligula', 'Community Post');
insert into notification (id, content, time, description, motive) values (15, 322, '2019-07-24 06:18:53', 'tellus in sagittis dui vel nisl duis ac nibh fusce', 'Content Deleted');
insert into notification (id, content, time, description, motive) values (16, 94, '2019-12-04 16:06:04', 'maecenas rhoncus aliquam lacus morbi quis', 'Community Post');
insert into notification (id, content, time, description, motive) values (17, 12, '2019-12-24 11:29:47', 'vitae quam suspendisse potenti nullam', 'Content Deleted');
insert into notification (id, content, time, description, motive) values (18, 130, '2019-06-06 11:20:05', 'donec ut mauris eget massa tempor convallis nulla', 'New Comment');
insert into notification (id, content, time, description, motive) values (19, 371, '2019-04-14 05:25:01', 'varius nulla facilisi cras non velit nec nisi vulputate nonummy', 'Community Post');
insert into notification (id, content, time, description, motive) values (20, 260, '2019-05-25 00:44:34', 'eros elementum pellentesque quisque porta volutpat erat quisque erat', 'Content Deleted');
insert into notification (id, content, time, description, motive) values (21, 20, '2020-03-22 15:06:00', 'aliquam convallis nunc proin at turpis a pede posuere nonummy', 'Block');
insert into notification (id, content, time, description, motive) values (22, 123, '2019-08-02 14:26:01', 'tellus nulla ut erat id mauris vulputate elementum nullam', 'New Comment');
insert into notification (id, content, time, description, motive) values (23, 346, '2020-02-13 10:06:04', 'orci luctus et ultrices posuere cubilia curae nulla', 'Rating');
insert into notification (id, content, time, description, motive) values (24, 335, '2019-04-07 23:43:23', 'felis donec semper sapien a', 'Community Post');
insert into notification (id, content, time, description, motive) values (25, 163, '2020-02-15 23:52:21', 'suscipit a feugiat et eros vestibulum ac est lacinia', 'Block');
insert into notification (id, content, time, description, motive) values (26, 30, '2019-06-28 10:20:58', 'lorem vitae mattis nibh ligula nec sem', 'Rating');
insert into notification (id, content, time, description, motive) values (27, 270, '2019-07-27 23:47:46', 'vel dapibus at diam nam tristique tortor', 'Block');
insert into notification (id, content, time, description, motive) values (28, 91, '2019-05-20 16:06:29', 'nulla ultrices aliquet maecenas leo odio condimentum id luctus', 'Rating');
insert into notification (id, content, time, description, motive) values (29, 47, '2019-11-24 08:21:04', 'tellus nisi eu orci mauris lacinia sapien quis libero', 'Block');
insert into notification (id, content, time, description, motive) values (30, 36, '2019-04-17 02:13:44', 'luctus nec molestie sed justo pellentesque viverra', 'Block');
insert into notification (id, content, time, description, motive) values (31, 376, '2019-10-11 00:48:22', 'tempor convallis nulla neque libero', 'Rating');
insert into notification (id, content, time, description, motive) values (32, 287, '2020-01-25 07:15:02', 'ac nibh fusce lacus purus aliquet at feugiat non pretium', 'Rating');
insert into notification (id, content, time, description, motive) values (33, 214, '2019-06-13 17:46:16', 'pede justo lacinia eget tincidunt eget tempus', 'Content Deleted');
insert into notification (id, content, time, description, motive) values (34, 183, '2019-07-02 03:34:17', 'pede ullamcorper augue a suscipit nulla', 'Community Post');
insert into notification (id, content, time, description, motive) values (35, 281, '2019-06-03 16:54:53', 'et magnis dis parturient montes nascetur', 'New Comment');
insert into notification (id, content, time, description, motive) values (36, 227, '2019-09-09 08:04:05', 'amet erat nulla tempus vivamus', 'Content Deleted');
insert into notification (id, content, time, description, motive) values (37, 276, '2019-05-09 19:32:33', 'pellentesque ultrices phasellus id sapien in', 'Block');
insert into notification (id, content, time, description, motive) values (38, 21, '2019-05-28 11:37:52', 'potenti cras in purus eu magna', 'Content Deleted');
insert into notification (id, content, time, description, motive) values (39, 227, '2019-05-24 18:03:24', 'elementum in hac habitasse platea dictumst morbi vestibulum velit id', 'Community Post');
insert into notification (id, content, time, description, motive) values (40, 181, '2019-11-16 17:02:52', 'nibh quisque id justo sit amet sapien', 'Community Post');
insert into notification (id, content, time, description, motive) values (41, 10, '2019-10-20 23:00:59', 'quam pharetra magna ac consequat', 'Community Post');
insert into notification (id, content, time, description, motive) values (42, 17, '2020-01-10 16:14:57', 'rhoncus dui vel sem sed sagittis nam congue risus semper', 'Block');
insert into notification (id, content, time, description, motive) values (43, 102, '2019-04-23 11:35:42', 'platea dictumst morbi vestibulum velit', 'Community Post');
insert into notification (id, content, time, description, motive) values (44, 39, '2019-12-10 14:22:43', 'suscipit a feugiat et eros vestibulum', 'Block');
insert into notification (id, content, time, description, motive) values (45, 171, '2019-12-24 13:01:57', 'proin leo odio porttitor id consequat in consequat ut', 'New Comment');
insert into notification (id, content, time, description, motive) values (46, 171, '2020-02-16 14:35:45', 'morbi a ipsum integer a nibh in quis', 'Rating');
insert into notification (id, content, time, description, motive) values (47, 350, '2019-10-14 19:22:01', 'ridiculus mus etiam vel augue vestibulum', 'Rating');
insert into notification (id, content, time, description, motive) values (48, 236, '2019-05-22 05:20:04', 'mattis odio donec vitae nisi nam ultrices libero non mattis', 'Rating');
insert into notification (id, content, time, description, motive) values (49, 187, '2020-03-03 10:10:33', 'eget rutrum at lorem integer tincidunt ante vel', 'New Comment');
insert into notification (id, content, time, description, motive) values (50, 186, '2019-05-03 07:41:35', 'augue vestibulum ante ipsum primis', 'Rating');
insert into notification (id, content, time, description, motive) values (51, 63, '2020-03-01 05:00:48', 'viverra dapibus nulla suscipit ligula in lacus', 'New Comment');
insert into notification (id, content, time, description, motive) values (52, 339, '2019-11-10 07:55:17', 'massa id lobortis convallis tortor risus dapibus augue vel', 'Content Deleted');
insert into notification (id, content, time, description, motive) values (53, 322, '2019-05-31 06:11:30', 'quis orci eget orci vehicula condimentum curabitur in libero', 'Content Deleted');
insert into notification (id, content, time, description, motive) values (54, 286, '2019-08-22 14:30:49', 'ut erat id mauris vulputate elementum', 'Content Deleted');
insert into notification (id, content, time, description, motive) values (55, 190, '2019-04-30 09:10:26', 'consequat varius integer ac leo pellentesque', 'Rating');
insert into notification (id, content, time, description, motive) values (56, 337, '2020-03-17 04:50:36', 'nullam orci pede venenatis non sodales sed tincidunt eu felis', 'Rating');
insert into notification (id, content, time, description, motive) values (57, 135, '2020-03-25 01:55:06', 'ut nunc vestibulum ante ipsum primis in', 'Content Deleted');
insert into notification (id, content, time, description, motive) values (58, 164, '2020-03-18 19:56:27', 'nunc nisl duis bibendum felis sed interdum venenatis turpis enim', 'Community Post');
insert into notification (id, content, time, description, motive) values (59, 222, '2019-12-12 15:52:36', 'cum sociis natoque penatibus et', 'Block');
insert into notification (id, content, time, description, motive) values (60, 168, '2019-09-17 15:28:18', 'ante vestibulum ante ipsum primis in faucibus orci luctus', 'Content Deleted');
insert into notification (id, content, time, description, motive) values (61, 92, '2019-08-05 20:22:18', 'amet nunc viverra dapibus nulla suscipit', 'Block');
insert into notification (id, content, time, description, motive) values (62, 107, '2020-01-27 05:35:58', 'curabitur in libero ut massa volutpat convallis morbi odio odio', 'New Comment');
insert into notification (id, content, time, description, motive) values (63, 129, '2019-10-13 14:51:57', 'convallis tortor risus dapibus augue', 'New Comment');
insert into notification (id, content, time, description, motive) values (64, 204, '2020-03-03 16:01:44', 'rutrum nulla tellus in sagittis dui', 'Community Post');
insert into notification (id, content, time, description, motive) values (65, 133, '2019-09-25 01:02:32', 'scelerisque quam turpis adipiscing lorem vitae', 'Content Deleted');
insert into notification (id, content, time, description, motive) values (66, 334, '2019-06-20 11:31:35', 'in tempor turpis nec euismod scelerisque quam turpis adipiscing', 'Content Deleted');
insert into notification (id, content, time, description, motive) values (67, 97, '2019-06-01 01:07:40', 'ac neque duis bibendum morbi non quam nec dui', 'Rating');
insert into notification (id, content, time, description, motive) values (68, 107, '2019-03-30 11:57:08', 'primis in faucibus orci luctus et ultrices posuere', 'Rating');
insert into notification (id, content, time, description, motive) values (69, 86, '2019-09-01 10:50:09', 'velit vivamus vel nulla eget eros elementum', 'Block');
insert into notification (id, content, time, description, motive) values (70, 369, '2019-12-14 03:54:45', 'habitasse platea dictumst morbi vestibulum', 'Community Post');
insert into notification (id, content, time, description, motive) values (71, 209, '2019-06-12 17:24:34', 'velit id pretium iaculis diam erat fermentum justo', 'Block');
insert into notification (id, content, time, description, motive) values (72, 95, '2020-01-17 12:18:35', 'primis in faucibus orci luctus et', 'Rating');
insert into notification (id, content, time, description, motive) values (73, 132, '2020-03-20 00:41:05', 'vestibulum aliquet ultrices erat tortor sollicitudin mi sit', 'Community Post');
insert into notification (id, content, time, description, motive) values (74, 182, '2019-09-02 11:17:06', 'vulputate vitae nisl aenean lectus pellentesque eget nunc', 'Block');
insert into notification (id, content, time, description, motive) values (75, 31, '2019-08-14 15:23:37', 'integer aliquet massa id lobortis convallis tortor', 'Rating');
insert into notification (id, content, time, description, motive) values (76, 351, '2019-12-26 03:50:29', 'consectetuer adipiscing elit proin risus praesent lectus vestibulum quam', 'Block');
insert into notification (id, content, time, description, motive) values (77, 189, '2020-01-30 06:12:05', 'diam erat fermentum justo nec condimentum neque', 'New Comment');
insert into notification (id, content, time, description, motive) values (78, 166, '2019-05-22 07:44:31', 'nam ultrices libero non mattis pulvinar nulla pede ullamcorper augue', 'Block');
insert into notification (id, content, time, description, motive) values (79, 138, '2019-11-19 16:59:35', 'justo pellentesque viverra pede ac diam cras pellentesque volutpat dui', 'New Comment');
insert into notification (id, content, time, description, motive) values (80, 273, '2019-04-20 13:15:35', 'sapien non mi integer ac neque', 'Rating');
insert into notification (id, content, time, description, motive) values (81, 209, '2019-10-20 06:59:34', 'tempor turpis nec euismod scelerisque quam turpis adipiscing lorem vitae', 'Community Post');
insert into notification (id, content, time, description, motive) values (82, 260, '2019-11-20 10:47:50', 'curabitur convallis duis consequat dui nec nisi volutpat eleifend donec', 'Block');
insert into notification (id, content, time, description, motive) values (83, 103, '2019-09-03 13:04:12', 'mauris vulputate elementum nullam varius nulla facilisi cras', 'Rating');
insert into notification (id, content, time, description, motive) values (84, 219, '2019-09-15 07:53:21', 'interdum mauris ullamcorper purus sit amet nulla quisque', 'Content Deleted');
insert into notification (id, content, time, description, motive) values (85, 179, '2020-03-24 09:04:35', 'curabitur gravida nisi at nibh in hac habitasse platea', 'Rating');
insert into notification (id, content, time, description, motive) values (86, 255, '2019-12-20 15:48:36', 'in quis justo maecenas rhoncus aliquam lacus morbi quis', 'Content Deleted');
insert into notification (id, content, time, description, motive) values (87, 327, '2020-01-02 23:29:49', 'vestibulum vestibulum ante ipsum primis in faucibus orci', 'Rating');
insert into notification (id, content, time, description, motive) values (88, 109, '2019-06-14 22:04:47', 'interdum venenatis turpis enim blandit mi', 'Content Deleted');
insert into notification (id, content, time, description, motive) values (89, 304, '2019-12-31 05:22:25', 'eu tincidunt in leo maecenas pulvinar lobortis est phasellus sit', 'Block');
insert into notification (id, content, time, description, motive) values (90, 113, '2019-10-05 11:13:21', 'semper porta volutpat quam pede lobortis ligula', 'New Comment');
insert into notification (id, content, time, description, motive) values (91, 83, '2020-01-16 18:08:41', 'erat tortor sollicitudin mi sit', 'New Comment');
insert into notification (id, content, time, description, motive) values (92, 4, '2019-08-29 09:50:47', 'hac habitasse platea dictumst aliquam augue quam sollicitudin', 'Rating');
insert into notification (id, content, time, description, motive) values (93, 262, '2019-08-07 02:39:50', 'vulputate ut ultrices vel augue', 'Community Post');
insert into notification (id, content, time, description, motive) values (94, 362, '2020-02-14 11:17:52', 'nunc purus phasellus in felis donec semper sapien a libero', 'Community Post');
insert into notification (id, content, time, description, motive) values (95, 323, '2020-03-06 12:47:55', 'mus etiam vel augue vestibulum rutrum rutrum neque', 'Block');
insert into notification (id, content, time, description, motive) values (96, 151, '2020-01-03 18:50:21', 'vestibulum ante ipsum primis in', 'Block');
insert into notification (id, content, time, description, motive) values (97, 202, '2020-03-04 20:39:40', 'luctus et ultrices posuere cubilia curae donec pharetra magna', 'Block');
insert into notification (id, content, time, description, motive) values (98, 397, '2019-08-01 21:24:34', 'ornare imperdiet sapien urna pretium nisl ut', 'Rating');
insert into notification (id, content, time, description, motive) values (99, 206, '2019-07-21 02:08:26', 'eu sapien cursus vestibulum proin eu mi', 'New Comment');
insert into notification (id, content, time, description, motive) values (100, 2, '2019-07-31 04:15:21', 'amet sapien dignissim vestibulum vestibulum ante ipsum primis in', 'Community Post');

select setval('notification_id_seq', 100);


-- insert user_notification
insert into user_notification (user_id, notification) values (39, 43);
insert into user_notification (user_id, notification) values (88, 59);
insert into user_notification (user_id, notification) values (95, 56);
insert into user_notification (user_id, notification) values (18, 74);
insert into user_notification (user_id, notification) values (54, 100);
insert into user_notification (user_id, notification) values (59, 58);
insert into user_notification (user_id, notification) values (54, 63);
insert into user_notification (user_id, notification) values (62, 6);
insert into user_notification (user_id, notification) values (71, 85);
insert into user_notification (user_id, notification) values (79, 72);
insert into user_notification (user_id, notification) values (7, 75);
insert into user_notification (user_id, notification) values (31, 16);
insert into user_notification (user_id, notification) values (80, 85);
insert into user_notification (user_id, notification) values (61, 21);
insert into user_notification (user_id, notification) values (70, 44);
insert into user_notification (user_id, notification) values (88, 23);
insert into user_notification (user_id, notification) values (39, 69);
insert into user_notification (user_id, notification) values (49, 82);
insert into user_notification (user_id, notification) values (60, 30);
insert into user_notification (user_id, notification) values (75, 61);
insert into user_notification (user_id, notification) values (86, 1);
insert into user_notification (user_id, notification) values (82, 44);
insert into user_notification (user_id, notification) values (49, 15);
insert into user_notification (user_id, notification) values (64, 65);
insert into user_notification (user_id, notification) values (42, 73);
insert into user_notification (user_id, notification) values (19, 61);
insert into user_notification (user_id, notification) values (97, 2);
insert into user_notification (user_id, notification) values (100, 100);
insert into user_notification (user_id, notification) values (60, 64);
insert into user_notification (user_id, notification) values (32, 41);
insert into user_notification (user_id, notification) values (66, 73);
insert into user_notification (user_id, notification) values (60, 31);
insert into user_notification (user_id, notification) values (83, 14);
insert into user_notification (user_id, notification) values (5, 53);
insert into user_notification (user_id, notification) values (49, 4);
insert into user_notification (user_id, notification) values (20, 51);
insert into user_notification (user_id, notification) values (5, 89);
insert into user_notification (user_id, notification) values (13, 20);
insert into user_notification (user_id, notification) values (35, 9);
insert into user_notification (user_id, notification) values (81, 40);
insert into user_notification (user_id, notification) values (14, 51);
insert into user_notification (user_id, notification) values (98, 48);
insert into user_notification (user_id, notification) values (6, 98);
insert into user_notification (user_id, notification) values (30, 75);
insert into user_notification (user_id, notification) values (2, 41);
insert into user_notification (user_id, notification) values (100, 78);
insert into user_notification (user_id, notification) values (93, 60);
insert into user_notification (user_id, notification) values (89, 18);
insert into user_notification (user_id, notification) values (65, 40);
insert into user_notification (user_id, notification) values (19, 54);
insert into user_notification (user_id, notification) values (43, 60);
insert into user_notification (user_id, notification) values (23, 74);
insert into user_notification (user_id, notification) values (90, 13);
insert into user_notification (user_id, notification) values (83, 93);
insert into user_notification (user_id, notification) values (30, 1);
insert into user_notification (user_id, notification) values (64, 60);
insert into user_notification (user_id, notification) values (61, 28);
insert into user_notification (user_id, notification) values (57, 49);
insert into user_notification (user_id, notification) values (4, 5);
insert into user_notification (user_id, notification) values (72, 26);
insert into user_notification (user_id, notification) values (9, 39);
insert into user_notification (user_id, notification) values (63, 81);
insert into user_notification (user_id, notification) values (11, 100);
insert into user_notification (user_id, notification) values (1, 7);
insert into user_notification (user_id, notification) values (77, 58);
insert into user_notification (user_id, notification) values (20, 52);
insert into user_notification (user_id, notification) values (23, 77);
insert into user_notification (user_id, notification) values (12, 83);
insert into user_notification (user_id, notification) values (29, 18);
insert into user_notification (user_id, notification) values (35, 46);
insert into user_notification (user_id, notification) values (59, 71);
insert into user_notification (user_id, notification) values (57, 84);
insert into user_notification (user_id, notification) values (60, 90);
insert into user_notification (user_id, notification) values (11, 37);
insert into user_notification (user_id, notification) values (57, 7);
insert into user_notification (user_id, notification) values (64, 77);
insert into user_notification (user_id, notification) values (98, 18);
insert into user_notification (user_id, notification) values (77, 24);
insert into user_notification (user_id, notification) values (63, 60);
insert into user_notification (user_id, notification) values (2, 35);
insert into user_notification (user_id, notification) values (44, 85);
insert into user_notification (user_id, notification) values (69, 89);
insert into user_notification (user_id, notification) values (75, 5);
insert into user_notification (user_id, notification) values (64, 41);
insert into user_notification (user_id, notification) values (62, 64);
insert into user_notification (user_id, notification) values (20, 26);
insert into user_notification (user_id, notification) values (50, 91);
insert into user_notification (user_id, notification) values (15, 98);
insert into user_notification (user_id, notification) values (13, 91);
insert into user_notification (user_id, notification) values (40, 98);
insert into user_notification (user_id, notification) values (30, 32);
insert into user_notification (user_id, notification) values (99, 33);
insert into user_notification (user_id, notification) values (96, 88);
insert into user_notification (user_id, notification) values (91, 32);
insert into user_notification (user_id, notification) values (13, 76);
insert into user_notification (user_id, notification) values (95, 100);
insert into user_notification (user_id, notification) values (100, 10);
insert into user_notification (user_id, notification) values (74, 62);
insert into user_notification (user_id, notification) values (76, 21);
insert into user_notification (user_id, notification) values (18, 93);